customer_id,customer_name,gender,age,city,region_id,signup_date,customer_segment
CUST-00001,Shreya Iyer,Female,39,Cuttack,REG-04,2023-02-25,Consumer
CUST-00002,Kabir Patel,Male,32,Raipur,REG-05,2024-05-31,Consumer
CUST-00003,Karan Nair,Male,41,Pune,REG-01,2023-12-24,Small Business
CUST-00004,Shreya Deshmukh,Female,50,Gurgaon,REG-02,2024-06-19,Corporate
CUST-00005,Sai Saxena,Male,31,Bangalore,REG-03,2024-12-03,Small Business
CUST-00006,Priyanka Shah,Female,31,Asansol,REG-04,2025-10-12,Corporate
CUST-00007,Advik Reddy,Male,51,Hyderabad,REG-03,2024-03-07,Consumer
CUST-00008,Aanya Kapoor,Female,42,Noida,REG-02,2023-04-18,Consumer
CUST-00009,Ishaan Kulkarni,Male,28,Asansol,REG-04,2024-04-23,Consumer
CUST-00010,Riya Nair,Female,39,Nagpur,REG-01,2023-01-25,Consumer
CUST-00011,Ira Malhotra,Female,28,Delhi,REG-02,2023-07-19,Small Business
CUST-00012,Preeti Mukherjee,Female,28,Coimbatore,REG-03,2024-11-17,Consumer
CUST-00013,Angel Kapoor,Female,36,Visakhapatnam,REG-03,2024-05-10,Corporate
CUST-00014,Anika Bhat,Female,18,Gurgaon,REG-02,2024-10-03,Consumer
CUST-00015,Simran Patel,Female,18,Pune,REG-01,2023-08-01,Consumer
CUST-00016,Manish Iyer,Male,27,Mumbai,REG-01,2023-02-18,Consumer
CUST-00017,Vikram Malhotra,Male,22,Indore,REG-05,2023-09-07,Consumer
CUST-00018,Karan Das,Male,37,Ahmedabad,REG-01,2023-08-16,Consumer
CUST-00019,Advaith Malhotra,Male,24,Bilaspur,REG-05,2025-07-17,Small Business
CUST-00020,Pranav Aggarwal,Male,18,Ujjain,REG-05,2024-10-24,Consumer
CUST-00021,Angel Menon,Female,50,Nagpur,REG-01,2024-11-12,Small Business
CUST-00022,Gaurav Nair,Male,31,Pune,REG-01,2025-10-04,Small Business
CUST-00023,Advik Kumar,Male,34,Chennai,REG-03,2023-10-22,Consumer
CUST-00024,Vikram Kapoor,Male,18,Nashik,REG-01,2024-06-14,Consumer
CUST-00025,Rahul Choudhury,Male,28,Nashik,REG-01,2023-02-08,Corporate
CUST-00026,Amit Sharma,Male,35,Bilaspur,REG-05,2025-03-10,Consumer
CUST-00027,Sunita Bose,Female,21,Visakhapatnam,REG-03,2025-09-06,Consumer
CUST-00028,Tanvi Saxena,Female,38,Cuttack,REG-04,2024-04-07,Consumer
CUST-00029,Simran Menon,Female,27,Mysore,REG-03,2024-11-13,Consumer
CUST-00030,Amit Kapoor,Male,30,Panaji,REG-01,2023-06-14,Corporate
CUST-00031,Diya Kapoor,Female,27,Mumbai,REG-01,2025-02-25,Consumer
CUST-00032,Advik Trivedi,Male,54,Panaji,REG-01,2025-09-23,Consumer
CUST-00033,Meera Gupta,Female,33,Surat,REG-01,2023-02-21,Consumer
CUST-00034,Riya Bose,Female,22,Vadodara,REG-01,2025-10-20,Consumer
CUST-00035,Avani Sharma,Female,43,Mumbai,REG-01,2024-11-22,Corporate
CUST-00036,Vihaan Gupta,Male,20,Howrah,REG-04,2025-07-27,Small Business
CUST-00037,Pooja Singh,Female,36,Patna,REG-04,2023-05-28,Consumer
CUST-00038,Amit Sharma,Male,18,Delhi,REG-02,2024-05-12,Consumer
CUST-00039,Sai Kapoor,Male,19,Vadodara,REG-01,2023-07-19,Consumer
CUST-00040,Rahul Patel,Male,36,Kolkata,REG-04,2023-08-22,Consumer
CUST-00041,Navya Patel,Female,42,Ranchi,REG-04,2024-11-21,Corporate
CUST-00042,Kavya Bose,Other,35,Gurgaon,REG-02,2024-10-20,Corporate
CUST-00043,Tanvi Verma,Female,32,Mysore,REG-03,2023-05-10,Consumer
CUST-00044,Pranav Kumar,Male,30,Cuttack,REG-04,2023-12-04,Consumer
CUST-00045,Aanya Singh,Female,18,Nagpur,REG-01,2023-11-20,Consumer
CUST-00046,Aarav Sharma,Male,26,Pune,REG-01,2024-08-04,Consumer
CUST-00047,Tanvi Kulkarni,Female,28,Patna,REG-04,2023-10-21,Consumer
CUST-00048,Kavya Reddy,Female,45,Gwalior,REG-05,2023-03-19,Consumer
CUST-00049,Priyanka Patel,Female,37,Coimbatore,REG-03,2024-12-13,Consumer
CUST-00050,Anika Mehta,Female,18,Guwahati,REG-06,2025-01-11,Corporate
CUST-00051,Aadhya Reddy,Other,37,Lucknow,REG-02,2024-07-20,Consumer
CUST-00052,Arjun Malhotra,Male,29,Jabalpur,REG-05,2025-10-15,Consumer
CUST-00053,Aanya Verma,Female,26,Coimbatore,REG-03,2024-03-05,Consumer
CUST-00054,Rajesh Trivedi,Male,40,Kolkata,REG-04,2023-08-02,Corporate
CUST-00055,Pari Kumar,Female,45,Ranchi,REG-04,2025-11-20,Consumer
CUST-00056,Meera Deshmukh,Female,44,Mysore,REG-03,2025-05-08,Consumer
CUST-00057,Myra Reddy,Female,24,Bhubaneswar,REG-04,2024-04-11,Consumer
CUST-00058,Preeti Gupta,Female,30,Lucknow,REG-02,2023-05-31,Consumer
CUST-00059,Abhishek Mukherjee,Male,37,Nashik,REG-01,2023-12-31,Consumer
CUST-00060,Manish Gupta,Male,44,Coimbatore,REG-03,2024-02-19,Consumer
CUST-00061,Rahul Verma,Male,28,Noida,REG-02,2025-08-11,Consumer
CUST-00062,Shaurya Reddy,Male,31,Gwalior,REG-05,2023-11-18,Corporate
CUST-00063,Priyanka Trivedi,Female,21,Surat,REG-01,2023-06-27,Consumer
CUST-00064,Preeti Gupta,Female,20,Visakhapatnam,REG-03,2024-07-25,Consumer
CUST-00065,Karan Reddy,Male,42,Nagpur,REG-01,2024-03-31,Corporate
CUST-00066,Ananya Shah,Female,48,Bangalore,REG-03,2025-05-05,Small Business
CUST-00067,Dhruv Choudhury,Male,33,Kolkata,REG-04,2025-05-21,Consumer
CUST-00068,Rajesh Aggarwal,Male,45,Ranchi,REG-04,2025-10-11,Consumer
CUST-00069,Saanvi Aggarwal,Female,37,Patna,REG-04,2023-09-29,Consumer
CUST-00070,Aditya Sharma,Male,26,Coimbatore,REG-03,2023-11-28,Consumer
CUST-00071,Meera Pillai,Female,37,Nashik,REG-01,2025-08-07,Corporate
CUST-00072,Ira Kumar,Female,50,Bhubaneswar,REG-04,2025-08-08,Consumer
CUST-00073,Amit Patel,Male,33,Jaipur,REG-02,2023-03-08,Consumer
CUST-00074,Anushka Das,Female,51,Kochi,REG-03,2023-06-15,Consumer
CUST-00075,Deepak Verma,Male,18,Mysore,REG-03,2023-04-16,Consumer
CUST-00076,Vikram Verma,Male,43,Gurgaon,REG-02,2023-05-18,Consumer
CUST-00077,Ananya Chopra,Female,34,Pune,REG-01,2025-09-06,Corporate
CUST-00078,Preeti Aggarwal,Female,30,Surat,REG-01,2024-10-18,Consumer
CUST-00079,Anand Mukherjee,Male,35,Noida,REG-02,2025-02-02,Consumer
CUST-00080,Kabir Pandey,Male,18,Vadodara,REG-01,2025-07-14,Consumer
CUST-00081,Anushka Saxena,Female,31,Guwahati,REG-06,2024-01-21,Corporate
CUST-00082,Aditya Bose,Male,37,Raipur,REG-05,2023-06-07,Consumer
CUST-00083,Suresh Singh,Male,50,Kochi,REG-03,2023-02-16,Consumer
CUST-00084,Pooja Shah,Female,28,Panaji,REG-01,2025-05-10,Consumer
CUST-00085,Diya Gupta,Female,25,Surat,REG-01,2025-11-30,Consumer
CUST-00086,Shaurya Kapoor,Male,28,Mysore,REG-03,2025-09-22,Consumer
CUST-00087,Simran Rao,Female,44,Chandigarh,REG-02,2023-09-28,Corporate
CUST-00088,Rajesh Nair,Male,37,Panaji,REG-01,2024-08-13,Corporate
CUST-00089,Atharv Iyer,Male,28,Gurgaon,REG-02,2023-11-26,Consumer
CUST-00090,Sai Pandey,Male,39,Howrah,REG-04,2023-11-11,Consumer
CUST-00091,Shaurya Pillai,Male,35,Vadodara,REG-01,2025-01-27,Consumer
CUST-00092,Aanya Malhotra,Female,44,Jaipur,REG-02,2023-10-30,Consumer
CUST-00093,Pari Rao,Female,26,Delhi,REG-02,2025-04-08,Small Business
CUST-00094,Avani Shah,Female,30,Delhi,REG-02,2025-11-05,Consumer
CUST-00095,Riya Trivedi,Female,29,Gurgaon,REG-02,2025-06-24,Consumer
CUST-00096,Dhruv Trivedi,Male,18,Pune,REG-01,2024-09-22,Consumer
CUST-00097,Navya Deshmukh,Female,37,Jaipur,REG-02,2023-04-23,Consumer
CUST-00098,Kabir Reddy,Male,36,Asansol,REG-04,2024-07-23,Consumer
CUST-00099,Karan Deshmukh,Male,34,Chennai,REG-03,2025-11-14,Consumer
CUST-00100,Vikram Das,Male,31,Bangalore,REG-03,2025-01-09,Consumer
CUST-00101,Kavya Joshi,Female,18,Delhi,REG-02,2024-08-05,Consumer
CUST-00102,Advaith Mishra,Male,29,Kochi,REG-03,2025-06-28,Corporate
CUST-00103,Advaith Iyer,Male,30,Nagpur,REG-01,2025-04-28,Consumer
CUST-00104,Aadhya Singh,Female,25,Nashik,REG-01,2024-11-17,Consumer
CUST-00105,Tanvi Bose,Female,32,Nagpur,REG-01,2024-07-13,Consumer
CUST-00106,Anushka Pillai,Female,38,Patna,REG-04,2024-02-13,Consumer
CUST-00107,Rohan Kulkarni,Male,54,Vadodara,REG-01,2024-09-14,Consumer
CUST-00108,Navya Sharma,Female,35,Patna,REG-04,2024-06-21,Consumer
CUST-00109,Deepika Kulkarni,Female,36,Vadodara,REG-01,2025-05-04,Consumer
CUST-00110,Deepika Reddy,Female,33,Vadodara,REG-01,2025-10-06,Small Business
CUST-00111,Manish Joshi,Male,18,Trivandrum,REG-03,2024-06-12,Consumer
CUST-00112,Suresh Pandey,Male,33,Mumbai,REG-01,2024-06-15,Consumer
CUST-00113,Shaurya Deshmukh,Male,34,Indore,REG-05,2025-01-01,Consumer
CUST-00114,Pranav Kapoor,Male,61,Raipur,REG-05,2023-04-10,Consumer
CUST-00115,Swati Patel,Female,31,Hyderabad,REG-03,2023-07-13,Consumer
CUST-00116,Shaurya Mishra,Male,37,Chandigarh,REG-02,2024-07-09,Consumer
CUST-00117,Aarohi Rao,Female,33,Hyderabad,REG-03,2023-01-27,Consumer
CUST-00118,Nikhil Kulkarni,Male,21,Gurgaon,REG-02,2023-07-29,Consumer
CUST-00119,Gaurav Gupta,Male,46,Cuttack,REG-04,2023-08-22,Consumer
CUST-00120,Aarohi Pandey,Female,42,Mumbai,REG-01,2025-09-09,Consumer
CUST-00121,Ananya Pandey,Female,42,Jaipur,REG-02,2023-12-19,Consumer
CUST-00122,Gaurav Mehta,Male,23,Ahmedabad,REG-01,2024-04-09,Consumer
CUST-00123,Aditya Mukherjee,Male,49,Asansol,REG-04,2023-08-17,Consumer
CUST-00124,Tanvi Mukherjee,Female,18,Pune,REG-01,2023-03-09,Corporate
CUST-00125,Vivaan Kulkarni,Male,40,Vadodara,REG-01,2023-03-30,Consumer
CUST-00126,Tanvi Mehta,Female,58,Cuttack,REG-04,2024-02-25,Consumer
CUST-00127,Anand Joshi,Male,23,Ahmedabad,REG-01,2024-07-22,Small Business
CUST-00128,Sai Mishra,Male,27,Kochi,REG-03,2025-10-31,Consumer
CUST-00129,Rahul Menon,Male,35,Surat,REG-01,2024-01-28,Small Business
CUST-00130,Nikhil Rao,Male,28,Pune,REG-01,2024-03-14,Small Business
CUST-00131,Riya Joshi,Female,18,Patna,REG-04,2025-06-19,Consumer
CUST-00132,Gaurav Joshi,Male,34,Imphal,REG-06,2024-03-14,Consumer
CUST-00133,Nikhil Chopra,Male,22,Pune,REG-01,2025-11-30,Consumer
CUST-00134,Anushka Iyer,Female,39,Bangalore,REG-03,2023-06-18,Consumer
CUST-00135,Ishaan Deshmukh,Male,23,Coimbatore,REG-03,2025-06-28,Consumer
CUST-00136,Karan Mukherjee,Male,51,Pune,REG-01,2025-09-01,Small Business
CUST-00137,Aarav Malhotra,Male,25,Chennai,REG-03,2025-03-22,Consumer
CUST-00138,Aadhya Mehta,Female,30,Nagpur,REG-01,2023-07-28,Corporate
CUST-00139,Pari Patel,Female,42,Lucknow,REG-02,2024-11-24,Consumer
CUST-00140,Ira Mehta,Female,20,Nagpur,REG-01,2025-10-19,Consumer
CUST-00141,Neha Pillai,Female,36,Kanpur,REG-02,2024-12-30,Consumer
CUST-00142,Ira Kulkarni,Female,48,Hyderabad,REG-03,2025-07-20,Consumer
CUST-00143,Dhruv Reddy,Male,18,Hyderabad,REG-03,2023-03-02,Consumer
CUST-00144,Aditya Kulkarni,Male,36,Hyderabad,REG-03,2025-02-22,Consumer
CUST-00145,Ishaan Das,Male,36,Chennai,REG-03,2025-11-30,Corporate
CUST-00146,Anika Iyer,Female,42,Visakhapatnam,REG-03,2025-10-30,Consumer
CUST-00147,Karan Rao,Male,20,Bangalore,REG-03,2025-05-31,Corporate
CUST-00148,Advaith Chopra,Male,19,Jabalpur,REG-05,2025-07-30,Consumer
CUST-00149,Anand Mishra,Male,39,Howrah,REG-04,2023-12-03,Consumer
CUST-00150,Suresh Bose,Male,37,Chennai,REG-03,2025-10-01,Consumer
CUST-00151,Neha Kulkarni,Female,36,Gurgaon,REG-02,2025-11-03,Consumer
CUST-00152,Rahul Bose,Male,37,Mysore,REG-03,2024-08-05,Consumer
CUST-00153,Vivaan Singh,Male,26,Raipur,REG-05,2023-02-25,Corporate
CUST-00154,Ira Mehta,Female,36,Jaipur,REG-02,2025-04-23,Consumer
CUST-00155,Navya Reddy,Female,37,Chennai,REG-03,2023-05-15,Corporate
CUST-00156,Sai Sharma,Male,26,Bangalore,REG-03,2025-08-01,Consumer
CUST-00157,Kabir Trivedi,Male,54,Delhi,REG-02,2025-08-19,Consumer
CUST-00158,Nikhil Pillai,Other,39,Noida,REG-02,2025-09-27,Consumer
CUST-00159,Myra Kulkarni,Female,20,Mysore,REG-03,2023-12-08,Consumer
CUST-00160,Pranav Gupta,Male,41,Chennai,REG-03,2024-03-14,Consumer
CUST-00161,Rahul Bose,Male,23,Cuttack,REG-04,2023-07-08,Consumer
CUST-00162,Neha Chopra,Female,42,Ludhiana,REG-02,2025-05-24,Consumer
CUST-00163,Deepika Pandey,Female,46,Chandigarh,REG-02,2025-06-05,Consumer
CUST-00164,Pranav Bose,Male,24,Nashik,REG-01,2024-01-05,Corporate
CUST-00165,Sneha Mishra,Female,44,Nashik,REG-01,2024-03-12,Consumer
CUST-00166,Avani Nair,Female,38,Gwalior,REG-05,2025-06-07,Small Business
CUST-00167,Aanya Bhat,Female,43,Nashik,REG-01,2023-10-30,Consumer
CUST-00168,Tanvi Iyer,Female,54,Jabalpur,REG-05,2024-10-14,Corporate
CUST-00169,Deepika Gupta,Female,31,Raipur,REG-05,2024-08-10,Consumer
CUST-00170,Vikram Reddy,Male,25,Noida,REG-02,2023-11-04,Consumer
CUST-00171,Gaurav Iyer,Male,24,Kanpur,REG-02,2025-05-14,Consumer
CUST-00172,Sai Nair,Male,25,Vadodara,REG-01,2024-07-22,Consumer
CUST-00173,Karan Verma,Male,33,Imphal,REG-06,2023-02-10,Consumer
CUST-00174,Myra Das,Female,37,Noida,REG-02,2025-04-13,Corporate
CUST-00175,Sunita Patel,Female,37,Gurgaon,REG-02,2024-04-28,Consumer
CUST-00176,Swati Mehta,Female,43,Coimbatore,REG-03,2025-10-13,Corporate
CUST-00177,Vihaan Menon,Male,34,Bhubaneswar,REG-04,2025-03-09,Corporate
CUST-00178,Swati Mukherjee,Female,49,Pune,REG-01,2023-12-25,Consumer
CUST-00179,Pranav Nair,Male,31,Bhopal,REG-05,2025-10-01,Consumer
CUST-00180,Aarohi Chopra,Female,63,Visakhapatnam,REG-03,2024-05-19,Small Business
CUST-00181,Swati Singh,Female,40,Jaipur,REG-02,2024-09-23,Consumer
CUST-00182,Priyanka Verma,Female,24,Bilaspur,REG-05,2023-04-22,Consumer
CUST-00183,Navya Nair,Female,22,Coimbatore,REG-03,2025-01-13,Small Business
CUST-00184,Pooja Mishra,Female,39,Nashik,REG-01,2025-03-06,Consumer
CUST-00185,Swati Shah,Female,31,Noida,REG-02,2024-04-27,Consumer
CUST-00186,Pari Shah,Female,41,Jaipur,REG-02,2025-04-12,Corporate
CUST-00187,Aditya Pandey,Male,39,Ranchi,REG-04,2025-08-22,Corporate
CUST-00188,Myra Aggarwal,Female,33,Noida,REG-02,2023-11-25,Consumer
CUST-00189,Atharv Mukherjee,Male,24,Mysore,REG-03,2025-07-17,Consumer
CUST-00190,Deepika Kapoor,Female,18,Nashik,REG-01,2023-10-06,Consumer
CUST-00191,Ishaan Chopra,Male,29,Chennai,REG-03,2023-11-20,Consumer
CUST-00192,Tanvi Pandey,Female,43,Hyderabad,REG-03,2025-04-20,Corporate
CUST-00193,Dhruv Mishra,Male,36,Bhubaneswar,REG-04,2023-12-22,Consumer
CUST-00194,Aditi Iyer,Female,20,Nagpur,REG-01,2025-01-22,Consumer
CUST-00195,Simran Trivedi,Female,35,Bangalore,REG-03,2023-02-17,Small Business
CUST-00196,Deepika Reddy,Female,38,Jabalpur,REG-05,2024-02-11,Consumer
CUST-00197,Aanya Bose,Female,24,Coimbatore,REG-03,2023-11-02,Consumer
CUST-00198,Rahul Mehta,Male,35,Nagpur,REG-01,2025-07-18,Corporate
CUST-00199,Ayaan Aggarwal,Male,34,Vadodara,REG-01,2024-08-12,Corporate
CUST-00200,Pranav Mishra,Male,21,Surat,REG-01,2024-08-02,Corporate
CUST-00201,Sai Mukherjee,Male,37,Kolkata,REG-04,2024-08-17,Small Business
CUST-00202,Advaith Shah,Male,40,Nashik,REG-01,2023-06-25,Consumer
CUST-00203,Shaurya Aggarwal,Male,45,Lucknow,REG-02,2025-02-24,Consumer
CUST-00204,Angel Patel,Female,45,Mumbai,REG-01,2023-04-17,Consumer
CUST-00205,Deepak Joshi,Male,18,Dibrugarh,REG-06,2023-04-04,Consumer
CUST-00206,Advik Iyer,Male,23,Dibrugarh,REG-06,2025-01-29,Consumer
CUST-00207,Aanya Pillai,Female,39,Ahmedabad,REG-01,2025-10-28,Consumer
CUST-00208,Advaith Singh,Male,39,Nagpur,REG-01,2023-10-18,Consumer
CUST-00209,Arjun Kulkarni,Male,39,Ujjain,REG-05,2024-07-29,Corporate
CUST-00210,Diya Trivedi,Female,72,Gwalior,REG-05,2024-06-24,Consumer
CUST-00211,Sai Chopra,Male,40,Ranchi,REG-04,2023-11-06,Consumer
CUST-00212,Deepika Saxena,Female,46,Lucknow,REG-02,2023-11-01,Consumer
CUST-00213,Dhruv Nair,Male,44,Nashik,REG-01,2025-06-12,Consumer
CUST-00214,Riya Verma,Female,41,Ludhiana,REG-02,2025-07-26,Consumer
CUST-00215,Preeti Singh,Female,30,Pune,REG-01,2024-02-22,Corporate
CUST-00216,Sai Choudhury,Male,42,Coimbatore,REG-03,2024-03-10,Consumer
CUST-00217,Sneha Menon,Female,25,Trivandrum,REG-03,2023-06-07,Consumer
CUST-00218,Vihaan Trivedi,Male,31,Chandigarh,REG-02,2023-09-07,Consumer
CUST-00219,Aarohi Pandey,Female,28,Delhi,REG-02,2023-06-16,Consumer
CUST-00220,Riya Deshmukh,Female,34,Coimbatore,REG-03,2023-01-12,Consumer
CUST-00221,Vikram Deshmukh,Male,59,Gurgaon,REG-02,2024-03-08,Corporate
CUST-00222,Diya Chopra,Female,18,Howrah,REG-04,2023-05-25,Consumer
CUST-00223,Aadhya Bose,Female,41,Lucknow,REG-02,2025-03-27,Consumer
CUST-00224,Pari Bose,Female,18,Bhubaneswar,REG-04,2023-11-12,Consumer
CUST-00225,Pranav Choudhury,Male,28,Bhubaneswar,REG-04,2023-09-26,Consumer
CUST-00226,Atharv Bhat,Male,45,Nashik,REG-01,2025-03-05,Consumer
CUST-00227,Kavya Patel,Female,34,Asansol,REG-04,2025-01-24,Consumer
CUST-00228,Pranav Patel,Male,22,Panaji,REG-01,2025-08-07,Consumer
CUST-00229,Anushka Singh,Female,26,Gwalior,REG-05,2023-06-21,Consumer
CUST-00230,Deepak Saxena,Male,41,Hyderabad,REG-03,2023-09-19,Consumer
CUST-00231,Ayaan Bhat,Male,25,Delhi,REG-02,2023-06-06,Small Business
CUST-00232,Kabir Mukherjee,Male,36,Ludhiana,REG-02,2024-06-02,Consumer
CUST-00233,Tanvi Bhat,Female,34,Nashik,REG-01,2024-01-03,Corporate
CUST-00234,Aanya Patel,Female,26,Chandigarh,REG-02,2024-10-04,Consumer
CUST-00235,Anand Deshmukh,Male,57,Coimbatore,REG-03,2024-11-30,Small Business
CUST-00236,Pari Gupta,Female,40,Vadodara,REG-01,2023-08-06,Consumer
CUST-00237,Advik Mehta,Male,18,Nashik,REG-01,2025-07-31,Consumer
CUST-00238,Meera Das,Female,36,Bhubaneswar,REG-04,2025-01-08,Consumer
CUST-00239,Shreya Bose,Female,26,Kolkata,REG-04,2023-09-14,Consumer
CUST-00240,Gaurav Sharma,Male,43,Patna,REG-04,2023-02-24,Consumer
CUST-00241,Deepika Reddy,Female,25,Lucknow,REG-02,2023-06-26,Consumer
CUST-00242,Dhruv Mukherjee,Male,32,Ahmedabad,REG-01,2023-11-09,Corporate
CUST-00243,Dhruv Kulkarni,Male,39,Nashik,REG-01,2024-05-11,Consumer
CUST-00244,Simran Bose,Female,43,Mumbai,REG-01,2023-07-30,Consumer
CUST-00245,Kavya Mishra,Female,20,Coimbatore,REG-03,2023-03-17,Consumer
CUST-00246,Rahul Choudhury,Male,30,Visakhapatnam,REG-03,2024-04-19,Consumer
CUST-00247,Kavya Pillai,Female,28,Noida,REG-02,2024-07-02,Corporate
CUST-00248,Dhruv Mehta,Male,26,Mysore,REG-03,2025-07-07,Consumer
CUST-00249,Ishaan Choudhury,Male,53,Panaji,REG-01,2025-06-16,Consumer
CUST-00250,Deepak Malhotra,Male,38,Ludhiana,REG-02,2023-09-26,Corporate
CUST-00251,Ira Mukherjee,Female,20,Bilaspur,REG-05,2025-01-07,Corporate
CUST-00252,Preeti Kumar,Female,44,Coimbatore,REG-03,2023-06-26,Consumer
CUST-00253,Reyansh Kumar,Male,57,Chennai,REG-03,2025-05-01,Small Business
CUST-00254,Ayaan Gupta,Male,45,Bangalore,REG-03,2025-01-04,Corporate
CUST-00255,Sai Kumar,Male,18,Cuttack,REG-04,2023-03-07,Corporate
CUST-00256,Vihaan Das,Male,28,Surat,REG-01,2025-09-23,Consumer
CUST-00257,Atharv Menon,Male,47,Vadodara,REG-01,2023-11-06,Corporate
CUST-00258,Priyanka Malhotra,Female,26,Mumbai,REG-01,2025-06-15,Corporate
CUST-00259,Tanvi Mehta,Female,38,Silchar,REG-06,2023-07-28,Corporate
CUST-00260,Vihaan Kumar,Male,42,Kochi,REG-03,2025-01-10,Consumer
CUST-00261,Advaith Menon,Male,23,Chennai,REG-03,2023-11-12,Consumer
CUST-00262,Arjun Mehta,Male,33,Jabalpur,REG-05,2025-05-01,Corporate
CUST-00263,Gaurav Saxena,Male,18,Chandigarh,REG-02,2025-10-31,Consumer
CUST-00264,Suresh Menon,Male,22,Lucknow,REG-02,2023-11-07,Corporate
CUST-00265,Aditi Reddy,Female,31,Nagpur,REG-01,2025-04-26,Small Business
CUST-00266,Preeti Bhat,Female,20,Bhubaneswar,REG-04,2023-03-02,Consumer
CUST-00267,Anushka Saxena,Female,51,Chennai,REG-03,2023-06-23,Consumer
CUST-00268,Nikhil Kumar,Male,18,Kanpur,REG-02,2023-03-17,Consumer
CUST-00269,Sunita Pillai,Female,29,Vadodara,REG-01,2025-05-08,Consumer
CUST-00270,Pooja Mishra,Female,35,Jaipur,REG-02,2024-12-05,Consumer
CUST-00271,Kabir Das,Male,49,Bilaspur,REG-05,2025-04-07,Consumer
CUST-00272,Rohan Das,Male,18,Howrah,REG-04,2025-06-24,Consumer
CUST-00273,Aditi Kapoor,Female,46,Lucknow,REG-02,2024-09-09,Consumer
CUST-00274,Ira Choudhury,Female,34,Patna,REG-04,2024-08-04,Consumer
CUST-00275,Ishaan Bhat,Male,23,Gurgaon,REG-02,2023-02-17,Consumer
CUST-00276,Neha Nair,Female,39,Vadodara,REG-01,2025-05-15,Small Business
CUST-00277,Vivaan Pandey,Male,36,Jaipur,REG-02,2023-09-11,Consumer
CUST-00278,Aarohi Deshmukh,Female,27,Delhi,REG-02,2025-07-17,Consumer
CUST-00279,Manish Pillai,Male,34,Kochi,REG-03,2024-12-18,Consumer
CUST-00280,Simran Aggarwal,Female,29,Hyderabad,REG-03,2025-02-12,Consumer
CUST-00281,Shaurya Bhat,Male,35,Mysore,REG-03,2025-07-19,Consumer
CUST-00282,Simran Mukherjee,Female,41,Mumbai,REG-01,2025-05-20,Corporate
CUST-00283,Advaith Patel,Male,51,Kanpur,REG-02,2025-11-28,Corporate
CUST-00284,Neha Kulkarni,Female,20,Visakhapatnam,REG-03,2025-09-29,Corporate
CUST-00285,Sai Singh,Male,57,Visakhapatnam,REG-03,2025-07-26,Consumer
CUST-00286,Preeti Bhat,Female,18,Surat,REG-01,2025-07-21,Consumer
CUST-00287,Pooja Joshi,Female,32,Bhopal,REG-05,2025-04-16,Consumer
CUST-00288,Ishaan Verma,Male,40,Chennai,REG-03,2025-01-30,Consumer
CUST-00289,Ishaan Kulkarni,Male,37,Ahmedabad,REG-01,2023-10-19,Corporate
CUST-00290,Deepak Trivedi,Male,27,Chandigarh,REG-02,2024-03-17,Consumer
CUST-00291,Saanvi Mehta,Female,31,Chennai,REG-03,2023-04-02,Consumer
CUST-00292,Neha Deshmukh,Female,28,Ujjain,REG-05,2025-02-11,Consumer
CUST-00293,Priyanka Singh,Female,27,Cuttack,REG-04,2025-08-01,Corporate
CUST-00294,Ananya Mishra,Female,43,Kolkata,REG-04,2025-04-18,Consumer
CUST-00295,Myra Rao,Female,37,Nashik,REG-01,2024-07-22,Consumer
CUST-00296,Anushka Sharma,Female,26,Coimbatore,REG-03,2023-09-11,Consumer
CUST-00297,Vikram Rao,Male,43,Bangalore,REG-03,2024-01-23,Corporate
CUST-00298,Aarav Mehta,Male,37,Hyderabad,REG-03,2023-02-08,Consumer
CUST-00299,Gaurav Aggarwal,Male,42,Gwalior,REG-05,2025-06-28,Consumer
CUST-00300,Myra Bose,Female,40,Visakhapatnam,REG-03,2023-02-17,Consumer
CUST-00301,Aarav Mishra,Male,24,Trivandrum,REG-03,2024-06-10,Consumer
CUST-00302,Pooja Kumar,Female,27,Gurgaon,REG-02,2024-06-07,Corporate
CUST-00303,Pranav Malhotra,Male,42,Panaji,REG-01,2024-01-07,Consumer
CUST-00304,Advik Mehta,Male,40,Kanpur,REG-02,2024-10-25,Consumer
CUST-00305,Sunita Mehta,Female,33,Surat,REG-01,2024-04-29,Consumer
CUST-00306,Ira Mehta,Female,35,Jaipur,REG-02,2025-08-09,Consumer
CUST-00307,Aarav Mukherjee,Male,48,Bangalore,REG-03,2024-07-05,Consumer
CUST-00308,Aarohi Reddy,Female,27,Howrah,REG-04,2023-09-15,Consumer
CUST-00309,Aditya Mishra,Male,40,Kochi,REG-03,2023-10-19,Consumer
CUST-00310,Deepika Reddy,Other,31,Trivandrum,REG-03,2025-07-14,Consumer
CUST-00311,Simran Das,Female,31,Gurgaon,REG-02,2023-01-02,Consumer
CUST-00312,Angel Das,Female,46,Nagpur,REG-01,2024-12-20,Corporate
CUST-00313,Gaurav Bhat,Male,43,Gurgaon,REG-02,2023-05-24,Consumer
CUST-00314,Vihaan Pandey,Male,42,Vadodara,REG-01,2025-06-03,Consumer
CUST-00315,Rajesh Chopra,Male,48,Raipur,REG-05,2024-06-19,Small Business
CUST-00316,Angel Reddy,Female,34,Mysore,REG-03,2024-11-30,Consumer
CUST-00317,Myra Sharma,Female,41,Indore,REG-05,2023-01-05,Consumer
CUST-00318,Aarav Malhotra,Male,30,Nashik,REG-01,2025-03-15,Consumer
CUST-00319,Deepika Kapoor,Female,37,Mumbai,REG-01,2025-06-30,Consumer
CUST-00320,Gaurav Bose,Male,32,Bhubaneswar,REG-04,2025-03-03,Consumer
CUST-00321,Anushka Sharma,Female,35,Panaji,REG-01,2024-01-31,Consumer
CUST-00322,Aarav Menon,Male,40,Jaipur,REG-02,2024-01-28,Consumer
CUST-00323,Diya Saxena,Female,24,Patna,REG-04,2025-10-08,Small Business
CUST-00324,Dhruv Trivedi,Male,57,Cuttack,REG-04,2024-03-04,Consumer
CUST-00325,Myra Bose,Other,22,Vadodara,REG-01,2025-10-21,Consumer
CUST-00326,Shreya Choudhury,Female,20,Hyderabad,REG-03,2023-05-14,Consumer
CUST-00327,Ananya Nair,Female,46,Ujjain,REG-05,2024-04-11,Corporate
CUST-00328,Angel Gupta,Female,42,Bhopal,REG-05,2024-06-01,Consumer
CUST-00329,Saanvi Mukherjee,Female,40,Bangalore,REG-03,2024-10-23,Consumer
CUST-00330,Rohan Mehta,Other,40,Visakhapatnam,REG-03,2025-10-11,Consumer
CUST-00331,Sunita Choudhury,Female,33,Vadodara,REG-01,2025-05-10,Consumer
CUST-00332,Advik Gupta,Male,24,Delhi,REG-02,2024-04-07,Small Business
CUST-00333,Aditya Shah,Male,34,Ahmedabad,REG-01,2024-11-05,Consumer
CUST-00334,Aarohi Sharma,Female,26,Bangalore,REG-03,2024-11-15,Corporate
CUST-00335,Dhruv Reddy,Male,44,Guwahati,REG-06,2024-11-14,Consumer
CUST-00336,Aditya Menon,Male,32,Visakhapatnam,REG-03,2023-07-15,Consumer
CUST-00337,Aadhya Verma,Female,24,Jabalpur,REG-05,2024-10-03,Corporate
CUST-00338,Aditi Singh,Female,30,Nashik,REG-01,2023-04-23,Consumer
CUST-00339,Aadhya Mehta,Female,38,Bangalore,REG-03,2024-08-26,Corporate
CUST-00340,Vikram Menon,Male,27,Delhi,REG-02,2025-07-17,Consumer
CUST-00341,Sunita Das,Female,24,Mysore,REG-03,2023-02-23,Consumer
CUST-00342,Reyansh Mehta,Male,36,Pune,REG-01,2024-02-01,Small Business
CUST-00343,Kabir Nair,Male,36,Ludhiana,REG-02,2025-06-29,Consumer
CUST-00344,Vivaan Verma,Male,28,Nagpur,REG-01,2025-11-16,Small Business
CUST-00345,Diya Pillai,Female,28,Ujjain,REG-05,2023-10-26,Consumer
CUST-00346,Shaurya Iyer,Male,36,Delhi,REG-02,2025-11-26,Consumer
CUST-00347,Aanya Reddy,Female,18,Bangalore,REG-03,2025-05-14,Consumer
CUST-00348,Deepika Shah,Female,18,Pune,REG-01,2024-11-30,Consumer
CUST-00349,Suresh Deshmukh,Male,26,Mysore,REG-03,2024-11-18,Consumer
CUST-00350,Sai Mehta,Male,31,Delhi,REG-02,2025-10-12,Consumer
CUST-00351,Ayaan Aggarwal,Male,37,Surat,REG-01,2024-05-04,Consumer
CUST-00352,Simran Chopra,Female,50,Ranchi,REG-04,2024-02-25,Consumer
CUST-00353,Saanvi Joshi,Female,43,Panaji,REG-01,2023-03-03,Consumer
CUST-00354,Advaith Gupta,Male,32,Mysore,REG-03,2023-03-31,Small Business
CUST-00355,Ishaan Kumar,Male,33,Vadodara,REG-01,2023-12-23,Consumer
CUST-00356,Pari Gupta,Female,22,Vadodara,REG-01,2023-07-27,Consumer
CUST-00357,Ira Kapoor,Female,33,Kolkata,REG-04,2024-11-24,Small Business
CUST-00358,Ayaan Joshi,Male,30,Howrah,REG-04,2023-12-17,Small Business
CUST-00359,Priyanka Trivedi,Female,37,Noida,REG-02,2023-08-31,Consumer
CUST-00360,Aditi Gupta,Female,24,Nagpur,REG-01,2025-02-05,Consumer
CUST-00361,Amit Reddy,Male,39,Ujjain,REG-05,2024-01-23,Corporate
CUST-00362,Arjun Chopra,Male,50,Vadodara,REG-01,2023-09-16,Corporate
CUST-00363,Sunita Kulkarni,Female,32,Pune,REG-01,2025-08-21,Corporate
CUST-00364,Pari Bhat,Female,38,Jaipur,REG-02,2025-10-18,Consumer
CUST-00365,Suresh Joshi,Male,41,Visakhapatnam,REG-03,2025-10-10,Consumer
CUST-00366,Deepika Shah,Female,29,Howrah,REG-04,2023-03-16,Consumer
CUST-00367,Avani Mishra,Female,36,Surat,REG-01,2024-09-18,Consumer
CUST-00368,Sai Shah,Male,34,Raipur,REG-05,2023-06-23,Consumer
CUST-00369,Advaith Bhat,Male,35,Delhi,REG-02,2025-08-10,Consumer
CUST-00370,Advaith Deshmukh,Male,25,Jaipur,REG-02,2025-10-15,Consumer
CUST-00371,Sai Deshmukh,Male,34,Pune,REG-01,2025-01-05,Small Business
CUST-00372,Kabir Bhat,Male,39,Chennai,REG-03,2024-07-20,Small Business
CUST-00373,Aditya Joshi,Male,49,Surat,REG-01,2024-11-14,Consumer
CUST-00374,Ishaan Choudhury,Male,44,Howrah,REG-04,2024-07-16,Consumer
CUST-00375,Ananya Mishra,Female,57,Howrah,REG-04,2024-06-18,Consumer
CUST-00376,Gaurav Joshi,Male,25,Ranchi,REG-04,2025-04-10,Corporate
CUST-00377,Saanvi Kulkarni,Female,43,Hyderabad,REG-03,2025-03-25,Consumer
CUST-00378,Anika Kulkarni,Female,36,Nashik,REG-01,2025-08-02,Consumer
CUST-00379,Karan Gupta,Male,58,Kanpur,REG-02,2024-03-05,Consumer
CUST-00380,Saanvi Joshi,Female,25,Ahmedabad,REG-01,2024-09-17,Small Business
CUST-00381,Rajesh Malhotra,Male,24,Raipur,REG-05,2024-04-06,Consumer
CUST-00382,Ira Menon,Female,27,Cuttack,REG-04,2024-09-05,Consumer
CUST-00383,Rajesh Verma,Male,18,Indore,REG-05,2024-11-07,Consumer
CUST-00384,Swati Das,Female,28,Trivandrum,REG-03,2025-02-19,Consumer
CUST-00385,Rohan Bose,Male,25,Pune,REG-01,2024-11-04,Consumer
CUST-00386,Abhishek Iyer,Male,35,Pune,REG-01,2023-12-30,Consumer
CUST-00387,Riya Sharma,Female,37,Pune,REG-01,2025-03-01,Consumer
CUST-00388,Anand Bhat,Male,54,Mumbai,REG-01,2025-01-24,Consumer
CUST-00389,Karan Shah,Male,44,Gurgaon,REG-02,2023-08-15,Consumer
CUST-00390,Manish Patel,Male,27,Lucknow,REG-02,2023-09-24,Corporate
CUST-00391,Gaurav Aggarwal,Male,24,Hyderabad,REG-03,2024-09-27,Consumer
CUST-00392,Anand Deshmukh,Male,39,Delhi,REG-02,2023-10-20,Consumer
CUST-00393,Priyanka Saxena,Female,19,Panaji,REG-01,2025-10-02,Consumer
CUST-00394,Meera Patel,Female,54,Ludhiana,REG-02,2024-12-11,Consumer
CUST-00395,Diya Bose,Female,46,Hyderabad,REG-03,2025-04-30,Consumer
CUST-00396,Meera Mukherjee,Female,28,Gurgaon,REG-02,2023-07-15,Consumer
CUST-00397,Navya Trivedi,Female,18,Raipur,REG-05,2024-08-20,Consumer
CUST-00398,Manish Choudhury,Male,48,Jabalpur,REG-05,2025-04-22,Small Business
CUST-00399,Sara Patel,Female,32,Cuttack,REG-04,2024-10-29,Consumer
CUST-00400,Reyansh Bhat,Male,47,Mumbai,REG-01,2023-05-30,Consumer
CUST-00401,Avani Bose,Female,18,Kanpur,REG-02,2024-02-03,Consumer
CUST-00402,Vihaan Aggarwal,Male,27,Raipur,REG-05,2025-08-08,Consumer
CUST-00403,Rohan Malhotra,Male,34,Nashik,REG-01,2023-10-15,Consumer
CUST-00404,Sai Kumar,Male,34,Gwalior,REG-05,2023-07-25,Consumer
CUST-00405,Manish Bose,Male,29,Mumbai,REG-01,2024-07-13,Consumer
CUST-00406,Reyansh Aggarwal,Male,40,Surat,REG-01,2025-06-24,Consumer
CUST-00407,Aditi Bhat,Female,22,Chennai,REG-03,2025-03-10,Consumer
CUST-00408,Vikram Sharma,Male,32,Nagpur,REG-01,2024-02-18,Small Business
CUST-00409,Ayaan Gupta,Male,35,Nagpur,REG-01,2023-02-27,Small Business
CUST-00410,Reyansh Malhotra,Male,39,Kochi,REG-03,2023-07-17,Corporate
CUST-00411,Pari Choudhury,Female,41,Nagpur,REG-01,2025-11-15,Consumer
CUST-00412,Rohan Kapoor,Male,21,Surat,REG-01,2025-03-20,Small Business
CUST-00413,Reyansh Mehta,Male,18,Gurgaon,REG-02,2023-01-31,Consumer
CUST-00414,Advik Gupta,Male,48,Noida,REG-02,2024-07-24,Consumer
CUST-00415,Aditya Trivedi,Male,37,Vadodara,REG-01,2025-10-20,Small Business
CUST-00416,Rohan Saxena,Male,25,Silchar,REG-06,2023-12-18,Consumer
CUST-00417,Shaurya Kapoor,Male,51,Howrah,REG-04,2023-09-30,Consumer
CUST-00418,Sunita Aggarwal,Female,35,Ludhiana,REG-02,2023-05-19,Consumer
CUST-00419,Neha Deshmukh,Female,46,Lucknow,REG-02,2025-10-28,Consumer
CUST-00420,Advaith Sharma,Other,34,Chennai,REG-03,2024-09-24,Consumer
CUST-00421,Ayaan Das,Male,56,Ahmedabad,REG-01,2025-02-06,Consumer
CUST-00422,Advik Gupta,Male,53,Kochi,REG-03,2025-06-27,Corporate
CUST-00423,Krishna Chopra,Male,31,Bangalore,REG-03,2025-04-29,Consumer
CUST-00424,Aarav Reddy,Male,44,Raipur,REG-05,2024-12-02,Consumer
CUST-00425,Swati Shah,Female,41,Kochi,REG-03,2024-03-31,Consumer
CUST-00426,Shaurya Kumar,Male,49,Delhi,REG-02,2023-05-13,Corporate
CUST-00427,Reyansh Verma,Male,23,Hyderabad,REG-03,2024-02-23,Consumer
CUST-00428,Rohan Pandey,Male,41,Patna,REG-04,2024-04-28,Consumer
CUST-00429,Advaith Iyer,Male,45,Surat,REG-01,2024-05-16,Consumer
CUST-00430,Diya Iyer,Female,18,Kochi,REG-03,2024-07-10,Corporate
CUST-00431,Atharv Bose,Male,20,Ludhiana,REG-02,2025-06-22,Consumer
CUST-00432,Kavya Menon,Female,18,Nashik,REG-01,2023-02-10,Corporate
CUST-00433,Aditya Menon,Male,31,Raipur,REG-05,2023-11-09,Consumer
CUST-00434,Advik Deshmukh,Male,41,Chandigarh,REG-02,2025-02-07,Consumer
CUST-00435,Shaurya Singh,Male,50,Patna,REG-04,2023-11-13,Small Business
CUST-00436,Karan Bhat,Male,34,Bhubaneswar,REG-04,2025-10-03,Consumer
CUST-00437,Advik Choudhury,Male,51,Ludhiana,REG-02,2024-09-22,Consumer
CUST-00438,Kavya Trivedi,Female,18,Pune,REG-01,2025-02-27,Small Business
CUST-00439,Nikhil Mukherjee,Male,18,Dibrugarh,REG-06,2024-12-14,Consumer
CUST-00440,Suresh Joshi,Male,33,Howrah,REG-04,2025-02-28,Small Business
CUST-00441,Navya Kulkarni,Female,38,Panaji,REG-01,2023-02-27,Consumer
CUST-00442,Angel Das,Female,33,Gurgaon,REG-02,2024-06-04,Consumer
CUST-00443,Shreya Pandey,Female,18,Pune,REG-01,2023-07-09,Consumer
CUST-00444,Ira Aggarwal,Female,33,Chennai,REG-03,2025-11-27,Small Business
CUST-00445,Pari Pandey,Female,19,Chandigarh,REG-02,2025-10-22,Small Business
CUST-00446,Ira Pillai,Female,41,Kanpur,REG-02,2023-07-02,Consumer
CUST-00447,Aditi Joshi,Female,38,Bhubaneswar,REG-04,2024-03-05,Small Business
CUST-00448,Ishaan Sharma,Male,23,Imphal,REG-06,2023-01-04,Consumer
CUST-00449,Kavya Bhat,Female,28,Chandigarh,REG-02,2025-06-01,Consumer
CUST-00450,Suresh Singh,Male,22,Ahmedabad,REG-01,2025-10-26,Small Business
CUST-00451,Gaurav Gupta,Male,33,Mumbai,REG-01,2024-01-10,Corporate
CUST-00452,Abhishek Mishra,Male,44,Noida,REG-02,2023-12-07,Consumer
CUST-00453,Vihaan Nair,Male,23,Mumbai,REG-01,2024-04-25,Consumer
CUST-00454,Aarohi Sharma,Female,39,Mumbai,REG-01,2023-03-27,Consumer
CUST-00455,Saanvi Bose,Female,28,Coimbatore,REG-03,2025-09-22,Consumer
CUST-00456,Pranav Chopra,Male,25,Jaipur,REG-02,2024-10-07,Corporate
CUST-00457,Shreya Bose,Female,32,Delhi,REG-02,2024-12-30,Corporate
CUST-00458,Saanvi Deshmukh,Female,22,Jabalpur,REG-05,2023-10-12,Consumer
CUST-00459,Kabir Nair,Male,27,Shillong,REG-06,2025-01-24,Consumer
CUST-00460,Preeti Kulkarni,Female,20,Kochi,REG-03,2023-01-07,Small Business
CUST-00461,Simran Chopra,Female,55,Panaji,REG-01,2023-04-04,Small Business
CUST-00462,Shreya Deshmukh,Female,34,Nashik,REG-01,2025-03-30,Corporate
CUST-00463,Sara Mukherjee,Female,26,Jabalpur,REG-05,2023-07-25,Corporate
CUST-00464,Reyansh Aggarwal,Male,36,Mumbai,REG-01,2023-09-19,Consumer
CUST-00465,Gaurav Malhotra,Male,32,Imphal,REG-06,2023-12-11,Corporate
CUST-00466,Riya Malhotra,Female,31,Kochi,REG-03,2024-03-09,Consumer
CUST-00467,Anushka Patel,Female,40,Mumbai,REG-01,2023-11-25,Small Business
CUST-00468,Advik Menon,Male,42,Chandigarh,REG-02,2025-09-02,Small Business
CUST-00469,Shreya Singh,Female,28,Bilaspur,REG-05,2025-10-04,Consumer
CUST-00470,Preeti Reddy,Female,27,Ujjain,REG-05,2023-05-13,Consumer
CUST-00471,Suresh Choudhury,Male,30,Ranchi,REG-04,2025-06-13,Corporate
CUST-00472,Vihaan Iyer,Male,18,Pune,REG-01,2024-11-27,Corporate
CUST-00473,Meera Mehta,Female,18,Hyderabad,REG-03,2024-10-03,Small Business
CUST-00474,Saanvi Iyer,Female,49,Surat,REG-01,2025-03-05,Small Business
CUST-00475,Atharv Saxena,Male,52,Hyderabad,REG-03,2025-11-30,Consumer
CUST-00476,Aarohi Bose,Female,31,Nashik,REG-01,2024-10-09,Consumer
CUST-00477,Simran Reddy,Female,40,Visakhapatnam,REG-03,2023-10-29,Consumer
CUST-00478,Anand Mishra,Male,37,Howrah,REG-04,2023-03-12,Consumer
CUST-00479,Suresh Mehta,Male,67,Ludhiana,REG-02,2024-03-17,Consumer
CUST-00480,Ira Verma,Female,46,Agartala,REG-06,2023-11-09,Corporate
CUST-00481,Manish Shah,Male,32,Howrah,REG-04,2023-04-18,Small Business
CUST-00482,Preeti Kulkarni,Female,23,Bhubaneswar,REG-04,2023-11-23,Small Business
CUST-00483,Myra Mukherjee,Female,18,Mysore,REG-03,2025-03-12,Consumer
CUST-00484,Diya Iyer,Female,36,Patna,REG-04,2025-03-17,Consumer
CUST-00485,Rajesh Pillai,Male,25,Bhopal,REG-05,2024-09-14,Consumer
CUST-00486,Arjun Deshmukh,Male,18,Bhubaneswar,REG-04,2023-10-24,Consumer
CUST-00487,Anika Choudhury,Female,26,Mysore,REG-03,2023-07-28,Consumer
CUST-00488,Ishaan Bose,Other,22,Imphal,REG-06,2023-12-11,Small Business
CUST-00489,Dhruv Kumar,Male,52,Guwahati,REG-06,2025-11-21,Consumer
CUST-00490,Ananya Kapoor,Female,43,Patna,REG-04,2023-03-11,Consumer
CUST-00491,Ishaan Aggarwal,Male,33,Hyderabad,REG-03,2025-02-07,Corporate
CUST-00492,Ira Malhotra,Other,50,Nashik,REG-01,2025-02-21,Consumer
CUST-00493,Sara Sharma,Female,34,Pune,REG-01,2023-09-07,Consumer
CUST-00494,Sneha Reddy,Female,24,Nashik,REG-01,2024-07-14,Consumer
CUST-00495,Rahul Kumar,Male,50,Kanpur,REG-02,2024-09-03,Consumer
CUST-00496,Aditya Aggarwal,Male,39,Ujjain,REG-05,2024-01-14,Consumer
CUST-00497,Ira Rao,Female,22,Asansol,REG-04,2025-09-27,Consumer
CUST-00498,Pooja Aggarwal,Female,31,Howrah,REG-04,2023-09-12,Corporate
CUST-00499,Anand Trivedi,Male,24,Ahmedabad,REG-01,2023-01-11,Consumer
CUST-00500,Aarohi Verma,Female,18,Surat,REG-01,2023-11-27,Consumer
CUST-00501,Nikhil Verma,Male,44,Pune,REG-01,2025-11-02,Consumer
CUST-00502,Pari Mukherjee,Female,55,Dibrugarh,REG-06,2023-01-01,Consumer
CUST-00503,Kabir Trivedi,Male,18,Howrah,REG-04,2025-06-30,Consumer
CUST-00504,Shaurya Bhat,Male,40,Raipur,REG-05,2025-11-11,Consumer
CUST-00505,Gaurav Verma,Male,26,Surat,REG-01,2023-10-18,Consumer
CUST-00506,Ananya Das,Female,28,Mysore,REG-03,2024-07-22,Consumer
CUST-00507,Aadhya Rao,Female,27,Kanpur,REG-02,2023-12-01,Consumer
CUST-00508,Krishna Malhotra,Male,24,Gurgaon,REG-02,2024-02-22,Consumer
CUST-00509,Deepika Aggarwal,Female,34,Mysore,REG-03,2025-11-13,Consumer
CUST-00510,Arjun Chopra,Male,24,Imphal,REG-06,2025-02-15,Consumer
CUST-00511,Aadhya Nair,Female,36,Pune,REG-01,2025-04-13,Consumer
CUST-00512,Sara Shah,Female,33,Chandigarh,REG-02,2023-10-27,Corporate
CUST-00513,Aarav Mehta,Male,31,Lucknow,REG-02,2025-02-14,Small Business
CUST-00514,Aarohi Kumar,Female,24,Coimbatore,REG-03,2025-09-29,Consumer
CUST-00515,Rahul Mishra,Male,27,Chandigarh,REG-02,2023-07-22,Corporate
CUST-00516,Nikhil Bose,Male,42,Nagpur,REG-01,2025-09-03,Consumer
CUST-00517,Anand Bhat,Male,39,Howrah,REG-04,2023-09-16,Consumer
CUST-00518,Angel Verma,Female,23,Bilaspur,REG-05,2025-01-28,Consumer
CUST-00519,Vikram Mukherjee,Male,35,Patna,REG-04,2025-06-17,Small Business
CUST-00520,Sneha Iyer,Female,42,Kanpur,REG-02,2024-04-13,Consumer
CUST-00521,Diya Mukherjee,Female,18,Asansol,REG-04,2023-07-04,Consumer
CUST-00522,Ayaan Patel,Male,39,Mumbai,REG-01,2023-06-23,Corporate
CUST-00523,Riya Saxena,Female,26,Jabalpur,REG-05,2025-11-07,Small Business
CUST-00524,Dhruv Bhat,Male,40,Chennai,REG-03,2025-04-10,Consumer
CUST-00525,Gaurav Choudhury,Male,25,Nagpur,REG-01,2024-12-07,Consumer
CUST-00526,Swati Pandey,Female,18,Silchar,REG-06,2023-03-28,Consumer
CUST-00527,Shreya Shah,Female,18,Gwalior,REG-05,2024-04-05,Consumer
CUST-00528,Arjun Bhat,Male,34,Delhi,REG-02,2025-05-15,Consumer
CUST-00529,Vihaan Chopra,Male,36,Indore,REG-05,2023-08-30,Consumer
CUST-00530,Krishna Gupta,Male,24,Nagpur,REG-01,2024-03-21,Small Business
CUST-00531,Deepika Bhat,Female,41,Kolkata,REG-04,2025-08-06,Corporate
CUST-00532,Aanya Joshi,Female,18,Nashik,REG-01,2024-11-03,Consumer
CUST-00533,Atharv Trivedi,Male,33,Ranchi,REG-04,2024-12-27,Consumer
CUST-00534,Reyansh Patel,Male,20,Hyderabad,REG-03,2025-04-21,Consumer
CUST-00535,Arjun Menon,Male,26,Kochi,REG-03,2025-08-21,Consumer
CUST-00536,Pranav Trivedi,Male,34,Vadodara,REG-01,2023-08-11,Small Business
CUST-00537,Avani Kumar,Female,24,Nagpur,REG-01,2023-01-12,Consumer
CUST-00538,Anika Mehta,Female,29,Mumbai,REG-01,2023-10-01,Consumer
CUST-00539,Sunita Verma,Female,45,Surat,REG-01,2025-09-08,Small Business
CUST-00540,Ayaan Mukherjee,Other,27,Visakhapatnam,REG-03,2023-09-18,Consumer
CUST-00541,Sunita Bose,Female,43,Trivandrum,REG-03,2023-09-27,Consumer
CUST-00542,Aarav Singh,Male,21,Mumbai,REG-01,2024-04-29,Consumer
CUST-00543,Kavya Das,Female,39,Ranchi,REG-04,2025-09-10,Consumer
CUST-00544,Nikhil Mukherjee,Male,49,Ahmedabad,REG-01,2025-11-13,Consumer
CUST-00545,Vihaan Mishra,Male,18,Lucknow,REG-02,2025-05-28,Consumer
CUST-00546,Aditi Mehta,Female,25,Cuttack,REG-04,2024-01-07,Consumer
CUST-00547,Deepika Kapoor,Female,40,Pune,REG-01,2023-09-28,Consumer
CUST-00548,Reyansh Shah,Male,31,Mumbai,REG-01,2024-02-13,Consumer
CUST-00549,Pranav Bhat,Male,38,Lucknow,REG-02,2024-03-30,Consumer
CUST-00550,Kabir Mukherjee,Male,27,Coimbatore,REG-03,2023-08-14,Consumer
CUST-00551,Atharv Aggarwal,Male,34,Jaipur,REG-02,2023-04-08,Consumer
CUST-00552,Anand Choudhury,Male,32,Chandigarh,REG-02,2025-08-24,Consumer
CUST-00553,Kavya Kumar,Female,46,Ludhiana,REG-02,2025-01-14,Consumer
CUST-00554,Anand Sharma,Male,36,Hyderabad,REG-03,2024-11-09,Consumer
CUST-00555,Meera Menon,Female,37,Mysore,REG-03,2024-05-02,Consumer
CUST-00556,Advik Patel,Male,29,Indore,REG-05,2023-09-04,Consumer
CUST-00557,Sunita Kapoor,Female,28,Patna,REG-04,2025-07-01,Small Business
CUST-00558,Rohan Das,Male,29,Ludhiana,REG-02,2024-02-18,Consumer
CUST-00559,Arjun Gupta,Male,38,Chandigarh,REG-02,2024-12-12,Corporate
CUST-00560,Suresh Mehta,Male,29,Bhopal,REG-05,2025-09-15,Consumer
CUST-00561,Sneha Saxena,Female,37,Vadodara,REG-01,2023-09-22,Consumer
CUST-00562,Aanya Saxena,Female,56,Shillong,REG-06,2025-03-25,Consumer
CUST-00563,Sneha Patel,Female,43,Nagpur,REG-01,2025-03-10,Consumer
CUST-00564,Sai Sharma,Male,30,Surat,REG-01,2023-01-19,Corporate
CUST-00565,Avani Bhat,Female,47,Cuttack,REG-04,2024-06-14,Consumer
CUST-00566,Suresh Nair,Male,29,Hyderabad,REG-03,2024-04-03,Consumer
CUST-00567,Vivaan Kapoor,Male,18,Vadodara,REG-01,2023-09-30,Consumer
CUST-00568,Deepika Reddy,Female,22,Shillong,REG-06,2023-08-26,Consumer
CUST-00569,Vikram Joshi,Male,18,Chandigarh,REG-02,2023-10-01,Consumer
CUST-00570,Myra Verma,Female,30,Bangalore,REG-03,2024-12-29,Consumer
CUST-00571,Pari Nair,Female,34,Silchar,REG-06,2023-08-06,Corporate
CUST-00572,Deepika Nair,Female,52,Bilaspur,REG-05,2024-02-27,Corporate
CUST-00573,Krishna Gupta,Male,37,Trivandrum,REG-03,2023-11-15,Consumer
CUST-00574,Kavya Joshi,Female,31,Nashik,REG-01,2023-07-11,Consumer
CUST-00575,Gaurav Mishra,Male,43,Nashik,REG-01,2024-01-05,Consumer
CUST-00576,Sai Trivedi,Male,18,Nagpur,REG-01,2024-01-20,Consumer
CUST-00577,Ayaan Deshmukh,Male,36,Jabalpur,REG-05,2023-07-25,Corporate
CUST-00578,Nikhil Saxena,Male,42,Pune,REG-01,2025-02-12,Consumer
CUST-00579,Aarav Menon,Male,18,Kolkata,REG-04,2023-09-28,Consumer
CUST-00580,Arjun Kapoor,Male,46,Bangalore,REG-03,2023-08-06,Consumer
CUST-00581,Preeti Aggarwal,Female,37,Ahmedabad,REG-01,2025-09-10,Corporate
CUST-00582,Simran Kumar,Female,29,Ludhiana,REG-02,2023-11-13,Consumer
CUST-00583,Angel Kapoor,Female,40,Bangalore,REG-03,2023-04-02,Consumer
CUST-00584,Kabir Trivedi,Male,58,Indore,REG-05,2023-01-03,Small Business
CUST-00585,Pranav Bose,Male,36,Vadodara,REG-01,2024-04-07,Small Business
CUST-00586,Shreya Trivedi,Female,36,Kolkata,REG-04,2025-10-04,Consumer
CUST-00587,Vihaan Iyer,Male,28,Jaipur,REG-02,2023-08-31,Consumer
CUST-00588,Aadhya Trivedi,Female,24,Ahmedabad,REG-01,2023-12-31,Consumer
CUST-00589,Sai Malhotra,Male,43,Chandigarh,REG-02,2024-08-10,Consumer
CUST-00590,Deepak Kulkarni,Male,24,Coimbatore,REG-03,2023-06-06,Corporate
CUST-00591,Ananya Menon,Female,34,Mysore,REG-03,2023-10-30,Consumer
CUST-00592,Aditi Kulkarni,Female,28,Kolkata,REG-04,2025-05-25,Small Business
CUST-00593,Aditya Chopra,Male,39,Shillong,REG-06,2025-02-27,Consumer
CUST-00594,Dhruv Aggarwal,Male,37,Silchar,REG-06,2024-11-13,Consumer
CUST-00595,Swati Reddy,Female,45,Ludhiana,REG-02,2025-10-05,Consumer
CUST-00596,Ira Patel,Female,28,Trivandrum,REG-03,2024-03-25,Consumer
CUST-00597,Aarav Gupta,Male,31,Guwahati,REG-06,2025-01-12,Consumer
CUST-00598,Swati Mehta,Female,23,Panaji,REG-01,2025-01-09,Corporate
CUST-00599,Simran Singh,Female,29,Gurgaon,REG-02,2025-05-12,Consumer
CUST-00600,Aanya Choudhury,Female,38,Ahmedabad,REG-01,2025-02-12,Corporate
CUST-00601,Kavya Joshi,Female,42,Pune,REG-01,2023-06-01,Consumer
CUST-00602,Pari Sharma,Female,23,Ahmedabad,REG-01,2023-06-11,Consumer
CUST-00603,Gaurav Pandey,Male,43,Gurgaon,REG-02,2025-08-20,Corporate
CUST-00604,Anushka Iyer,Female,48,Jaipur,REG-02,2025-06-28,Corporate
CUST-00605,Diya Mehta,Female,38,Mumbai,REG-01,2023-12-22,Consumer
CUST-00606,Gaurav Mukherjee,Male,54,Visakhapatnam,REG-03,2024-06-12,Small Business
CUST-00607,Suresh Reddy,Male,25,Gurgaon,REG-02,2024-07-10,Small Business
CUST-00608,Ananya Choudhury,Female,20,Mumbai,REG-01,2024-03-24,Consumer
CUST-00609,Pooja Das,Female,18,Ujjain,REG-05,2025-08-17,Consumer
CUST-00610,Ira Pandey,Female,50,Delhi,REG-02,2025-01-30,Consumer
CUST-00611,Vihaan Mehta,Male,41,Panaji,REG-01,2023-02-27,Consumer
CUST-00612,Vihaan Patel,Male,33,Mumbai,REG-01,2024-09-25,Consumer
CUST-00613,Deepak Verma,Male,37,Pune,REG-01,2023-04-02,Consumer
CUST-00614,Aanya Verma,Female,21,Chandigarh,REG-02,2023-01-18,Small Business
CUST-00615,Ira Bhat,Female,60,Nagpur,REG-01,2024-12-29,Small Business
CUST-00616,Aarohi Chopra,Female,35,Noida,REG-02,2025-10-25,Corporate
CUST-00617,Rahul Saxena,Male,35,Delhi,REG-02,2024-08-17,Consumer
CUST-00618,Aadhya Trivedi,Female,41,Kochi,REG-03,2024-03-17,Corporate
CUST-00619,Tanvi Aggarwal,Female,39,Panaji,REG-01,2025-07-05,Corporate
CUST-00620,Atharv Das,Male,36,Jabalpur,REG-05,2023-03-23,Corporate
CUST-00621,Ira Reddy,Female,25,Pune,REG-01,2023-11-09,Consumer
CUST-00622,Reyansh Saxena,Other,39,Vadodara,REG-01,2023-06-28,Consumer
CUST-00623,Sai Shah,Male,54,Noida,REG-02,2024-07-27,Consumer
CUST-00624,Aditya Kumar,Male,48,Ranchi,REG-04,2024-06-12,Small Business
CUST-00625,Tanvi Trivedi,Female,51,Gurgaon,REG-02,2023-09-11,Small Business
CUST-00626,Atharv Mishra,Male,28,Kanpur,REG-02,2023-09-22,Consumer
CUST-00627,Vikram Chopra,Male,23,Kanpur,REG-02,2025-11-02,Consumer
CUST-00628,Shreya Verma,Female,32,Bangalore,REG-03,2024-05-16,Consumer
CUST-00629,Ananya Mishra,Female,34,Nagpur,REG-01,2023-11-21,Consumer
CUST-00630,Navya Bose,Female,46,Bilaspur,REG-05,2023-07-11,Consumer
CUST-00631,Rohan Trivedi,Male,18,Kolkata,REG-04,2023-06-25,Consumer
CUST-00632,Deepak Bose,Male,50,Patna,REG-04,2025-04-02,Consumer
CUST-00633,Vikram Kulkarni,Male,32,Nashik,REG-01,2023-08-23,Consumer
CUST-00634,Arjun Kulkarni,Male,29,Surat,REG-01,2024-10-17,Consumer
CUST-00635,Priyanka Bose,Other,22,Panaji,REG-01,2025-05-30,Small Business
CUST-00636,Reyansh Mishra,Male,18,Nagpur,REG-01,2024-07-06,Consumer
CUST-00637,Arjun Patel,Male,43,Noida,REG-02,2024-09-02,Corporate
CUST-00638,Pranav Bhat,Male,34,Vadodara,REG-01,2024-01-12,Corporate
CUST-00639,Abhishek Mukherjee,Male,19,Chandigarh,REG-02,2023-12-03,Consumer
CUST-00640,Riya Kulkarni,Female,19,Hyderabad,REG-03,2025-06-13,Consumer
CUST-00641,Ira Pandey,Female,30,Surat,REG-01,2023-06-09,Corporate
CUST-00642,Ananya Chopra,Female,52,Mysore,REG-03,2023-01-30,Consumer
CUST-00643,Arjun Kulkarni,Male,31,Bhopal,REG-05,2025-04-12,Consumer
CUST-00644,Avani Pandey,Female,18,Bilaspur,REG-05,2025-07-09,Consumer
CUST-00645,Aanya Gupta,Female,31,Patna,REG-04,2025-05-10,Consumer
CUST-00646,Priyanka Bose,Female,31,Surat,REG-01,2024-01-27,Small Business
CUST-00647,Saanvi Joshi,Female,18,Kolkata,REG-04,2024-09-10,Corporate
CUST-00648,Karan Mehta,Male,33,Howrah,REG-04,2025-07-22,Consumer
CUST-00649,Gaurav Rao,Male,31,Jaipur,REG-02,2023-08-21,Small Business
CUST-00650,Atharv Kumar,Male,41,Hyderabad,REG-03,2025-06-11,Consumer
CUST-00651,Anushka Malhotra,Female,54,Chandigarh,REG-02,2023-07-23,Small Business
CUST-00652,Aarohi Patel,Female,46,Trivandrum,REG-03,2023-08-01,Consumer
CUST-00653,Swati Rao,Female,31,Nashik,REG-01,2025-10-27,Consumer
CUST-00654,Ishaan Mishra,Male,21,Lucknow,REG-02,2025-07-20,Consumer
CUST-00655,Karan Kulkarni,Male,62,Agartala,REG-06,2025-08-08,Consumer
CUST-00656,Anushka Saxena,Female,34,Kolkata,REG-04,2025-02-06,Corporate
CUST-00657,Krishna Trivedi,Male,34,Coimbatore,REG-03,2025-04-29,Consumer
CUST-00658,Deepak Mukherjee,Male,33,Mumbai,REG-01,2023-11-11,Corporate
CUST-00659,Sneha Pandey,Female,36,Bhubaneswar,REG-04,2024-11-17,Consumer
CUST-00660,Kavya Reddy,Female,32,Trivandrum,REG-03,2024-01-30,Consumer
CUST-00661,Vivaan Saxena,Male,27,Jabalpur,REG-05,2023-09-21,Small Business
CUST-00662,Manish Kumar,Male,27,Jaipur,REG-02,2025-11-25,Consumer
CUST-00663,Suresh Saxena,Male,33,Pune,REG-01,2025-03-13,Corporate
CUST-00664,Angel Pandey,Female,28,Mysore,REG-03,2024-02-22,Consumer
CUST-00665,Aarav Kapoor,Male,26,Patna,REG-04,2023-02-26,Consumer
CUST-00666,Aadhya Pillai,Female,35,Gurgaon,REG-02,2025-07-18,Consumer
CUST-00667,Pari Reddy,Female,31,Kochi,REG-03,2024-08-31,Consumer
CUST-00668,Meera Menon,Female,50,Ranchi,REG-04,2024-06-17,Consumer
CUST-00669,Deepak Singh,Male,18,Chennai,REG-03,2023-08-16,Consumer
CUST-00670,Aarohi Singh,Female,46,Gurgaon,REG-02,2023-07-10,Consumer
CUST-00671,Swati Pandey,Female,47,Pune,REG-01,2025-10-02,Corporate
CUST-00672,Dhruv Kapoor,Male,18,Nagpur,REG-01,2025-02-07,Corporate
CUST-00673,Avani Saxena,Female,30,Vadodara,REG-01,2023-01-21,Small Business
CUST-00674,Deepika Das,Female,29,Bhopal,REG-05,2024-12-03,Small Business
CUST-00675,Vikram Das,Male,18,Hyderabad,REG-03,2024-06-05,Small Business
CUST-00676,Aarav Rao,Male,25,Ahmedabad,REG-01,2024-03-18,Corporate
CUST-00677,Reyansh Sharma,Male,21,Lucknow,REG-02,2023-06-20,Corporate
CUST-00678,Angel Nair,Female,53,Chennai,REG-03,2024-12-14,Consumer
CUST-00679,Avani Choudhury,Female,44,Ranchi,REG-04,2025-11-15,Small Business
CUST-00680,Angel Kumar,Female,47,Vadodara,REG-01,2025-03-15,Consumer
CUST-00681,Neha Iyer,Female,41,Surat,REG-01,2025-09-26,Consumer
CUST-00682,Vikram Choudhury,Male,21,Jaipur,REG-02,2023-08-09,Consumer
CUST-00683,Rahul Joshi,Male,28,Noida,REG-02,2025-07-09,Consumer
CUST-00684,Kabir Nair,Male,39,Coimbatore,REG-03,2024-12-22,Consumer
CUST-00685,Rajesh Chopra,Male,20,Gurgaon,REG-02,2025-01-02,Consumer
CUST-00686,Atharv Joshi,Male,41,Panaji,REG-01,2023-09-08,Consumer
CUST-00687,Anushka Chopra,Female,31,Panaji,REG-01,2024-04-21,Consumer
CUST-00688,Vikram Gupta,Male,29,Chennai,REG-03,2024-07-23,Consumer
CUST-00689,Aditi Mishra,Female,41,Trivandrum,REG-03,2025-06-10,Consumer
CUST-00690,Reyansh Verma,Male,38,Ranchi,REG-04,2023-04-06,Small Business
CUST-00691,Vihaan Deshmukh,Male,30,Panaji,REG-01,2025-02-23,Consumer
CUST-00692,Aarav Kapoor,Male,46,Cuttack,REG-04,2023-01-10,Small Business
CUST-00693,Gaurav Bose,Male,22,Mumbai,REG-01,2024-11-21,Consumer
CUST-00694,Vihaan Pandey,Male,40,Howrah,REG-04,2024-09-08,Consumer
CUST-00695,Ira Patel,Female,40,Mysore,REG-03,2025-10-08,Consumer
CUST-00696,Suresh Deshmukh,Male,30,Chennai,REG-03,2025-02-04,Small Business
CUST-00697,Ayaan Verma,Male,37,Patna,REG-04,2023-08-04,Small Business
CUST-00698,Meera Mukherjee,Female,20,Pune,REG-01,2024-01-27,Corporate
CUST-00699,Simran Trivedi,Female,44,Bangalore,REG-03,2023-04-18,Consumer
CUST-00700,Aarohi Verma,Female,31,Guwahati,REG-06,2024-06-24,Consumer
CUST-00701,Aditi Bose,Female,28,Gurgaon,REG-02,2023-10-10,Consumer
CUST-00702,Shaurya Mishra,Male,45,Nagpur,REG-01,2025-07-04,Consumer
CUST-00703,Navya Pillai,Female,26,Visakhapatnam,REG-03,2024-07-28,Consumer
CUST-00704,Navya Patel,Female,18,Chandigarh,REG-02,2023-06-19,Consumer
CUST-00705,Navya Malhotra,Female,18,Kochi,REG-03,2023-06-09,Consumer
CUST-00706,Reyansh Sharma,Male,40,Visakhapatnam,REG-03,2025-02-27,Consumer
CUST-00707,Reyansh Pandey,Male,19,Mysore,REG-03,2024-09-30,Consumer
CUST-00708,Preeti Bhat,Female,53,Ahmedabad,REG-01,2024-03-24,Small Business
CUST-00709,Advaith Mishra,Male,18,Kochi,REG-03,2025-03-30,Consumer
CUST-00710,Sai Malhotra,Male,52,Noida,REG-02,2023-10-29,Consumer
CUST-00711,Vihaan Reddy,Male,36,Nashik,REG-01,2024-01-19,Consumer
CUST-00712,Kabir Deshmukh,Male,32,Noida,REG-02,2023-06-22,Consumer
CUST-00713,Advik Bhat,Male,28,Jaipur,REG-02,2023-04-19,Consumer
CUST-00714,Vivaan Kapoor,Male,38,Kanpur,REG-02,2024-02-02,Consumer
CUST-00715,Vikram Nair,Male,33,Visakhapatnam,REG-03,2025-11-28,Consumer
CUST-00716,Deepika Reddy,Female,46,Shillong,REG-06,2023-08-24,Consumer
CUST-00717,Krishna Reddy,Male,35,Pune,REG-01,2024-07-18,Consumer
CUST-00718,Anushka Bose,Female,35,Noida,REG-02,2024-03-26,Corporate
CUST-00719,Angel Kulkarni,Female,30,Surat,REG-01,2024-12-12,Consumer
CUST-00720,Diya Choudhury,Female,33,Ahmedabad,REG-01,2025-10-27,Small Business
CUST-00721,Meera Iyer,Female,37,Bilaspur,REG-05,2024-05-03,Consumer
CUST-00722,Pari Kumar,Female,18,Ludhiana,REG-02,2023-10-18,Small Business
CUST-00723,Kavya Chopra,Female,19,Vadodara,REG-01,2023-06-07,Consumer
CUST-00724,Saanvi Das,Female,42,Ludhiana,REG-02,2023-01-03,Consumer
CUST-00725,Vihaan Verma,Male,35,Cuttack,REG-04,2024-08-18,Corporate
CUST-00726,Pari Menon,Female,31,Pune,REG-01,2023-07-24,Consumer
CUST-00727,Avani Kulkarni,Female,34,Cuttack,REG-04,2024-06-11,Consumer
CUST-00728,Advaith Sharma,Male,37,Bhubaneswar,REG-04,2024-11-14,Corporate
CUST-00729,Preeti Mishra,Female,28,Gwalior,REG-05,2025-09-18,Consumer
CUST-00730,Meera Kapoor,Female,25,Nagpur,REG-01,2024-03-27,Consumer
CUST-00731,Dhruv Sharma,Male,36,Nagpur,REG-01,2025-01-06,Consumer
CUST-00732,Deepak Bose,Male,23,Coimbatore,REG-03,2025-07-09,Small Business
CUST-00733,Pari Nair,Female,38,Raipur,REG-05,2024-11-09,Consumer
CUST-00734,Krishna Iyer,Male,18,Panaji,REG-01,2023-09-09,Consumer
CUST-00735,Rajesh Saxena,Male,45,Noida,REG-02,2023-01-18,Consumer
CUST-00736,Avani Malhotra,Female,39,Vadodara,REG-01,2023-11-30,Consumer
CUST-00737,Rajesh Iyer,Male,36,Mumbai,REG-01,2024-03-21,Consumer
CUST-00738,Aanya Kulkarni,Female,44,Kanpur,REG-02,2024-12-22,Consumer
CUST-00739,Krishna Singh,Male,52,Chandigarh,REG-02,2025-10-25,Consumer
CUST-00740,Ananya Patel,Female,45,Patna,REG-04,2024-02-07,Consumer
CUST-00741,Diya Reddy,Female,18,Panaji,REG-01,2024-05-24,Corporate
CUST-00742,Kavya Bose,Female,19,Guwahati,REG-06,2024-06-19,Small Business
CUST-00743,Pari Pillai,Female,27,Jaipur,REG-02,2023-10-13,Consumer
CUST-00744,Arjun Mukherjee,Male,34,Coimbatore,REG-03,2024-09-16,Consumer
CUST-00745,Deepika Deshmukh,Female,39,Trivandrum,REG-03,2025-06-13,Consumer
CUST-00746,Anushka Chopra,Female,26,Mysore,REG-03,2025-08-17,Consumer
CUST-00747,Pranav Deshmukh,Male,36,Mumbai,REG-01,2025-05-12,Consumer
CUST-00748,Deepak Iyer,Male,25,Cuttack,REG-04,2025-11-14,Consumer
CUST-00749,Sunita Pillai,Female,27,Bhopal,REG-05,2025-03-15,Consumer
CUST-00750,Avani Saxena,Female,18,Cuttack,REG-04,2025-07-31,Corporate
CUST-00751,Krishna Pandey,Male,23,Guwahati,REG-06,2024-11-13,Consumer
CUST-00752,Neha Kulkarni,Female,19,Asansol,REG-04,2023-05-05,Consumer
CUST-00753,Sneha Choudhury,Female,23,Howrah,REG-04,2024-02-24,Consumer
CUST-00754,Riya Singh,Female,45,Ahmedabad,REG-01,2024-09-08,Consumer
CUST-00755,Swati Sharma,Female,23,Cuttack,REG-04,2024-02-16,Consumer
CUST-00756,Vikram Trivedi,Male,62,Pune,REG-01,2024-05-21,Consumer
CUST-00757,Gaurav Bhat,Male,39,Delhi,REG-02,2023-09-07,Consumer
CUST-00758,Sai Pandey,Male,36,Vadodara,REG-01,2025-06-18,Corporate
CUST-00759,Kavya Singh,Female,24,Hyderabad,REG-03,2023-10-18,Corporate
CUST-00760,Pari Bhat,Female,41,Cuttack,REG-04,2024-02-15,Consumer
CUST-00761,Anand Mehta,Male,27,Imphal,REG-06,2025-01-22,Consumer
CUST-00762,Suresh Saxena,Male,35,Nagpur,REG-01,2025-05-20,Consumer
CUST-00763,Vihaan Pillai,Male,62,Chandigarh,REG-02,2023-03-11,Consumer
CUST-00764,Priyanka Deshmukh,Female,32,Panaji,REG-01,2023-10-13,Consumer
CUST-00765,Angel Sharma,Female,46,Agartala,REG-06,2025-10-22,Corporate
CUST-00766,Atharv Trivedi,Male,26,Ranchi,REG-04,2025-11-16,Consumer
CUST-00767,Sara Kapoor,Female,33,Bhubaneswar,REG-04,2025-07-30,Consumer
CUST-00768,Angel Saxena,Female,53,Bhubaneswar,REG-04,2025-03-17,Consumer
CUST-00769,Riya Bose,Female,27,Silchar,REG-06,2024-01-05,Consumer
CUST-00770,Tanvi Malhotra,Female,53,Hyderabad,REG-03,2024-10-25,Consumer
CUST-00771,Neha Das,Female,41,Kolkata,REG-04,2023-04-03,Consumer
CUST-00772,Navya Mehta,Female,27,Visakhapatnam,REG-03,2025-09-02,Consumer
CUST-00773,Nikhil Saxena,Male,40,Ujjain,REG-05,2024-04-29,Consumer
CUST-00774,Meera Trivedi,Female,44,Kanpur,REG-02,2023-05-12,Consumer
CUST-00775,Vivaan Mishra,Male,40,Ranchi,REG-04,2025-02-05,Consumer
CUST-00776,Swati Kumar,Female,18,Ludhiana,REG-02,2025-02-12,Consumer
CUST-00777,Pooja Gupta,Female,26,Nashik,REG-01,2025-06-15,Consumer
CUST-00778,Manish Kumar,Male,31,Lucknow,REG-02,2023-06-26,Consumer
CUST-00779,Shreya Mehta,Female,33,Ahmedabad,REG-01,2023-01-11,Consumer
CUST-00780,Rohan Mishra,Male,40,Ahmedabad,REG-01,2025-10-13,Consumer
CUST-00781,Gaurav Kulkarni,Male,35,Mysore,REG-03,2023-10-10,Corporate
CUST-00782,Amit Bose,Male,19,Gwalior,REG-05,2023-06-10,Consumer
CUST-00783,Vihaan Mehta,Male,38,Bangalore,REG-03,2024-11-08,Consumer
CUST-00784,Diya Shah,Female,40,Ranchi,REG-04,2025-01-02,Consumer
CUST-00785,Diya Patel,Female,40,Kochi,REG-03,2025-11-26,Small Business
CUST-00786,Advik Das,Male,45,Pune,REG-01,2025-08-22,Small Business
CUST-00787,Sara Sharma,Other,43,Nagpur,REG-01,2024-06-18,Consumer
CUST-00788,Aanya Singh,Female,39,Panaji,REG-01,2023-05-08,Consumer
CUST-00789,Rahul Trivedi,Male,33,Bangalore,REG-03,2024-12-09,Small Business
CUST-00790,Priyanka Choudhury,Female,18,Chennai,REG-03,2025-09-07,Small Business
CUST-00791,Vivaan Mehta,Male,38,Surat,REG-01,2024-12-18,Consumer
CUST-00792,Karan Trivedi,Male,36,Guwahati,REG-06,2023-04-24,Consumer
CUST-00793,Anika Rao,Female,36,Trivandrum,REG-03,2023-02-07,Consumer
CUST-00794,Nikhil Bose,Male,19,Ranchi,REG-04,2025-05-24,Consumer
CUST-00795,Vihaan Trivedi,Male,22,Mysore,REG-03,2024-12-21,Consumer
CUST-00796,Vivaan Reddy,Male,45,Mumbai,REG-01,2024-04-10,Consumer
CUST-00797,Aditi Saxena,Female,33,Bangalore,REG-03,2023-01-31,Corporate
CUST-00798,Vivaan Patel,Male,41,Nashik,REG-01,2024-01-05,Consumer
CUST-00799,Vikram Kapoor,Male,34,Raipur,REG-05,2023-09-23,Consumer
CUST-00800,Vihaan Malhotra,Male,34,Vadodara,REG-01,2024-02-26,Consumer
CUST-00801,Sara Trivedi,Female,44,Indore,REG-05,2025-06-27,Consumer
CUST-00802,Tanvi Rao,Female,28,Lucknow,REG-02,2024-07-01,Consumer
CUST-00803,Aarohi Verma,Female,35,Kanpur,REG-02,2025-09-22,Consumer
CUST-00804,Arjun Pandey,Male,28,Shillong,REG-06,2024-09-16,Corporate
CUST-00805,Atharv Choudhury,Male,29,Patna,REG-04,2023-03-15,Small Business
CUST-00806,Deepika Menon,Female,30,Noida,REG-02,2023-02-13,Consumer
CUST-00807,Krishna Pillai,Male,36,Noida,REG-02,2023-05-03,Consumer
CUST-00808,Riya Sharma,Female,28,Jabalpur,REG-05,2025-06-28,Consumer
CUST-00809,Sai Malhotra,Male,47,Delhi,REG-02,2024-09-16,Consumer
CUST-00810,Swati Sharma,Female,24,Ujjain,REG-05,2024-11-19,Small Business
CUST-00811,Aditi Menon,Female,31,Bangalore,REG-03,2024-11-29,Corporate
CUST-00812,Preeti Mukherjee,Female,29,Howrah,REG-04,2023-04-27,Corporate
CUST-00813,Meera Shah,Female,49,Visakhapatnam,REG-03,2025-05-18,Consumer
CUST-00814,Sneha Nair,Female,36,Nagpur,REG-01,2025-08-15,Corporate
CUST-00815,Ananya Shah,Female,45,Vadodara,REG-01,2023-06-25,Small Business
CUST-00816,Diya Chopra,Female,18,Bangalore,REG-03,2024-07-15,Consumer
CUST-00817,Aditi Kapoor,Female,36,Cuttack,REG-04,2023-01-26,Consumer
CUST-00818,Myra Pandey,Female,43,Gurgaon,REG-02,2025-06-27,Consumer
CUST-00819,Advaith Verma,Male,34,Imphal,REG-06,2024-03-22,Consumer
CUST-00820,Aadhya Nair,Female,45,Gwalior,REG-05,2024-10-05,Small Business
CUST-00821,Krishna Menon,Male,28,Bhubaneswar,REG-04,2025-10-10,Consumer
CUST-00822,Ananya Mishra,Female,49,Bangalore,REG-03,2024-04-21,Consumer
CUST-00823,Anand Bhat,Male,59,Gwalior,REG-05,2024-10-11,Consumer
CUST-00824,Aanya Aggarwal,Female,30,Agartala,REG-06,2023-02-03,Consumer
CUST-00825,Sara Rao,Female,29,Cuttack,REG-04,2024-04-25,Consumer
CUST-00826,Advaith Mehta,Male,49,Kochi,REG-03,2024-02-22,Consumer
CUST-00827,Gaurav Malhotra,Male,51,Kanpur,REG-02,2024-08-02,Consumer
CUST-00828,Rajesh Joshi,Male,28,Kanpur,REG-02,2025-02-06,Consumer
CUST-00829,Priyanka Sharma,Female,29,Mumbai,REG-01,2024-08-18,Small Business
CUST-00830,Saanvi Mehta,Female,30,Mysore,REG-03,2025-11-12,Consumer
CUST-00831,Aditi Pillai,Female,19,Patna,REG-04,2025-02-14,Corporate
CUST-00832,Manish Singh,Male,23,Noida,REG-02,2023-06-08,Small Business
CUST-00833,Anika Bhat,Other,22,Dibrugarh,REG-06,2025-05-06,Consumer
CUST-00834,Abhishek Bhat,Male,25,Cuttack,REG-04,2025-08-25,Consumer
CUST-00835,Myra Nair,Female,33,Vadodara,REG-01,2024-05-14,Consumer
CUST-00836,Sara Reddy,Female,36,Noida,REG-02,2024-05-08,Consumer
CUST-00837,Kavya Joshi,Female,51,Pune,REG-01,2025-01-11,Consumer
CUST-00838,Avani Saxena,Female,23,Gurgaon,REG-02,2024-05-16,Corporate
CUST-00839,Rahul Malhotra,Male,44,Vadodara,REG-01,2024-08-10,Consumer
CUST-00840,Pranav Mukherjee,Male,31,Hyderabad,REG-03,2025-10-09,Consumer
CUST-00841,Sunita Kumar,Female,33,Bhopal,REG-05,2023-12-08,Consumer
CUST-00842,Rohan Aggarwal,Male,41,Bilaspur,REG-05,2023-07-26,Consumer
CUST-00843,Pranav Sharma,Male,21,Kolkata,REG-04,2023-09-29,Consumer
CUST-00844,Ira Trivedi,Female,38,Gurgaon,REG-02,2025-04-03,Consumer
CUST-00845,Ishaan Mehta,Male,35,Jaipur,REG-02,2023-08-09,Small Business
CUST-00846,Manish Shah,Male,39,Ludhiana,REG-02,2025-04-17,Consumer
CUST-00847,Kavya Iyer,Female,37,Howrah,REG-04,2023-10-03,Corporate
CUST-00848,Neha Shah,Female,61,Cuttack,REG-04,2023-06-21,Consumer
CUST-00849,Rahul Joshi,Male,26,Visakhapatnam,REG-03,2025-02-15,Consumer
CUST-00850,Manish Pillai,Male,28,Noida,REG-02,2024-04-20,Consumer
CUST-00851,Rahul Bhat,Male,27,Gwalior,REG-05,2025-11-06,Corporate
CUST-00852,Shaurya Bose,Male,27,Gurgaon,REG-02,2023-10-21,Consumer
CUST-00853,Sunita Choudhury,Female,26,Vadodara,REG-01,2024-10-05,Consumer
CUST-00854,Vihaan Iyer,Male,47,Ludhiana,REG-02,2024-04-03,Corporate
CUST-00855,Deepak Nair,Male,49,Guwahati,REG-06,2024-04-19,Consumer
CUST-00856,Reyansh Rao,Male,27,Ujjain,REG-05,2023-12-12,Consumer
CUST-00857,Sunita Rao,Female,24,Kochi,REG-03,2023-01-14,Consumer
CUST-00858,Sara Gupta,Female,39,Kanpur,REG-02,2025-06-30,Consumer
CUST-00859,Diya Shah,Female,27,Pune,REG-01,2025-06-29,Corporate
CUST-00860,Aditya Mishra,Male,40,Vadodara,REG-01,2023-08-27,Small Business
CUST-00861,Meera Saxena,Female,36,Pune,REG-01,2024-10-31,Consumer
CUST-00862,Advaith Kapoor,Male,18,Howrah,REG-04,2023-06-01,Consumer
CUST-00863,Deepak Verma,Male,51,Jaipur,REG-02,2024-01-25,Corporate
CUST-00864,Sunita Kapoor,Female,53,Mumbai,REG-01,2024-05-18,Consumer
CUST-00865,Ayaan Malhotra,Male,27,Nashik,REG-01,2023-11-07,Consumer
CUST-00866,Dhruv Iyer,Male,29,Pune,REG-01,2025-11-23,Corporate
CUST-00867,Saanvi Mukherjee,Female,37,Surat,REG-01,2023-12-31,Consumer
CUST-00868,Priyanka Bose,Female,37,Kochi,REG-03,2024-12-15,Consumer
CUST-00869,Pari Trivedi,Female,41,Lucknow,REG-02,2024-08-21,Consumer
CUST-00870,Amit Bose,Male,56,Visakhapatnam,REG-03,2024-08-28,Consumer
CUST-00871,Abhishek Trivedi,Male,32,Bhubaneswar,REG-04,2025-05-09,Small Business
CUST-00872,Anand Mukherjee,Male,25,Nashik,REG-01,2024-10-15,Consumer
CUST-00873,Advik Aggarwal,Male,18,Nashik,REG-01,2025-09-28,Consumer
CUST-00874,Saanvi Iyer,Female,25,Lucknow,REG-02,2025-04-17,Consumer
CUST-00875,Angel Malhotra,Female,33,Kanpur,REG-02,2025-06-24,Consumer
CUST-00876,Vivaan Nair,Male,53,Kochi,REG-03,2024-11-26,Consumer
CUST-00877,Advaith Mukherjee,Male,28,Ahmedabad,REG-01,2024-02-27,Corporate
CUST-00878,Vikram Das,Male,36,Delhi,REG-02,2023-02-13,Corporate
CUST-00879,Suresh Chopra,Male,33,Ujjain,REG-05,2023-05-10,Consumer
CUST-00880,Atharv Rao,Male,47,Ahmedabad,REG-01,2025-03-21,Corporate
CUST-00881,Rajesh Kumar,Male,61,Raipur,REG-05,2025-04-26,Consumer
CUST-00882,Saanvi Verma,Female,28,Ujjain,REG-05,2023-07-29,Consumer
CUST-00883,Aanya Kumar,Female,28,Delhi,REG-02,2024-04-16,Consumer
CUST-00884,Aanya Nair,Female,45,Asansol,REG-04,2025-02-12,Consumer
CUST-00885,Manish Trivedi,Male,41,Noida,REG-02,2023-06-06,Consumer
CUST-00886,Tanvi Choudhury,Female,54,Delhi,REG-02,2023-11-07,Consumer
CUST-00887,Ira Gupta,Female,40,Asansol,REG-04,2024-10-01,Corporate
CUST-00888,Manish Sharma,Male,30,Ludhiana,REG-02,2024-02-20,Consumer
CUST-00889,Neha Kulkarni,Female,40,Kanpur,REG-02,2023-07-10,Consumer
CUST-00890,Krishna Kulkarni,Male,46,Lucknow,REG-02,2025-02-22,Consumer
CUST-00891,Advik Joshi,Male,43,Howrah,REG-04,2023-08-10,Consumer
CUST-00892,Saanvi Bose,Female,39,Ranchi,REG-04,2025-01-27,Consumer
CUST-00893,Ishaan Chopra,Male,45,Pune,REG-01,2023-07-15,Consumer
CUST-00894,Dhruv Pillai,Male,46,Ahmedabad,REG-01,2025-04-05,Consumer
CUST-00895,Manish Pandey,Male,49,Kochi,REG-03,2023-05-01,Corporate
CUST-00896,Ishaan Choudhury,Male,41,Gurgaon,REG-02,2023-03-16,Consumer
CUST-00897,Kavya Mishra,Female,32,Surat,REG-01,2025-09-27,Consumer
CUST-00898,Amit Reddy,Male,35,Ludhiana,REG-02,2025-11-19,Consumer
CUST-00899,Meera Patel,Female,47,Jabalpur,REG-05,2023-06-08,Consumer
CUST-00900,Pari Bhat,Female,25,Patna,REG-04,2024-02-09,Consumer
CUST-00901,Aanya Trivedi,Female,38,Gurgaon,REG-02,2025-09-24,Consumer
CUST-00902,Kavya Bose,Female,29,Pune,REG-01,2025-06-10,Small Business
CUST-00903,Sunita Malhotra,Female,34,Jaipur,REG-02,2025-01-31,Consumer
CUST-00904,Ishaan Bhat,Male,48,Mysore,REG-03,2025-11-29,Consumer
CUST-00905,Reyansh Shah,Male,36,Gurgaon,REG-02,2023-12-03,Consumer
CUST-00906,Saanvi Chopra,Female,34,Gurgaon,REG-02,2025-08-21,Consumer
CUST-00907,Diya Aggarwal,Female,19,Pune,REG-01,2025-07-28,Consumer
CUST-00908,Advaith Das,Male,42,Panaji,REG-01,2024-04-07,Consumer
CUST-00909,Reyansh Nair,Male,41,Kanpur,REG-02,2024-09-18,Consumer
CUST-00910,Swati Nair,Female,57,Kochi,REG-03,2023-06-08,Consumer
CUST-00911,Reyansh Nair,Male,30,Pune,REG-01,2023-09-17,Corporate
CUST-00912,Tanvi Bose,Female,36,Chandigarh,REG-02,2025-08-27,Consumer
CUST-00913,Ayaan Gupta,Male,36,Ahmedabad,REG-01,2023-10-21,Consumer
CUST-00914,Myra Patel,Female,51,Bhopal,REG-05,2023-10-08,Consumer
CUST-00915,Anand Kulkarni,Male,32,Noida,REG-02,2024-05-08,Consumer
CUST-00916,Advik Aggarwal,Male,37,Chandigarh,REG-02,2024-10-11,Consumer
CUST-00917,Simran Gupta,Female,40,Dibrugarh,REG-06,2024-07-22,Consumer
CUST-00918,Pooja Deshmukh,Female,36,Coimbatore,REG-03,2023-09-04,Consumer
CUST-00919,Atharv Kumar,Male,29,Panaji,REG-01,2025-08-12,Corporate
CUST-00920,Pranav Gupta,Male,36,Kochi,REG-03,2025-02-22,Consumer
CUST-00921,Saanvi Gupta,Female,45,Lucknow,REG-02,2023-01-12,Consumer
CUST-00922,Deepak Joshi,Male,22,Gwalior,REG-05,2023-01-27,Consumer
CUST-00923,Krishna Kapoor,Male,35,Bangalore,REG-03,2024-06-02,Consumer
CUST-00924,Rahul Pandey,Male,26,Nashik,REG-01,2025-07-19,Consumer
CUST-00925,Karan Kapoor,Male,47,Asansol,REG-04,2023-08-01,Consumer
CUST-00926,Abhishek Aggarwal,Male,18,Ahmedabad,REG-01,2023-09-27,Consumer
CUST-00927,Aarohi Verma,Female,27,Delhi,REG-02,2024-10-05,Consumer
CUST-00928,Preeti Gupta,Female,38,Bangalore,REG-03,2024-11-12,Corporate
CUST-00929,Myra Trivedi,Female,51,Cuttack,REG-04,2025-01-20,Consumer
CUST-00930,Ira Mukherjee,Female,33,Bilaspur,REG-05,2023-05-06,Consumer
CUST-00931,Sneha Singh,Female,27,Kolkata,REG-04,2023-12-20,Consumer
CUST-00932,Reyansh Aggarwal,Male,54,Hyderabad,REG-03,2023-01-07,Consumer
CUST-00933,Aarohi Chopra,Female,18,Noida,REG-02,2025-08-06,Consumer
CUST-00934,Pari Choudhury,Female,18,Panaji,REG-01,2023-02-11,Corporate
CUST-00935,Anika Kapoor,Female,38,Noida,REG-02,2024-05-20,Consumer
CUST-00936,Sunita Mishra,Female,28,Ahmedabad,REG-01,2024-09-27,Consumer
CUST-00937,Pari Nair,Female,22,Panaji,REG-01,2025-04-27,Consumer
CUST-00938,Abhishek Gupta,Male,41,Vadodara,REG-01,2024-06-15,Consumer
CUST-00939,Dhruv Joshi,Male,36,Mysore,REG-03,2025-07-09,Corporate
CUST-00940,Pari Verma,Female,27,Silchar,REG-06,2025-02-28,Consumer
CUST-00941,Anushka Mukherjee,Female,19,Chandigarh,REG-02,2024-02-29,Consumer
CUST-00942,Pooja Pandey,Female,43,Bhubaneswar,REG-04,2023-07-05,Consumer
CUST-00943,Reyansh Deshmukh,Male,41,Noida,REG-02,2025-11-24,Consumer
CUST-00944,Arjun Deshmukh,Male,32,Mysore,REG-03,2025-02-12,Consumer
CUST-00945,Myra Aggarwal,Female,54,Panaji,REG-01,2023-01-17,Consumer
CUST-00946,Shaurya Kapoor,Male,22,Indore,REG-05,2025-01-03,Consumer
CUST-00947,Sai Menon,Male,18,Nashik,REG-01,2025-06-09,Corporate
CUST-00948,Ayaan Nair,Male,26,Cuttack,REG-04,2024-11-22,Consumer
CUST-00949,Vivaan Shah,Male,33,Ujjain,REG-05,2025-11-04,Consumer
CUST-00950,Krishna Pillai,Male,36,Delhi,REG-02,2023-12-02,Consumer
CUST-00951,Sunita Das,Female,31,Silchar,REG-06,2024-02-11,Small Business
CUST-00952,Ananya Singh,Female,37,Bangalore,REG-03,2023-07-05,Consumer
CUST-00953,Aditi Joshi,Female,20,Gurgaon,REG-02,2025-08-01,Consumer
CUST-00954,Abhishek Kumar,Male,49,Noida,REG-02,2024-01-14,Consumer
CUST-00955,Aditya Choudhury,Male,33,Panaji,REG-01,2023-01-11,Consumer
CUST-00956,Dhruv Rao,Male,46,Kochi,REG-03,2025-08-25,Consumer
CUST-00957,Anushka Reddy,Female,37,Kolkata,REG-04,2025-03-04,Consumer
CUST-00958,Ananya Bose,Female,39,Bhubaneswar,REG-04,2025-05-19,Consumer
CUST-00959,Sara Kulkarni,Female,40,Bangalore,REG-03,2024-03-30,Corporate
CUST-00960,Ayaan Joshi,Male,38,Delhi,REG-02,2025-03-26,Small Business
CUST-00961,Ananya Kulkarni,Female,41,Surat,REG-01,2024-09-10,Consumer
CUST-00962,Amit Kumar,Male,48,Chandigarh,REG-02,2024-09-29,Consumer
CUST-00963,Aanya Nair,Female,36,Imphal,REG-06,2024-01-03,Consumer
CUST-00964,Simran Mehta,Female,41,Noida,REG-02,2024-12-10,Consumer
CUST-00965,Karan Bose,Male,33,Kolkata,REG-04,2023-11-26,Consumer
CUST-00966,Ira Malhotra,Female,49,Ludhiana,REG-02,2025-04-02,Consumer
CUST-00967,Pranav Nair,Male,26,Kolkata,REG-04,2025-07-11,Consumer
CUST-00968,Anushka Chopra,Female,53,Raipur,REG-05,2023-08-17,Corporate
CUST-00969,Ananya Menon,Other,33,Noida,REG-02,2023-11-04,Consumer
CUST-00970,Anushka Pillai,Female,18,Ludhiana,REG-02,2025-06-09,Consumer
CUST-00971,Vihaan Mishra,Male,35,Mysore,REG-03,2023-04-13,Corporate
CUST-00972,Angel Mukherjee,Female,26,Chandigarh,REG-02,2023-02-18,Consumer
CUST-00973,Atharv Mukherjee,Male,43,Panaji,REG-01,2024-09-01,Consumer
CUST-00974,Sara Choudhury,Female,26,Nagpur,REG-01,2024-05-24,Consumer
CUST-00975,Ananya Choudhury,Female,29,Nashik,REG-01,2025-06-01,Corporate
CUST-00976,Advaith Aggarwal,Male,18,Visakhapatnam,REG-03,2023-03-25,Consumer
CUST-00977,Arjun Das,Male,29,Dibrugarh,REG-06,2023-07-27,Consumer
CUST-00978,Sai Chopra,Other,18,Bilaspur,REG-05,2024-09-10,Consumer
CUST-00979,Manish Nair,Male,18,Howrah,REG-04,2023-06-12,Corporate
CUST-00980,Vihaan Saxena,Male,42,Vadodara,REG-01,2024-09-12,Consumer
CUST-00981,Aditi Reddy,Female,42,Kolkata,REG-04,2025-02-05,Consumer
CUST-00982,Deepak Mukherjee,Male,38,Gurgaon,REG-02,2024-07-20,Consumer
CUST-00983,Advik Shah,Male,23,Vadodara,REG-01,2024-07-12,Consumer
CUST-00984,Rajesh Mukherjee,Male,33,Coimbatore,REG-03,2024-06-30,Consumer
CUST-00985,Deepika Chopra,Female,33,Surat,REG-01,2023-02-07,Consumer
CUST-00986,Vikram Iyer,Male,21,Cuttack,REG-04,2025-08-01,Consumer
CUST-00987,Myra Rao,Female,50,Delhi,REG-02,2024-12-03,Consumer
CUST-00988,Advaith Singh,Male,43,Ludhiana,REG-02,2024-03-07,Consumer
CUST-00989,Advik Nair,Male,31,Noida,REG-02,2025-09-23,Consumer
CUST-00990,Reyansh Choudhury,Male,34,Agartala,REG-06,2024-09-14,Consumer
CUST-00991,Anand Deshmukh,Male,36,Ahmedabad,REG-01,2024-12-21,Consumer
CUST-00992,Nikhil Sharma,Male,18,Bhubaneswar,REG-04,2025-10-02,Small Business
CUST-00993,Rohan Singh,Male,31,Noida,REG-02,2023-07-18,Consumer
CUST-00994,Vihaan Pillai,Male,26,Gurgaon,REG-02,2025-04-01,Consumer
CUST-00995,Reyansh Mukherjee,Male,22,Raipur,REG-05,2024-10-16,Corporate
CUST-00996,Shreya Trivedi,Female,30,Mysore,REG-03,2025-10-25,Consumer
CUST-00997,Karan Bose,Male,53,Visakhapatnam,REG-03,2024-08-09,Corporate
CUST-00998,Deepak Mishra,Male,41,Vadodara,REG-01,2023-01-07,Consumer
CUST-00999,Advaith Kapoor,Male,27,Pune,REG-01,2025-02-24,Consumer
CUST-01000,Pranav Mukherjee,Male,40,Mumbai,REG-01,2024-04-04,Consumer
CUST-01001,Aadhya Das,Female,49,Trivandrum,REG-03,2023-02-16,Consumer
CUST-01002,Rahul Kapoor,Male,44,Noida,REG-02,2025-01-28,Consumer
CUST-01003,Aditi Kapoor,Female,34,Lucknow,REG-02,2023-11-27,Consumer
CUST-01004,Navya Kumar,Female,26,Lucknow,REG-02,2024-10-22,Consumer
CUST-01005,Aarav Gupta,Male,41,Visakhapatnam,REG-03,2024-05-16,Consumer
CUST-01006,Ayaan Saxena,Male,38,Nashik,REG-01,2025-10-21,Consumer
CUST-01007,Simran Chopra,Female,43,Indore,REG-05,2024-05-16,Consumer
CUST-01008,Saanvi Choudhury,Female,40,Nagpur,REG-01,2025-11-30,Small Business
CUST-01009,Aadhya Saxena,Female,45,Chandigarh,REG-02,2023-09-05,Consumer
CUST-01010,Pooja Aggarwal,Female,28,Nashik,REG-01,2023-05-03,Consumer
CUST-01011,Gaurav Choudhury,Male,48,Bhubaneswar,REG-04,2025-03-29,Consumer
CUST-01012,Amit Deshmukh,Male,36,Noida,REG-02,2023-08-01,Consumer
CUST-01013,Gaurav Pillai,Male,56,Kolkata,REG-04,2023-12-13,Consumer
CUST-01014,Ananya Shah,Female,26,Nashik,REG-01,2024-03-06,Consumer
CUST-01015,Suresh Patel,Male,53,Ludhiana,REG-02,2024-05-16,Corporate
CUST-01016,Suresh Deshmukh,Male,36,Ludhiana,REG-02,2024-06-12,Consumer
CUST-01017,Tanvi Singh,Female,26,Vadodara,REG-01,2023-02-23,Consumer
CUST-01018,Atharv Aggarwal,Male,28,Gurgaon,REG-02,2024-09-16,Consumer
CUST-01019,Ishaan Singh,Male,30,Howrah,REG-04,2023-09-21,Consumer
CUST-01020,Advik Nair,Male,38,Bangalore,REG-03,2024-03-09,Consumer
CUST-01021,Aarav Nair,Male,39,Kanpur,REG-02,2025-09-03,Consumer
CUST-01022,Atharv Kapoor,Male,27,Panaji,REG-01,2025-02-05,Consumer
CUST-01023,Deepika Kumar,Female,33,Jabalpur,REG-05,2023-12-26,Consumer
CUST-01024,Anand Patel,Male,57,Chandigarh,REG-02,2024-02-27,Consumer
CUST-01025,Nikhil Choudhury,Male,53,Howrah,REG-04,2024-02-08,Consumer
CUST-01026,Deepak Kapoor,Male,38,Ujjain,REG-05,2024-04-12,Corporate
CUST-01027,Vivaan Bose,Male,34,Mysore,REG-03,2025-11-05,Consumer
CUST-01028,Pooja Mishra,Female,35,Asansol,REG-04,2023-06-12,Small Business
CUST-01029,Rahul Bhat,Male,40,Vadodara,REG-01,2024-01-10,Consumer
CUST-01030,Navya Reddy,Female,22,Ranchi,REG-04,2023-12-30,Consumer
CUST-01031,Pooja Nair,Female,31,Surat,REG-01,2023-05-11,Small Business
CUST-01032,Ishaan Verma,Male,18,Surat,REG-01,2025-09-04,Consumer
CUST-01033,Aditi Verma,Female,38,Noida,REG-02,2024-02-07,Consumer
CUST-01034,Dhruv Gupta,Male,41,Surat,REG-01,2025-09-24,Consumer
CUST-01035,Pranav Mishra,Male,28,Bilaspur,REG-05,2025-06-25,Corporate
CUST-01036,Rajesh Kapoor,Male,51,Visakhapatnam,REG-03,2023-01-02,Consumer
CUST-01037,Krishna Kulkarni,Male,20,Mysore,REG-03,2025-11-04,Consumer
CUST-01038,Amit Iyer,Male,18,Lucknow,REG-02,2024-11-29,Consumer
CUST-01039,Diya Kapoor,Female,36,Gurgaon,REG-02,2025-09-25,Consumer
CUST-01040,Sneha Kulkarni,Female,45,Hyderabad,REG-03,2023-05-15,Corporate
CUST-01041,Aarohi Shah,Female,52,Raipur,REG-05,2024-01-10,Consumer
CUST-01042,Ayaan Gupta,Male,28,Chandigarh,REG-02,2024-10-17,Corporate
CUST-01043,Anand Iyer,Male,45,Indore,REG-05,2023-11-13,Consumer
CUST-01044,Advik Saxena,Male,33,Ahmedabad,REG-01,2023-11-18,Consumer
CUST-01045,Dhruv Kapoor,Male,32,Trivandrum,REG-03,2024-07-05,Consumer
CUST-01046,Deepak Mishra,Male,43,Raipur,REG-05,2023-10-24,Consumer
CUST-01047,Simran Choudhury,Female,41,Chandigarh,REG-02,2025-05-21,Consumer
CUST-01048,Saanvi Menon,Female,18,Bhopal,REG-05,2025-04-17,Consumer
CUST-01049,Avani Menon,Female,50,Lucknow,REG-02,2024-03-03,Consumer
CUST-01050,Gaurav Joshi,Male,49,Nagpur,REG-01,2025-02-22,Consumer
CUST-01051,Anika Saxena,Female,27,Nashik,REG-01,2024-07-15,Consumer
CUST-01052,Shaurya Choudhury,Male,38,Visakhapatnam,REG-03,2023-04-05,Corporate
CUST-01053,Deepak Aggarwal,Male,39,Coimbatore,REG-03,2025-02-07,Consumer
CUST-01054,Shaurya Nair,Male,36,Visakhapatnam,REG-03,2024-08-05,Consumer
CUST-01055,Manish Patel,Male,27,Kanpur,REG-02,2023-11-07,Corporate
CUST-01056,Neha Gupta,Female,26,Visakhapatnam,REG-03,2024-05-17,Consumer
CUST-01057,Shreya Nair,Female,33,Coimbatore,REG-03,2023-02-14,Consumer
CUST-01058,Preeti Saxena,Female,46,Howrah,REG-04,2024-10-04,Small Business
CUST-01059,Nikhil Deshmukh,Male,39,Patna,REG-04,2024-01-13,Consumer
CUST-01060,Atharv Chopra,Male,29,Vadodara,REG-01,2024-06-06,Consumer
CUST-01061,Ananya Mehta,Female,42,Trivandrum,REG-03,2025-03-22,Corporate
CUST-01062,Simran Bhat,Female,18,Panaji,REG-01,2023-02-03,Consumer
CUST-01063,Aadhya Mishra,Other,46,Asansol,REG-04,2025-10-04,Consumer
CUST-01064,Aditya Choudhury,Male,18,Pune,REG-01,2023-08-19,Consumer
CUST-01065,Preeti Mishra,Female,30,Nashik,REG-01,2024-01-26,Corporate
CUST-01066,Kavya Pandey,Female,21,Ludhiana,REG-02,2023-11-08,Consumer
CUST-01067,Amit Pillai,Male,19,Kanpur,REG-02,2023-02-13,Consumer
CUST-01068,Vikram Pandey,Male,46,Delhi,REG-02,2024-04-06,Consumer
CUST-01069,Karan Reddy,Male,28,Mysore,REG-03,2025-07-26,Consumer
CUST-01070,Gaurav Pillai,Male,37,Bilaspur,REG-05,2023-11-09,Consumer
CUST-01071,Ishaan Kumar,Male,33,Mumbai,REG-01,2023-09-18,Consumer
CUST-01072,Myra Mishra,Female,39,Lucknow,REG-02,2024-03-03,Consumer
CUST-01073,Krishna Reddy,Male,34,Indore,REG-05,2024-12-28,Consumer
CUST-01074,Avani Mehta,Female,19,Jabalpur,REG-05,2023-02-22,Consumer
CUST-01075,Meera Gupta,Female,44,Ludhiana,REG-02,2025-06-17,Consumer
CUST-01076,Advik Pillai,Male,28,Kolkata,REG-04,2023-12-25,Consumer
CUST-01077,Sneha Mehta,Female,18,Surat,REG-01,2023-09-04,Small Business
CUST-01078,Sara Choudhury,Female,29,Imphal,REG-06,2024-01-27,Consumer
CUST-01079,Kabir Joshi,Male,50,Chennai,REG-03,2025-07-24,Consumer
CUST-01080,Pranav Bose,Male,43,Guwahati,REG-06,2024-12-27,Consumer
CUST-01081,Aditya Mukherjee,Male,30,Dibrugarh,REG-06,2024-09-07,Consumer
CUST-01082,Deepika Kapoor,Female,30,Ranchi,REG-04,2023-02-02,Small Business
CUST-01083,Amit Trivedi,Male,30,Gurgaon,REG-02,2024-05-24,Consumer
CUST-01084,Kabir Singh,Male,56,Nashik,REG-01,2023-03-21,Consumer
CUST-01085,Preeti Choudhury,Female,38,Mysore,REG-03,2025-04-29,Corporate
CUST-01086,Sai Shah,Male,38,Hyderabad,REG-03,2024-01-07,Consumer
CUST-01087,Aditi Kumar,Female,45,Surat,REG-01,2024-09-18,Consumer
CUST-01088,Gaurav Nair,Male,36,Bangalore,REG-03,2023-02-22,Consumer
CUST-01089,Aanya Choudhury,Female,31,Jabalpur,REG-05,2023-04-06,Consumer
CUST-01090,Meera Bhat,Female,31,Pune,REG-01,2023-01-31,Consumer
CUST-01091,Pranav Patel,Male,33,Nashik,REG-01,2025-08-09,Small Business
CUST-01092,Pooja Deshmukh,Female,33,Mumbai,REG-01,2024-09-29,Consumer
CUST-01093,Angel Singh,Female,42,Jaipur,REG-02,2023-07-17,Consumer
CUST-01094,Preeti Pillai,Female,34,Surat,REG-01,2025-11-20,Consumer
CUST-01095,Navya Malhotra,Female,42,Pune,REG-01,2025-04-07,Consumer
CUST-01096,Navya Reddy,Female,33,Vadodara,REG-01,2024-11-04,Consumer
CUST-01097,Rahul Bhat,Male,34,Coimbatore,REG-03,2023-09-27,Consumer
CUST-01098,Arjun Pillai,Male,18,Asansol,REG-04,2023-03-12,Corporate
CUST-01099,Deepika Verma,Female,44,Patna,REG-04,2023-01-30,Consumer
CUST-01100,Rajesh Reddy,Male,37,Panaji,REG-01,2023-01-24,Consumer
CUST-01101,Atharv Gupta,Male,44,Trivandrum,REG-03,2025-07-14,Small Business
CUST-01102,Krishna Rao,Male,18,Chandigarh,REG-02,2025-11-19,Small Business
CUST-01103,Abhishek Kumar,Male,56,Ludhiana,REG-02,2025-07-23,Consumer
CUST-01104,Myra Menon,Female,32,Chennai,REG-03,2025-01-18,Consumer
CUST-01105,Rohan Singh,Male,46,Nashik,REG-01,2023-08-16,Consumer
CUST-01106,Ananya Mishra,Female,22,Ludhiana,REG-02,2025-06-12,Consumer
CUST-01107,Preeti Bhat,Female,40,Surat,REG-01,2023-10-18,Corporate
CUST-01108,Aarav Gupta,Male,22,Bhubaneswar,REG-04,2023-11-07,Consumer
CUST-01109,Aanya Saxena,Female,27,Kochi,REG-03,2023-12-08,Consumer
CUST-01110,Sai Kapoor,Male,55,Kochi,REG-03,2023-11-08,Consumer
CUST-01111,Kavya Mishra,Female,31,Mumbai,REG-01,2025-03-31,Consumer
CUST-01112,Kavya Trivedi,Female,36,Mysore,REG-03,2023-10-06,Corporate
CUST-01113,Aditya Nair,Male,43,Howrah,REG-04,2024-09-30,Consumer
CUST-01114,Priyanka Patel,Female,39,Nagpur,REG-01,2023-10-15,Consumer
CUST-01115,Tanvi Saxena,Female,35,Shillong,REG-06,2025-03-12,Corporate
CUST-01116,Ira Pillai,Female,38,Panaji,REG-01,2023-05-25,Consumer
CUST-01117,Ananya Trivedi,Female,60,Gurgaon,REG-02,2024-02-26,Consumer
CUST-01118,Tanvi Chopra,Female,33,Pune,REG-01,2024-09-29,Consumer
CUST-01119,Priyanka Kulkarni,Female,36,Nashik,REG-01,2024-09-03,Corporate
CUST-01120,Priyanka Deshmukh,Female,45,Panaji,REG-01,2024-07-11,Small Business
CUST-01121,Gaurav Trivedi,Male,46,Ludhiana,REG-02,2025-05-22,Consumer
CUST-01122,Anushka Mishra,Female,47,Asansol,REG-04,2024-08-19,Consumer
CUST-01123,Manish Das,Male,41,Agartala,REG-06,2024-05-09,Corporate
CUST-01124,Simran Aggarwal,Female,21,Imphal,REG-06,2023-04-27,Consumer
CUST-01125,Angel Pandey,Female,51,Bhubaneswar,REG-04,2024-05-30,Consumer
CUST-01126,Anand Pandey,Male,21,Panaji,REG-01,2023-06-20,Consumer
CUST-01127,Riya Reddy,Female,37,Kochi,REG-03,2025-06-07,Consumer
CUST-01128,Nikhil Pandey,Male,25,Cuttack,REG-04,2025-02-08,Consumer
CUST-01129,Shreya Bose,Female,33,Pune,REG-01,2023-07-21,Consumer
CUST-01130,Nikhil Reddy,Male,37,Kanpur,REG-02,2025-03-17,Consumer
CUST-01131,Amit Saxena,Male,37,Ludhiana,REG-02,2023-03-18,Small Business
CUST-01132,Deepika Choudhury,Female,38,Howrah,REG-04,2023-02-22,Consumer
CUST-01133,Amit Chopra,Male,51,Nagpur,REG-01,2023-02-28,Corporate
CUST-01134,Angel Joshi,Female,38,Bhubaneswar,REG-04,2024-12-22,Small Business
CUST-01135,Advaith Saxena,Male,31,Nashik,REG-01,2024-06-22,Corporate
CUST-01136,Rohan Menon,Male,44,Bilaspur,REG-05,2024-10-21,Corporate
CUST-01137,Tanvi Pandey,Female,47,Nashik,REG-01,2023-07-02,Consumer
CUST-01138,Meera Saxena,Female,20,Indore,REG-05,2024-10-10,Corporate
CUST-01139,Manish Patel,Male,40,Mysore,REG-03,2025-10-15,Consumer
CUST-01140,Anika Nair,Female,41,Jabalpur,REG-05,2024-12-19,Consumer
CUST-01141,Atharv Menon,Male,30,Ahmedabad,REG-01,2024-10-23,Consumer
CUST-01142,Ishaan Shah,Male,49,Coimbatore,REG-03,2023-12-31,Consumer
CUST-01143,Anika Patel,Female,32,Nagpur,REG-01,2024-06-23,Consumer
CUST-01144,Atharv Bose,Male,35,Nagpur,REG-01,2023-08-01,Corporate
CUST-01145,Sunita Trivedi,Female,32,Cuttack,REG-04,2023-06-18,Consumer
CUST-01146,Gaurav Verma,Male,34,Ahmedabad,REG-01,2024-07-14,Consumer
CUST-01147,Suresh Reddy,Male,21,Surat,REG-01,2025-06-20,Consumer
CUST-01148,Aarav Iyer,Male,18,Mumbai,REG-01,2025-09-16,Corporate
CUST-01149,Rohan Pillai,Male,51,Ahmedabad,REG-01,2025-11-28,Consumer
CUST-01150,Sunita Trivedi,Female,24,Dibrugarh,REG-06,2024-06-19,Consumer
CUST-01151,Shreya Saxena,Other,23,Jaipur,REG-02,2025-01-16,Small Business
CUST-01152,Myra Rao,Female,18,Gurgaon,REG-02,2024-10-20,Corporate
CUST-01153,Dhruv Saxena,Other,26,Hyderabad,REG-03,2023-07-17,Small Business
CUST-01154,Sneha Aggarwal,Female,19,Jaipur,REG-02,2023-08-03,Corporate
CUST-01155,Meera Joshi,Female,52,Howrah,REG-04,2024-04-03,Consumer
CUST-01156,Aanya Deshmukh,Female,45,Visakhapatnam,REG-03,2025-06-12,Consumer
CUST-01157,Vivaan Rao,Other,26,Delhi,REG-02,2024-12-12,Consumer
CUST-01158,Aadhya Malhotra,Female,58,Chandigarh,REG-02,2024-05-31,Small Business
CUST-01159,Anushka Das,Female,44,Hyderabad,REG-03,2025-03-22,Consumer
CUST-01160,Rohan Aggarwal,Male,30,Mysore,REG-03,2024-04-21,Consumer
CUST-01161,Kavya Singh,Female,18,Howrah,REG-04,2024-10-06,Corporate
CUST-01162,Aanya Aggarwal,Female,59,Cuttack,REG-04,2023-09-03,Corporate
CUST-01163,Aditya Bhat,Male,18,Gurgaon,REG-02,2024-02-03,Consumer
CUST-01164,Tanvi Kumar,Female,18,Bhopal,REG-05,2025-10-10,Corporate
CUST-01165,Vihaan Bose,Male,45,Trivandrum,REG-03,2025-04-14,Consumer
CUST-01166,Karan Chopra,Male,60,Vadodara,REG-01,2024-12-28,Consumer
CUST-01167,Krishna Kulkarni,Male,49,Vadodara,REG-01,2025-04-02,Consumer
CUST-01168,Amit Kapoor,Male,40,Nashik,REG-01,2023-07-12,Consumer
CUST-01169,Vikram Verma,Male,40,Guwahati,REG-06,2025-02-03,Consumer
CUST-01170,Kabir Sharma,Male,43,Nagpur,REG-01,2024-09-19,Consumer
CUST-01171,Neha Joshi,Female,42,Indore,REG-05,2024-01-22,Consumer
CUST-01172,Rohan Gupta,Male,37,Guwahati,REG-06,2023-11-13,Consumer
CUST-01173,Sunita Deshmukh,Female,35,Asansol,REG-04,2023-12-30,Consumer
CUST-01174,Avani Sharma,Female,33,Chennai,REG-03,2024-09-30,Small Business
CUST-01175,Anand Kumar,Male,25,Hyderabad,REG-03,2023-07-24,Consumer
CUST-01176,Priyanka Shah,Female,30,Ludhiana,REG-02,2025-03-07,Corporate
CUST-01177,Shreya Rao,Female,18,Surat,REG-01,2025-01-18,Consumer
CUST-01178,Riya Gupta,Female,32,Kolkata,REG-04,2025-01-03,Consumer
CUST-01179,Saanvi Saxena,Other,23,Bilaspur,REG-05,2023-07-22,Corporate
CUST-01180,Amit Chopra,Male,21,Gwalior,REG-05,2025-03-18,Corporate
CUST-01181,Diya Chopra,Female,35,Surat,REG-01,2024-08-22,Small Business
CUST-01182,Pranav Bose,Male,49,Mumbai,REG-01,2025-10-03,Consumer
CUST-01183,Priyanka Bose,Female,44,Chandigarh,REG-02,2023-04-23,Consumer
CUST-01184,Aditya Iyer,Male,18,Bilaspur,REG-05,2023-12-22,Consumer
CUST-01185,Pooja Sharma,Female,23,Vadodara,REG-01,2025-02-27,Consumer
CUST-01186,Aanya Pandey,Female,44,Asansol,REG-04,2025-06-07,Corporate
CUST-01187,Pari Bhat,Female,23,Delhi,REG-02,2024-03-15,Consumer
CUST-01188,Sunita Reddy,Female,31,Kolkata,REG-04,2024-02-21,Consumer
CUST-01189,Priyanka Sharma,Female,40,Nagpur,REG-01,2024-02-26,Small Business
CUST-01190,Ishaan Sharma,Male,23,Bilaspur,REG-05,2024-11-08,Small Business
CUST-01191,Anushka Reddy,Other,35,Kanpur,REG-02,2023-04-02,Consumer
CUST-01192,Priyanka Malhotra,Female,19,Kanpur,REG-02,2024-09-26,Consumer
CUST-01193,Meera Shah,Female,27,Delhi,REG-02,2025-05-01,Corporate
CUST-01194,Gaurav Trivedi,Male,37,Nashik,REG-01,2024-06-03,Consumer
CUST-01195,Ira Verma,Female,18,Ranchi,REG-04,2023-09-21,Consumer
CUST-01196,Amit Mehta,Male,38,Nashik,REG-01,2023-05-17,Consumer
CUST-01197,Manish Nair,Male,33,Dibrugarh,REG-06,2025-03-26,Consumer
CUST-01198,Karan Pillai,Male,40,Noida,REG-02,2025-03-19,Corporate
CUST-01199,Aadhya Rao,Female,36,Indore,REG-05,2023-09-18,Consumer
CUST-01200,Dhruv Mehta,Male,49,Mumbai,REG-01,2025-03-05,Consumer
CUST-01201,Aditi Patel,Female,35,Panaji,REG-01,2025-06-16,Corporate
CUST-01202,Nikhil Verma,Male,29,Kochi,REG-03,2024-03-06,Corporate
CUST-01203,Aarav Singh,Male,35,Chandigarh,REG-02,2023-12-26,Consumer
CUST-01204,Amit Verma,Male,39,Gurgaon,REG-02,2024-08-20,Consumer
CUST-01205,Amit Gupta,Male,34,Ludhiana,REG-02,2023-02-21,Corporate
CUST-01206,Ayaan Das,Male,34,Hyderabad,REG-03,2023-10-21,Consumer
CUST-01207,Vihaan Malhotra,Male,26,Mumbai,REG-01,2023-12-14,Corporate
CUST-01208,Vivaan Singh,Male,26,Bilaspur,REG-05,2024-04-23,Consumer
CUST-01209,Vivaan Pandey,Male,18,Noida,REG-02,2024-04-04,Corporate
CUST-01210,Rohan Patel,Male,53,Nashik,REG-01,2025-03-01,Consumer
CUST-01211,Avani Shah,Female,20,Howrah,REG-04,2025-10-01,Consumer
CUST-01212,Amit Deshmukh,Male,26,Hyderabad,REG-03,2025-07-19,Consumer
CUST-01213,Arjun Iyer,Male,26,Hyderabad,REG-03,2025-03-06,Small Business
CUST-01214,Sara Choudhury,Female,43,Vadodara,REG-01,2023-10-22,Consumer
CUST-01215,Abhishek Rao,Male,30,Jabalpur,REG-05,2023-09-14,Corporate
CUST-01216,Advik Mukherjee,Male,47,Jabalpur,REG-05,2025-07-15,Consumer
CUST-01217,Atharv Chopra,Male,26,Kanpur,REG-02,2023-09-30,Corporate
CUST-01218,Reyansh Aggarwal,Male,37,Surat,REG-01,2025-01-14,Small Business
CUST-01219,Tanvi Saxena,Female,24,Chandigarh,REG-02,2024-03-13,Consumer
CUST-01220,Rohan Kapoor,Male,57,Kanpur,REG-02,2023-04-15,Consumer
CUST-01221,Abhishek Kumar,Male,20,Trivandrum,REG-03,2024-01-05,Small Business
CUST-01222,Reyansh Bose,Male,37,Hyderabad,REG-03,2024-07-13,Small Business
CUST-01223,Tanvi Singh,Female,40,Kochi,REG-03,2023-11-05,Consumer
CUST-01224,Karan Choudhury,Male,38,Nashik,REG-01,2024-10-09,Consumer
CUST-01225,Sneha Choudhury,Female,31,Bangalore,REG-03,2023-07-18,Corporate
CUST-01226,Aarav Shah,Male,32,Bhopal,REG-05,2024-11-09,Corporate
CUST-01227,Abhishek Joshi,Male,34,Ahmedabad,REG-01,2024-03-12,Consumer
CUST-01228,Vikram Shah,Male,32,Ludhiana,REG-02,2025-08-30,Consumer
CUST-01229,Ishaan Mehta,Male,44,Patna,REG-04,2023-11-08,Consumer
CUST-01230,Deepak Das,Male,58,Ludhiana,REG-02,2024-07-29,Consumer
CUST-01231,Aarohi Malhotra,Female,27,Imphal,REG-06,2023-07-18,Corporate
CUST-01232,Advik Kulkarni,Male,18,Gurgaon,REG-02,2023-02-10,Consumer
CUST-01233,Manish Shah,Other,33,Gurgaon,REG-02,2025-07-05,Corporate
CUST-01234,Shreya Pillai,Female,62,Jaipur,REG-02,2023-06-24,Corporate
CUST-01235,Arjun Das,Male,25,Kanpur,REG-02,2023-11-03,Consumer
CUST-01236,Shreya Gupta,Female,52,Agartala,REG-06,2024-08-21,Consumer
CUST-01237,Aadhya Joshi,Female,52,Visakhapatnam,REG-03,2023-02-02,Consumer
CUST-01238,Pari Joshi,Female,27,Indore,REG-05,2025-11-17,Consumer
CUST-01239,Swati Sharma,Female,40,Hyderabad,REG-03,2023-04-17,Consumer
CUST-01240,Angel Deshmukh,Female,51,Agartala,REG-06,2023-03-24,Consumer
CUST-01241,Ira Deshmukh,Other,29,Mysore,REG-03,2023-03-06,Consumer
CUST-01242,Priyanka Sharma,Female,31,Kolkata,REG-04,2024-09-11,Consumer
CUST-01243,Ira Bose,Female,27,Vadodara,REG-01,2025-02-07,Consumer
CUST-01244,Preeti Saxena,Female,22,Jaipur,REG-02,2023-09-29,Small Business
CUST-01245,Pooja Gupta,Female,26,Coimbatore,REG-03,2023-06-20,Small Business
CUST-01246,Aadhya Saxena,Female,20,Mysore,REG-03,2025-11-08,Corporate
CUST-01247,Arjun Saxena,Male,34,Patna,REG-04,2023-06-02,Consumer
CUST-01248,Rahul Saxena,Male,25,Pune,REG-01,2023-06-04,Consumer
CUST-01249,Rajesh Chopra,Male,36,Gwalior,REG-05,2023-05-25,Consumer
CUST-01250,Preeti Deshmukh,Female,18,Mysore,REG-03,2023-08-05,Consumer
CUST-01251,Arjun Gupta,Male,37,Bhopal,REG-05,2024-01-16,Consumer
CUST-01252,Saanvi Mukherjee,Female,43,Patna,REG-04,2024-03-06,Consumer
CUST-01253,Shaurya Kapoor,Male,18,Visakhapatnam,REG-03,2024-02-09,Consumer
CUST-01254,Suresh Kumar,Male,38,Delhi,REG-02,2025-06-25,Consumer
CUST-01255,Sai Gupta,Male,47,Lucknow,REG-02,2023-09-11,Consumer
CUST-01256,Sai Mishra,Male,20,Lucknow,REG-02,2023-11-29,Consumer
CUST-01257,Diya Das,Female,52,Chandigarh,REG-02,2024-03-22,Consumer
CUST-01258,Meera Reddy,Female,38,Coimbatore,REG-03,2024-07-30,Corporate
CUST-01259,Aditya Kulkarni,Male,26,Delhi,REG-02,2025-05-30,Consumer
CUST-01260,Anushka Deshmukh,Female,33,Pune,REG-01,2024-10-14,Consumer
CUST-01261,Sara Aggarwal,Female,40,Chennai,REG-03,2024-06-21,Corporate
CUST-01262,Atharv Choudhury,Male,34,Bhubaneswar,REG-04,2025-10-20,Consumer
CUST-01263,Rohan Choudhury,Male,39,Ahmedabad,REG-01,2023-03-29,Consumer
CUST-01264,Abhishek Deshmukh,Male,23,Kanpur,REG-02,2025-08-07,Corporate
CUST-01265,Arjun Singh,Male,35,Ranchi,REG-04,2025-05-09,Small Business
CUST-01266,Aditi Chopra,Female,18,Gurgaon,REG-02,2025-03-29,Consumer
CUST-01267,Gaurav Malhotra,Male,32,Indore,REG-05,2024-01-12,Consumer
CUST-01268,Dhruv Singh,Male,24,Lucknow,REG-02,2023-02-14,Consumer
CUST-01269,Gaurav Mishra,Male,25,Kochi,REG-03,2024-01-25,Consumer
CUST-01270,Kavya Mukherjee,Female,47,Shillong,REG-06,2025-09-25,Small Business
CUST-01271,Vihaan Patel,Male,46,Dibrugarh,REG-06,2025-09-03,Consumer
CUST-01272,Kabir Kulkarni,Male,40,Ranchi,REG-04,2025-10-01,Consumer
CUST-01273,Sai Chopra,Male,21,Trivandrum,REG-03,2023-09-07,Consumer
CUST-01274,Myra Choudhury,Female,30,Gurgaon,REG-02,2025-01-26,Consumer
CUST-01275,Aarav Deshmukh,Male,47,Lucknow,REG-02,2024-03-04,Small Business
CUST-01276,Swati Mishra,Female,35,Bilaspur,REG-05,2025-09-02,Corporate
CUST-01277,Neha Saxena,Female,59,Lucknow,REG-02,2023-09-18,Small Business
CUST-01278,Neha Shah,Female,38,Surat,REG-01,2024-05-25,Consumer
CUST-01279,Aarav Chopra,Male,36,Chennai,REG-03,2025-02-25,Corporate
CUST-01280,Aadhya Bhat,Female,30,Coimbatore,REG-03,2023-05-18,Consumer
CUST-01281,Aditi Menon,Female,35,Gurgaon,REG-02,2025-01-15,Corporate
CUST-01282,Ayaan Reddy,Male,32,Mysore,REG-03,2024-12-30,Corporate
CUST-01283,Arjun Saxena,Male,41,Jaipur,REG-02,2025-09-19,Small Business
CUST-01284,Pooja Gupta,Female,44,Howrah,REG-04,2024-01-21,Small Business
CUST-01285,Aarohi Iyer,Female,25,Howrah,REG-04,2024-02-04,Consumer
CUST-01286,Ayaan Saxena,Male,19,Delhi,REG-02,2024-09-02,Consumer
CUST-01287,Aarav Sharma,Male,18,Trivandrum,REG-03,2023-06-11,Consumer
CUST-01288,Ananya Deshmukh,Female,39,Hyderabad,REG-03,2025-06-28,Corporate
CUST-01289,Krishna Deshmukh,Male,21,Ludhiana,REG-02,2024-08-06,Consumer
CUST-01290,Aarav Mehta,Male,18,Panaji,REG-01,2025-09-04,Consumer
CUST-01291,Manish Bose,Male,38,Trivandrum,REG-03,2024-10-25,Consumer
CUST-01292,Gaurav Menon,Male,61,Vadodara,REG-01,2024-10-25,Consumer
CUST-01293,Sunita Bhat,Female,33,Ahmedabad,REG-01,2025-10-14,Consumer
CUST-01294,Arjun Mehta,Male,43,Kochi,REG-03,2023-07-08,Corporate
CUST-01295,Myra Patel,Female,34,Noida,REG-02,2025-10-05,Consumer
CUST-01296,Pranav Kapoor,Male,32,Howrah,REG-04,2023-11-14,Consumer
CUST-01297,Reyansh Deshmukh,Male,44,Vadodara,REG-01,2024-04-10,Consumer
CUST-01298,Pooja Sharma,Female,30,Surat,REG-01,2025-09-07,Consumer
CUST-01299,Ayaan Singh,Male,36,Shillong,REG-06,2025-10-22,Consumer
CUST-01300,Amit Malhotra,Male,37,Chandigarh,REG-02,2025-10-05,Consumer
CUST-01301,Kavya Rao,Female,26,Surat,REG-01,2023-03-15,Consumer
CUST-01302,Saanvi Joshi,Female,44,Cuttack,REG-04,2025-01-23,Consumer
CUST-01303,Ira Gupta,Female,32,Mumbai,REG-01,2024-07-30,Consumer
CUST-01304,Advik Kumar,Male,25,Ujjain,REG-05,2024-06-08,Consumer
CUST-01305,Krishna Bose,Male,39,Vadodara,REG-01,2025-07-13,Consumer
CUST-01306,Deepika Malhotra,Female,24,Trivandrum,REG-03,2024-02-24,Consumer
CUST-01307,Rajesh Mehta,Male,34,Asansol,REG-04,2024-02-26,Consumer
CUST-01308,Meera Iyer,Female,33,Bilaspur,REG-05,2024-03-14,Corporate
CUST-01309,Sara Deshmukh,Female,45,Surat,REG-01,2024-05-31,Consumer
CUST-01310,Aarav Gupta,Male,39,Asansol,REG-04,2024-11-14,Consumer
CUST-01311,Ira Choudhury,Female,33,Kanpur,REG-02,2023-12-05,Small Business
CUST-01312,Vikram Iyer,Male,42,Howrah,REG-04,2024-05-23,Consumer
CUST-01313,Aarav Mishra,Male,49,Mumbai,REG-01,2023-01-23,Small Business
CUST-01314,Diya Deshmukh,Female,40,Gurgaon,REG-02,2023-07-19,Consumer
CUST-01315,Reyansh Mukherjee,Male,34,Bhubaneswar,REG-04,2023-06-05,Consumer
CUST-01316,Diya Menon,Female,19,Pune,REG-01,2024-09-10,Consumer
CUST-01317,Deepak Trivedi,Male,22,Shillong,REG-06,2023-09-04,Small Business
CUST-01318,Shreya Saxena,Female,30,Nashik,REG-01,2023-12-24,Consumer
CUST-01319,Ayaan Deshmukh,Male,27,Gwalior,REG-05,2024-07-13,Consumer
CUST-01320,Riya Patel,Female,31,Patna,REG-04,2024-03-17,Consumer
CUST-01321,Saanvi Verma,Female,34,Visakhapatnam,REG-03,2025-04-24,Consumer
CUST-01322,Abhishek Verma,Male,39,Coimbatore,REG-03,2024-07-30,Consumer
CUST-01323,Krishna Sharma,Male,33,Kochi,REG-03,2024-04-25,Consumer
CUST-01324,Deepika Verma,Female,39,Ujjain,REG-05,2025-06-10,Consumer
CUST-01325,Aditi Reddy,Female,34,Howrah,REG-04,2023-04-07,Consumer
CUST-01326,Atharv Deshmukh,Male,18,Cuttack,REG-04,2023-12-02,Consumer
CUST-01327,Meera Rao,Female,23,Mysore,REG-03,2024-12-11,Consumer
CUST-01328,Sara Deshmukh,Female,32,Agartala,REG-06,2023-10-30,Corporate
CUST-01329,Riya Malhotra,Female,20,Mysore,REG-03,2025-06-03,Consumer
CUST-01330,Arjun Chopra,Male,40,Bilaspur,REG-05,2025-08-13,Consumer
CUST-01331,Shreya Kumar,Female,50,Raipur,REG-05,2025-11-03,Small Business
CUST-01332,Ishaan Das,Other,47,Gurgaon,REG-02,2023-10-13,Small Business
CUST-01333,Simran Aggarwal,Female,31,Kanpur,REG-02,2023-08-18,Small Business
CUST-01334,Sneha Mehta,Female,50,Coimbatore,REG-03,2023-12-04,Corporate
CUST-01335,Aditi Chopra,Female,35,Mysore,REG-03,2025-02-03,Consumer
CUST-01336,Anand Pandey,Male,30,Jaipur,REG-02,2025-04-15,Consumer
CUST-01337,Advaith Kapoor,Other,27,Hyderabad,REG-03,2024-01-21,Consumer
CUST-01338,Sneha Saxena,Female,30,Ahmedabad,REG-01,2023-05-28,Consumer
CUST-01339,Nikhil Bose,Male,29,Lucknow,REG-02,2023-07-17,Small Business
CUST-01340,Aarav Sharma,Male,35,Lucknow,REG-02,2024-01-16,Corporate
CUST-01341,Aadhya Nair,Female,35,Noida,REG-02,2025-05-14,Small Business
CUST-01342,Saanvi Aggarwal,Female,34,Mysore,REG-03,2025-03-05,Consumer
CUST-01343,Vikram Pillai,Male,38,Bilaspur,REG-05,2023-03-27,Consumer
CUST-01344,Riya Chopra,Female,47,Chandigarh,REG-02,2025-08-27,Corporate
CUST-01345,Rohan Menon,Male,44,Panaji,REG-01,2025-10-01,Small Business
CUST-01346,Dhruv Menon,Male,18,Jabalpur,REG-05,2024-05-31,Consumer
CUST-01347,Manish Pandey,Male,18,Kolkata,REG-04,2025-07-20,Consumer
CUST-01348,Vikram Kulkarni,Male,44,Vadodara,REG-01,2025-07-13,Consumer
CUST-01349,Aarav Malhotra,Male,18,Mumbai,REG-01,2025-11-02,Consumer
CUST-01350,Advaith Nair,Male,31,Ranchi,REG-04,2023-04-10,Consumer
CUST-01351,Kabir Kulkarni,Male,21,Nashik,REG-01,2024-08-23,Corporate
CUST-01352,Vikram Chopra,Male,18,Gurgaon,REG-02,2023-06-07,Consumer
CUST-01353,Aarav Bose,Male,39,Asansol,REG-04,2023-12-28,Corporate
CUST-01354,Sai Reddy,Male,42,Ludhiana,REG-02,2024-04-13,Consumer
CUST-01355,Swati Mehta,Female,27,Ahmedabad,REG-01,2023-09-28,Corporate
CUST-01356,Neha Sharma,Female,18,Jaipur,REG-02,2025-05-30,Consumer
CUST-01357,Anushka Joshi,Female,27,Chennai,REG-03,2025-05-07,Consumer
CUST-01358,Rohan Aggarwal,Male,38,Noida,REG-02,2023-06-28,Consumer
CUST-01359,Sara Kulkarni,Female,18,Lucknow,REG-02,2023-10-09,Consumer
CUST-01360,Rahul Kumar,Male,36,Visakhapatnam,REG-03,2025-02-03,Consumer
CUST-01361,Rajesh Malhotra,Male,33,Nagpur,REG-01,2023-08-26,Consumer
CUST-01362,Arjun Iyer,Male,40,Nagpur,REG-01,2023-01-23,Consumer
CUST-01363,Aarav Mehta,Male,35,Coimbatore,REG-03,2023-01-19,Consumer
CUST-01364,Myra Shah,Female,23,Nashik,REG-01,2024-03-13,Consumer
CUST-01365,Dhruv Gupta,Male,47,Nagpur,REG-01,2023-05-26,Consumer
CUST-01366,Kabir Singh,Male,32,Bhopal,REG-05,2025-09-05,Consumer
CUST-01367,Anika Kumar,Other,33,Nagpur,REG-01,2025-01-10,Small Business
CUST-01368,Kavya Verma,Female,23,Kolkata,REG-04,2024-10-18,Corporate
CUST-01369,Anand Choudhury,Male,29,Jabalpur,REG-05,2025-07-10,Consumer
CUST-01370,Meera Shah,Female,24,Nagpur,REG-01,2023-11-19,Consumer
CUST-01371,Riya Menon,Female,32,Mumbai,REG-01,2025-05-04,Consumer
CUST-01372,Abhishek Menon,Male,52,Mumbai,REG-01,2025-01-26,Consumer
CUST-01373,Amit Saxena,Male,18,Agartala,REG-06,2024-09-13,Corporate
CUST-01374,Swati Iyer,Female,18,Jabalpur,REG-05,2025-11-13,Consumer
CUST-01375,Simran Aggarwal,Female,50,Hyderabad,REG-03,2025-08-19,Consumer
CUST-01376,Myra Rao,Female,31,Chennai,REG-03,2024-05-30,Consumer
CUST-01377,Preeti Iyer,Female,26,Kochi,REG-03,2024-10-03,Small Business
CUST-01378,Ayaan Pillai,Male,45,Vadodara,REG-01,2024-01-28,Corporate
CUST-01379,Pranav Nair,Male,27,Kanpur,REG-02,2024-01-21,Corporate
CUST-01380,Ananya Saxena,Female,54,Bhubaneswar,REG-04,2024-01-25,Consumer
CUST-01381,Rohan Rao,Male,41,Ludhiana,REG-02,2023-12-22,Consumer
CUST-01382,Diya Kapoor,Female,28,Panaji,REG-01,2024-01-10,Corporate
CUST-01383,Sara Reddy,Female,57,Chandigarh,REG-02,2025-07-29,Consumer
CUST-01384,Vikram Patel,Male,27,Kanpur,REG-02,2025-03-16,Consumer
CUST-01385,Deepak Nair,Male,42,Jabalpur,REG-05,2024-07-21,Consumer
CUST-01386,Krishna Verma,Male,37,Dibrugarh,REG-06,2025-09-29,Consumer
CUST-01387,Advik Chopra,Male,48,Ahmedabad,REG-01,2023-09-09,Consumer
CUST-01388,Aanya Verma,Female,51,Raipur,REG-05,2023-08-09,Consumer
CUST-01389,Rajesh Mehta,Male,34,Bilaspur,REG-05,2025-05-16,Consumer
CUST-01390,Neha Verma,Female,25,Panaji,REG-01,2024-07-21,Consumer
CUST-01391,Ayaan Das,Male,39,Coimbatore,REG-03,2024-12-25,Corporate
CUST-01392,Rohan Pillai,Male,26,Lucknow,REG-02,2023-12-18,Corporate
CUST-01393,Anika Rao,Female,56,Hyderabad,REG-03,2023-07-06,Consumer
CUST-01394,Angel Saxena,Female,35,Chennai,REG-03,2024-05-19,Corporate
CUST-01395,Advaith Das,Male,29,Ahmedabad,REG-01,2024-03-27,Consumer
CUST-01396,Anand Iyer,Male,36,Kanpur,REG-02,2025-07-02,Consumer
CUST-01397,Aditya Mukherjee,Male,19,Ranchi,REG-04,2023-11-04,Corporate
CUST-01398,Vikram Menon,Male,23,Chandigarh,REG-02,2024-02-25,Corporate
CUST-01399,Rajesh Trivedi,Male,47,Mysore,REG-03,2023-02-12,Consumer
CUST-01400,Simran Deshmukh,Female,26,Mysore,REG-03,2023-10-23,Consumer
CUST-01401,Anushka Malhotra,Female,22,Kanpur,REG-02,2024-02-29,Consumer
CUST-01402,Krishna Reddy,Male,39,Patna,REG-04,2025-02-16,Consumer
CUST-01403,Aarav Malhotra,Male,47,Indore,REG-05,2023-05-13,Consumer
CUST-01404,Ira Pillai,Female,41,Kanpur,REG-02,2023-02-11,Consumer
CUST-01405,Swati Mukherjee,Female,44,Vadodara,REG-01,2024-12-14,Consumer
CUST-01406,Krishna Kulkarni,Male,25,Surat,REG-01,2025-11-25,Consumer
CUST-01407,Preeti Verma,Female,18,Agartala,REG-06,2023-04-09,Corporate
CUST-01408,Deepak Kumar,Male,50,Mumbai,REG-01,2024-05-27,Consumer
CUST-01409,Avani Singh,Female,30,Kanpur,REG-02,2024-07-24,Corporate
CUST-01410,Pranav Iyer,Male,31,Pune,REG-01,2024-04-19,Corporate
CUST-01411,Neha Kapoor,Female,48,Asansol,REG-04,2023-12-27,Consumer
CUST-01412,Pranav Trivedi,Male,40,Mumbai,REG-01,2024-02-05,Consumer
CUST-01413,Nikhil Mehta,Male,39,Gurgaon,REG-02,2023-09-12,Corporate
CUST-01414,Sara Choudhury,Female,57,Ahmedabad,REG-01,2024-05-18,Corporate
CUST-01415,Sai Menon,Male,26,Delhi,REG-02,2025-10-22,Consumer
CUST-01416,Arjun Kumar,Male,44,Ahmedabad,REG-01,2023-09-28,Consumer
CUST-01417,Sara Pillai,Female,34,Ranchi,REG-04,2024-05-18,Consumer
CUST-01418,Anushka Reddy,Female,36,Mumbai,REG-01,2023-05-18,Small Business
CUST-01419,Ishaan Deshmukh,Male,50,Visakhapatnam,REG-03,2025-03-19,Consumer
CUST-01420,Sunita Bhat,Female,39,Jaipur,REG-02,2025-04-09,Corporate
CUST-01421,Kavya Kumar,Female,39,Visakhapatnam,REG-03,2023-09-16,Corporate
CUST-01422,Vikram Joshi,Male,45,Bhopal,REG-05,2025-04-24,Consumer
CUST-01423,Aarav Chopra,Male,29,Bangalore,REG-03,2024-03-17,Consumer
CUST-01424,Ananya Deshmukh,Female,24,Ujjain,REG-05,2023-10-14,Consumer
CUST-01425,Ayaan Singh,Male,22,Surat,REG-01,2025-06-18,Consumer
CUST-01426,Suresh Deshmukh,Male,18,Lucknow,REG-02,2025-08-06,Consumer
CUST-01427,Navya Singh,Female,56,Bhopal,REG-05,2024-08-28,Consumer
CUST-01428,Deepak Bose,Male,21,Ujjain,REG-05,2025-06-06,Consumer
CUST-01429,Gaurav Bhat,Male,31,Bangalore,REG-03,2025-09-08,Consumer
CUST-01430,Ishaan Shah,Male,30,Bangalore,REG-03,2023-07-27,Consumer
CUST-01431,Angel Verma,Female,37,Surat,REG-01,2025-01-30,Consumer
CUST-01432,Rajesh Das,Male,42,Jaipur,REG-02,2024-08-06,Consumer
CUST-01433,Neha Mehta,Female,43,Ujjain,REG-05,2025-09-25,Consumer
CUST-01434,Anand Menon,Male,27,Chennai,REG-03,2023-11-11,Small Business
CUST-01435,Anand Aggarwal,Male,32,Chandigarh,REG-02,2023-10-22,Consumer
CUST-01436,Aadhya Das,Female,37,Kanpur,REG-02,2024-03-27,Consumer
CUST-01437,Arjun Gupta,Male,31,Lucknow,REG-02,2025-05-05,Corporate
CUST-01438,Kavya Rao,Female,51,Kochi,REG-03,2023-01-02,Small Business
CUST-01439,Vivaan Nair,Male,39,Asansol,REG-04,2023-05-16,Consumer
CUST-01440,Pari Shah,Female,42,Chennai,REG-03,2023-06-13,Consumer
CUST-01441,Myra Das,Female,41,Bhubaneswar,REG-04,2025-08-18,Small Business
CUST-01442,Rohan Rao,Male,46,Ujjain,REG-05,2024-11-08,Consumer
CUST-01443,Arjun Malhotra,Male,35,Coimbatore,REG-03,2024-05-17,Consumer
CUST-01444,Dhruv Nair,Male,19,Chandigarh,REG-02,2025-10-18,Small Business
CUST-01445,Vihaan Pillai,Other,38,Chandigarh,REG-02,2023-08-07,Corporate
CUST-01446,Preeti Saxena,Female,26,Surat,REG-01,2025-08-08,Small Business
CUST-01447,Anushka Rao,Female,28,Trivandrum,REG-03,2025-03-29,Consumer
CUST-01448,Aditya Reddy,Male,40,Nashik,REG-01,2023-05-16,Corporate
CUST-01449,Aanya Mukherjee,Female,47,Kanpur,REG-02,2023-11-12,Consumer
CUST-01450,Myra Joshi,Female,34,Surat,REG-01,2025-09-23,Corporate
CUST-01451,Advik Pillai,Male,37,Nagpur,REG-01,2024-04-26,Consumer
CUST-01452,Pari Chopra,Female,52,Panaji,REG-01,2025-02-10,Corporate
CUST-01453,Aditya Saxena,Male,36,Patna,REG-04,2025-05-27,Consumer
CUST-01454,Rajesh Saxena,Male,62,Patna,REG-04,2023-04-16,Consumer
CUST-01455,Arjun Iyer,Male,40,Agartala,REG-06,2025-01-01,Consumer
CUST-01456,Sai Trivedi,Male,18,Noida,REG-02,2023-03-21,Small Business
CUST-01457,Vivaan Das,Male,42,Surat,REG-01,2023-12-15,Corporate
CUST-01458,Riya Mehta,Female,38,Chandigarh,REG-02,2023-05-27,Corporate
CUST-01459,Aditya Deshmukh,Male,48,Coimbatore,REG-03,2023-11-19,Consumer
CUST-01460,Aarohi Kulkarni,Female,41,Coimbatore,REG-03,2023-03-07,Consumer
CUST-01461,Sai Aggarwal,Male,32,Ludhiana,REG-02,2025-01-04,Small Business
CUST-01462,Amit Aggarwal,Male,20,Ranchi,REG-04,2024-04-26,Corporate
CUST-01463,Shreya Chopra,Female,31,Nashik,REG-01,2023-11-01,Consumer
CUST-01464,Vivaan Pillai,Male,24,Indore,REG-05,2023-08-09,Small Business
CUST-01465,Manish Patel,Male,27,Jaipur,REG-02,2024-10-17,Consumer
CUST-01466,Kavya Mukherjee,Female,40,Vadodara,REG-01,2024-03-05,Corporate
CUST-01467,Sara Kumar,Female,52,Jaipur,REG-02,2023-05-16,Consumer
CUST-01468,Aditi Nair,Female,38,Ludhiana,REG-02,2025-08-07,Consumer
CUST-01469,Suresh Mishra,Male,20,Gurgaon,REG-02,2024-10-31,Corporate
CUST-01470,Shreya Chopra,Female,38,Silchar,REG-06,2024-01-12,Consumer
CUST-01471,Angel Mukherjee,Female,47,Panaji,REG-01,2023-10-31,Consumer
CUST-01472,Kabir Das,Male,27,Coimbatore,REG-03,2024-02-19,Corporate
CUST-01473,Nikhil Sharma,Male,32,Mysore,REG-03,2025-02-02,Consumer
CUST-01474,Nikhil Pandey,Male,34,Shillong,REG-06,2024-03-08,Consumer
CUST-01475,Preeti Choudhury,Female,25,Bhubaneswar,REG-04,2025-03-11,Corporate
CUST-01476,Diya Shah,Other,41,Trivandrum,REG-03,2023-03-22,Consumer
CUST-01477,Pooja Iyer,Female,32,Visakhapatnam,REG-03,2023-04-02,Consumer
CUST-01478,Rahul Kapoor,Male,38,Guwahati,REG-06,2025-08-29,Corporate
CUST-01479,Advaith Shah,Male,24,Gwalior,REG-05,2024-04-17,Small Business
CUST-01480,Navya Deshmukh,Female,29,Delhi,REG-02,2024-04-14,Consumer
CUST-01481,Ira Nair,Female,41,Surat,REG-01,2023-03-25,Consumer
CUST-01482,Navya Bose,Female,29,Mumbai,REG-01,2023-06-05,Corporate
CUST-01483,Gaurav Trivedi,Male,52,Trivandrum,REG-03,2023-02-03,Consumer
CUST-01484,Aditi Menon,Female,29,Coimbatore,REG-03,2023-04-15,Consumer
CUST-01485,Pooja Malhotra,Female,36,Chennai,REG-03,2024-04-25,Small Business
CUST-01486,Manish Chopra,Male,44,Surat,REG-01,2023-01-30,Consumer
CUST-01487,Amit Reddy,Male,18,Guwahati,REG-06,2023-07-23,Consumer
CUST-01488,Angel Kumar,Female,18,Coimbatore,REG-03,2025-05-01,Consumer
CUST-01489,Manish Kumar,Male,18,Chandigarh,REG-02,2024-09-25,Small Business
CUST-01490,Deepika Patel,Female,47,Ahmedabad,REG-01,2023-09-06,Corporate
CUST-01491,Ayaan Patel,Male,27,Asansol,REG-04,2024-07-07,Small Business
CUST-01492,Advaith Chopra,Male,62,Nashik,REG-01,2025-11-12,Consumer
CUST-01493,Angel Saxena,Female,27,Pune,REG-01,2024-12-24,Consumer
CUST-01494,Pooja Nair,Female,36,Cuttack,REG-04,2023-06-26,Small Business
CUST-01495,Shaurya Kumar,Male,50,Kochi,REG-03,2025-09-07,Small Business
CUST-01496,Sara Sharma,Female,56,Kanpur,REG-02,2025-06-04,Consumer
CUST-01497,Rajesh Bose,Male,56,Surat,REG-01,2025-09-17,Corporate
CUST-01498,Aadhya Choudhury,Female,47,Nashik,REG-01,2025-07-26,Consumer
CUST-01499,Anika Trivedi,Female,45,Nashik,REG-01,2024-01-21,Consumer
CUST-01500,Anand Shah,Male,40,Jaipur,REG-02,2025-05-01,Corporate
CUST-01501,Shaurya Mishra,Male,42,Gurgaon,REG-02,2023-07-16,Consumer
CUST-01502,Aarohi Pillai,Female,27,Nashik,REG-01,2024-11-28,Consumer
CUST-01503,Aditi Pandey,Female,24,Kochi,REG-03,2024-10-01,Consumer
CUST-01504,Vivaan Mishra,Male,33,Vadodara,REG-01,2023-10-08,Consumer
CUST-01505,Ananya Nair,Female,32,Kanpur,REG-02,2023-06-02,Small Business
CUST-01506,Dhruv Iyer,Male,29,Ranchi,REG-04,2023-02-16,Consumer
CUST-01507,Sai Aggarwal,Male,41,Ahmedabad,REG-01,2023-07-25,Consumer
CUST-01508,Krishna Menon,Male,44,Noida,REG-02,2024-01-10,Consumer
CUST-01509,Aadhya Reddy,Female,34,Vadodara,REG-01,2023-06-13,Corporate
CUST-01510,Neha Mishra,Female,50,Bhubaneswar,REG-04,2024-09-01,Consumer
CUST-01511,Deepak Verma,Male,21,Kanpur,REG-02,2023-07-10,Consumer
CUST-01512,Vivaan Singh,Male,31,Mumbai,REG-01,2023-08-07,Corporate
CUST-01513,Rajesh Joshi,Male,26,Noida,REG-02,2024-06-25,Consumer
CUST-01514,Sunita Saxena,Female,18,Panaji,REG-01,2023-12-11,Consumer
CUST-01515,Anushka Mishra,Female,33,Mumbai,REG-01,2025-08-21,Consumer
CUST-01516,Pari Choudhury,Female,32,Dibrugarh,REG-06,2025-11-09,Consumer
CUST-01517,Anand Bhat,Male,50,Gwalior,REG-05,2024-01-20,Consumer
CUST-01518,Pranav Gupta,Male,40,Trivandrum,REG-03,2024-01-30,Corporate
CUST-01519,Arjun Bose,Male,22,Imphal,REG-06,2024-08-12,Consumer
CUST-01520,Sunita Mehta,Female,54,Bhubaneswar,REG-04,2025-10-16,Consumer
CUST-01521,Rahul Gupta,Male,47,Howrah,REG-04,2023-09-20,Consumer
CUST-01522,Neha Mehta,Female,40,Shillong,REG-06,2023-09-29,Consumer
CUST-01523,Ayaan Choudhury,Male,31,Pune,REG-01,2025-03-19,Consumer
CUST-01524,Vihaan Pillai,Male,23,Surat,REG-01,2023-08-15,Corporate
CUST-01525,Vihaan Chopra,Male,29,Ahmedabad,REG-01,2023-10-29,Corporate
CUST-01526,Preeti Joshi,Female,45,Kanpur,REG-02,2025-02-14,Consumer
CUST-01527,Avani Malhotra,Female,54,Ahmedabad,REG-01,2024-02-28,Consumer
CUST-01528,Anand Mishra,Male,50,Shillong,REG-06,2025-09-30,Consumer
CUST-01529,Vivaan Nair,Male,28,Nashik,REG-01,2023-11-21,Consumer
CUST-01530,Aanya Choudhury,Female,21,Chandigarh,REG-02,2024-02-22,Consumer
CUST-01531,Ananya Iyer,Female,35,Kanpur,REG-02,2023-01-29,Consumer
CUST-01532,Aadhya Pillai,Female,18,Chandigarh,REG-02,2024-04-04,Consumer
CUST-01533,Angel Pandey,Female,37,Trivandrum,REG-03,2024-07-06,Consumer
CUST-01534,Abhishek Singh,Male,32,Surat,REG-01,2025-09-22,Consumer
CUST-01535,Pari Bhat,Other,28,Hyderabad,REG-03,2023-08-13,Consumer
CUST-01536,Krishna Aggarwal,Male,18,Vadodara,REG-01,2025-04-06,Consumer
CUST-01537,Sunita Mehta,Female,39,Vadodara,REG-01,2024-05-31,Corporate
CUST-01538,Shreya Shah,Female,28,Hyderabad,REG-03,2025-10-14,Small Business
CUST-01539,Aarav Chopra,Male,21,Asansol,REG-04,2025-05-09,Consumer
CUST-01540,Reyansh Kumar,Male,18,Vadodara,REG-01,2025-05-20,Consumer
CUST-01541,Neha Gupta,Female,33,Mysore,REG-03,2023-07-16,Consumer
CUST-01542,Sunita Reddy,Female,53,Jaipur,REG-02,2024-12-31,Consumer
CUST-01543,Shaurya Kulkarni,Male,52,Mumbai,REG-01,2023-06-06,Consumer
CUST-01544,Navya Mukherjee,Female,28,Indore,REG-05,2025-08-14,Consumer
CUST-01545,Arjun Mehta,Other,27,Visakhapatnam,REG-03,2023-10-05,Consumer
CUST-01546,Atharv Mehta,Male,39,Mumbai,REG-01,2025-04-17,Consumer
CUST-01547,Rahul Trivedi,Male,23,Lucknow,REG-02,2023-07-11,Consumer
CUST-01548,Vihaan Patel,Male,37,Asansol,REG-04,2024-05-08,Consumer
CUST-01549,Pooja Kumar,Female,42,Bangalore,REG-03,2025-09-29,Corporate
CUST-01550,Pranav Trivedi,Male,47,Noida,REG-02,2025-10-28,Consumer
CUST-01551,Angel Sharma,Female,32,Jaipur,REG-02,2024-12-31,Corporate
CUST-01552,Pari Sharma,Female,31,Howrah,REG-04,2023-02-13,Consumer
CUST-01553,Gaurav Kumar,Male,24,Mumbai,REG-01,2024-01-03,Consumer
CUST-01554,Arjun Iyer,Male,24,Ludhiana,REG-02,2024-04-07,Consumer
CUST-01555,Manish Shah,Male,31,Bhubaneswar,REG-04,2024-09-05,Corporate
CUST-01556,Suresh Patel,Male,38,Indore,REG-05,2025-08-28,Consumer
CUST-01557,Vivaan Rao,Male,44,Nagpur,REG-01,2023-08-11,Consumer
CUST-01558,Aditya Singh,Male,25,Kanpur,REG-02,2024-04-14,Consumer
CUST-01559,Suresh Bhat,Male,50,Howrah,REG-04,2024-11-06,Corporate
CUST-01560,Vikram Rao,Male,31,Kochi,REG-03,2025-07-08,Consumer
CUST-01561,Aditi Deshmukh,Female,33,Chandigarh,REG-02,2024-03-14,Small Business
CUST-01562,Simran Sharma,Female,25,Vadodara,REG-01,2025-02-08,Corporate
CUST-01563,Aditya Mishra,Male,18,Hyderabad,REG-03,2023-04-21,Consumer
CUST-01564,Preeti Mehta,Female,43,Trivandrum,REG-03,2023-10-04,Consumer
CUST-01565,Abhishek Reddy,Male,42,Patna,REG-04,2023-04-14,Consumer
CUST-01566,Sunita Patel,Female,30,Pune,REG-01,2024-11-25,Consumer
CUST-01567,Krishna Chopra,Male,34,Hyderabad,REG-03,2023-04-01,Consumer
CUST-01568,Anika Singh,Female,39,Patna,REG-04,2023-07-03,Consumer
CUST-01569,Aadhya Mukherjee,Female,18,Cuttack,REG-04,2023-06-14,Corporate
CUST-01570,Sai Malhotra,Male,28,Jaipur,REG-02,2023-03-03,Consumer
CUST-01571,Aarav Menon,Male,42,Bangalore,REG-03,2023-03-04,Consumer
CUST-01572,Manish Saxena,Male,20,Chennai,REG-03,2023-06-19,Consumer
CUST-01573,Rajesh Mehta,Male,37,Jaipur,REG-02,2023-04-28,Corporate
CUST-01574,Priyanka Sharma,Female,19,Bhubaneswar,REG-04,2024-10-02,Consumer
CUST-01575,Deepak Bhat,Male,39,Coimbatore,REG-03,2024-06-18,Consumer
CUST-01576,Ananya Das,Female,33,Visakhapatnam,REG-03,2024-08-11,Consumer
CUST-01577,Aadhya Singh,Female,18,Vadodara,REG-01,2025-10-23,Consumer
CUST-01578,Advik Kulkarni,Male,46,Nagpur,REG-01,2025-08-15,Consumer
CUST-01579,Saanvi Malhotra,Female,25,Lucknow,REG-02,2025-02-12,Consumer
CUST-01580,Atharv Choudhury,Male,25,Hyderabad,REG-03,2025-04-09,Consumer
CUST-01581,Pranav Singh,Male,36,Cuttack,REG-04,2024-04-11,Small Business
CUST-01582,Vivaan Joshi,Male,46,Gurgaon,REG-02,2025-02-07,Corporate
CUST-01583,Aanya Kapoor,Female,22,Kanpur,REG-02,2024-03-01,Consumer
CUST-01584,Priyanka Rao,Female,34,Jaipur,REG-02,2023-02-04,Corporate
CUST-01585,Preeti Shah,Female,38,Hyderabad,REG-03,2023-05-13,Consumer
CUST-01586,Swati Mehta,Female,41,Raipur,REG-05,2023-09-12,Corporate
CUST-01587,Meera Sharma,Female,35,Chandigarh,REG-02,2023-12-30,Consumer
CUST-01588,Abhishek Shah,Male,29,Surat,REG-01,2025-02-13,Consumer
CUST-01589,Amit Patel,Male,24,Lucknow,REG-02,2023-11-14,Consumer
CUST-01590,Advik Das,Male,34,Hyderabad,REG-03,2024-09-21,Consumer
CUST-01591,Ayaan Trivedi,Male,22,Gurgaon,REG-02,2025-01-24,Corporate
CUST-01592,Kavya Gupta,Female,18,Vadodara,REG-01,2023-06-18,Consumer
CUST-01593,Advik Iyer,Male,38,Dibrugarh,REG-06,2025-03-09,Consumer
CUST-01594,Sara Menon,Female,43,Delhi,REG-02,2024-01-18,Consumer
CUST-01595,Anand Joshi,Male,18,Gurgaon,REG-02,2024-08-24,Consumer
CUST-01596,Meera Sharma,Female,22,Visakhapatnam,REG-03,2025-02-11,Consumer
CUST-01597,Preeti Iyer,Female,40,Bangalore,REG-03,2024-04-07,Corporate
CUST-01598,Rohan Aggarwal,Male,56,Hyderabad,REG-03,2024-07-18,Consumer
CUST-01599,Avani Das,Female,34,Kolkata,REG-04,2024-11-27,Consumer
CUST-01600,Aanya Mishra,Female,25,Lucknow,REG-02,2024-03-18,Consumer
CUST-01601,Sara Gupta,Female,31,Bhubaneswar,REG-04,2024-10-07,Corporate
CUST-01602,Manish Reddy,Male,49,Asansol,REG-04,2023-07-29,Consumer
CUST-01603,Avani Bhat,Female,26,Noida,REG-02,2023-04-09,Consumer
CUST-01604,Rahul Patel,Male,25,Kochi,REG-03,2025-10-05,Consumer
CUST-01605,Shaurya Reddy,Male,28,Nagpur,REG-01,2023-03-13,Corporate
CUST-01606,Swati Menon,Female,23,Visakhapatnam,REG-03,2024-11-01,Small Business
CUST-01607,Kabir Mishra,Male,35,Delhi,REG-02,2023-01-22,Small Business
CUST-01608,Aarav Saxena,Male,51,Pune,REG-01,2024-11-16,Corporate
CUST-01609,Arjun Pandey,Male,37,Bangalore,REG-03,2024-05-15,Consumer
CUST-01610,Amit Aggarwal,Male,31,Coimbatore,REG-03,2023-09-03,Small Business
CUST-01611,Swati Sharma,Female,30,Bilaspur,REG-05,2024-03-13,Consumer
CUST-01612,Sara Singh,Female,18,Bhopal,REG-05,2024-09-29,Consumer
CUST-01613,Preeti Bhat,Female,43,Coimbatore,REG-03,2023-08-11,Consumer
CUST-01614,Advik Bhat,Male,33,Bangalore,REG-03,2023-10-13,Corporate
CUST-01615,Sai Pandey,Male,32,Patna,REG-04,2025-11-01,Consumer
CUST-01616,Krishna Chopra,Male,69,Noida,REG-02,2023-07-08,Consumer
CUST-01617,Manish Mishra,Male,37,Patna,REG-04,2025-11-30,Consumer
CUST-01618,Aanya Pandey,Female,25,Delhi,REG-02,2024-11-22,Consumer
CUST-01619,Kavya Mukherjee,Female,29,Dibrugarh,REG-06,2023-04-05,Consumer
CUST-01620,Manish Singh,Male,46,Delhi,REG-02,2023-03-28,Small Business
CUST-01621,Aanya Bhat,Female,35,Raipur,REG-05,2025-03-10,Consumer
CUST-01622,Simran Mishra,Female,18,Ranchi,REG-04,2023-11-12,Consumer
CUST-01623,Manish Gupta,Male,44,Ahmedabad,REG-01,2024-03-23,Consumer
CUST-01624,Vivaan Pandey,Male,26,Gurgaon,REG-02,2025-06-12,Consumer
CUST-01625,Karan Kulkarni,Male,54,Gurgaon,REG-02,2024-03-07,Small Business
CUST-01626,Diya Choudhury,Female,45,Guwahati,REG-06,2024-05-10,Consumer
CUST-01627,Aditi Bhat,Female,29,Shillong,REG-06,2024-12-02,Consumer
CUST-01628,Anand Shah,Male,48,Hyderabad,REG-03,2025-04-14,Consumer
CUST-01629,Atharv Das,Male,34,Kolkata,REG-04,2023-07-29,Consumer
CUST-01630,Suresh Sharma,Male,43,Bangalore,REG-03,2025-11-05,Consumer
CUST-01631,Anushka Patel,Female,39,Bhubaneswar,REG-04,2024-01-08,Small Business
CUST-01632,Avani Nair,Female,24,Hyderabad,REG-03,2025-04-05,Corporate
CUST-01633,Priyanka Kapoor,Female,26,Kanpur,REG-02,2024-08-30,Corporate
CUST-01634,Tanvi Das,Female,45,Howrah,REG-04,2025-07-23,Consumer
CUST-01635,Ananya Rao,Female,30,Cuttack,REG-04,2025-02-25,Consumer
CUST-01636,Ananya Chopra,Female,29,Coimbatore,REG-03,2023-02-13,Corporate
CUST-01637,Neha Das,Female,23,Asansol,REG-04,2024-02-03,Small Business
CUST-01638,Aarohi Kumar,Female,38,Ujjain,REG-05,2024-04-01,Consumer
CUST-01639,Pranav Bose,Male,56,Bangalore,REG-03,2025-04-15,Consumer
CUST-01640,Rohan Kulkarni,Male,22,Pune,REG-01,2025-07-25,Corporate
CUST-01641,Saanvi Kapoor,Female,34,Lucknow,REG-02,2024-09-25,Consumer
CUST-01642,Advaith Bhat,Other,49,Mysore,REG-03,2025-01-10,Consumer
CUST-01643,Sneha Singh,Female,33,Bangalore,REG-03,2024-08-06,Corporate
CUST-01644,Kavya Trivedi,Female,38,Hyderabad,REG-03,2025-06-08,Consumer
CUST-01645,Preeti Saxena,Female,22,Panaji,REG-01,2023-10-28,Consumer
CUST-01646,Rajesh Rao,Male,38,Kanpur,REG-02,2024-12-06,Consumer
CUST-01647,Gaurav Gupta,Male,31,Nashik,REG-01,2025-05-22,Consumer
CUST-01648,Sunita Singh,Female,44,Asansol,REG-04,2024-10-04,Consumer
CUST-01649,Neha Mehta,Other,47,Surat,REG-01,2024-06-30,Consumer
CUST-01650,Rahul Saxena,Male,62,Asansol,REG-04,2025-11-08,Consumer
CUST-01651,Preeti Sharma,Female,40,Indore,REG-05,2025-09-06,Corporate
CUST-01652,Anand Mishra,Male,37,Trivandrum,REG-03,2025-03-08,Consumer
CUST-01653,Gaurav Menon,Male,36,Lucknow,REG-02,2023-06-03,Consumer
CUST-01654,Vikram Chopra,Male,30,Asansol,REG-04,2023-02-22,Consumer
CUST-01655,Kabir Verma,Male,37,Coimbatore,REG-03,2023-06-14,Consumer
CUST-01656,Preeti Choudhury,Female,30,Ludhiana,REG-02,2025-04-15,Corporate
CUST-01657,Sneha Gupta,Female,35,Jabalpur,REG-05,2025-04-22,Consumer
CUST-01658,Atharv Reddy,Male,48,Coimbatore,REG-03,2023-02-04,Corporate
CUST-01659,Vikram Iyer,Male,22,Delhi,REG-02,2025-07-08,Corporate
CUST-01660,Tanvi Mishra,Female,46,Gurgaon,REG-02,2023-10-08,Consumer
CUST-01661,Aadhya Choudhury,Female,48,Bilaspur,REG-05,2025-08-29,Small Business
CUST-01662,Pari Pillai,Female,32,Cuttack,REG-04,2023-05-17,Corporate
CUST-01663,Advik Shah,Male,18,Coimbatore,REG-03,2023-05-18,Small Business
CUST-01664,Advaith Reddy,Male,27,Ahmedabad,REG-01,2024-10-05,Consumer
CUST-01665,Anika Joshi,Female,48,Jabalpur,REG-05,2023-08-11,Consumer
CUST-01666,Avani Sharma,Female,33,Ahmedabad,REG-01,2023-07-28,Consumer
CUST-01667,Advik Mehta,Male,23,Nagpur,REG-01,2024-05-02,Corporate
CUST-01668,Myra Singh,Female,28,Jaipur,REG-02,2025-02-09,Consumer
CUST-01669,Aditya Trivedi,Male,43,Coimbatore,REG-03,2024-09-20,Consumer
CUST-01670,Sai Mishra,Male,40,Bangalore,REG-03,2023-10-16,Corporate
CUST-01671,Vivaan Pandey,Male,31,Vadodara,REG-01,2024-08-06,Small Business
CUST-01672,Reyansh Malhotra,Male,29,Pune,REG-01,2025-03-26,Consumer
CUST-01673,Arjun Trivedi,Male,29,Ludhiana,REG-02,2025-11-17,Consumer
CUST-01674,Aarav Pandey,Male,23,Pune,REG-01,2025-10-03,Corporate
CUST-01675,Simran Kumar,Female,51,Surat,REG-01,2024-06-18,Consumer
CUST-01676,Pari Pillai,Female,30,Visakhapatnam,REG-03,2025-06-15,Consumer
CUST-01677,Gaurav Reddy,Male,47,Gwalior,REG-05,2024-05-12,Corporate
CUST-01678,Pari Rao,Female,50,Mysore,REG-03,2025-04-16,Consumer
CUST-01679,Nikhil Deshmukh,Male,44,Guwahati,REG-06,2025-10-06,Corporate
CUST-01680,Meera Kapoor,Female,29,Noida,REG-02,2025-07-17,Consumer
CUST-01681,Karan Kulkarni,Male,38,Nagpur,REG-01,2025-11-27,Corporate
CUST-01682,Rajesh Sharma,Male,33,Delhi,REG-02,2025-02-09,Consumer
CUST-01683,Gaurav Kumar,Male,24,Panaji,REG-01,2024-11-02,Consumer
CUST-01684,Advik Malhotra,Male,37,Raipur,REG-05,2023-01-31,Corporate
CUST-01685,Avani Shah,Female,21,Vadodara,REG-01,2025-04-09,Consumer
CUST-01686,Sneha Kapoor,Female,47,Patna,REG-04,2023-05-29,Small Business
CUST-01687,Rahul Bose,Male,28,Silchar,REG-06,2023-03-22,Consumer
CUST-01688,Shreya Nair,Female,36,Vadodara,REG-01,2023-02-03,Small Business
CUST-01689,Deepak Verma,Male,37,Ujjain,REG-05,2023-03-11,Small Business
CUST-01690,Navya Malhotra,Female,31,Jabalpur,REG-05,2024-05-28,Consumer
CUST-01691,Arjun Iyer,Male,40,Raipur,REG-05,2025-11-14,Consumer
CUST-01692,Aditya Iyer,Male,28,Ludhiana,REG-02,2023-03-15,Consumer
CUST-01693,Atharv Shah,Male,43,Nagpur,REG-01,2025-07-05,Consumer
CUST-01694,Nikhil Malhotra,Male,19,Nashik,REG-01,2024-07-16,Consumer
CUST-01695,Vikram Patel,Male,35,Howrah,REG-04,2025-08-02,Consumer
CUST-01696,Ira Rao,Female,55,Nagpur,REG-01,2025-11-01,Consumer
CUST-01697,Simran Pandey,Female,22,Surat,REG-01,2025-10-08,Small Business
CUST-01698,Amit Rao,Male,26,Delhi,REG-02,2025-03-27,Consumer
CUST-01699,Aditi Reddy,Female,39,Chandigarh,REG-02,2023-03-03,Consumer
CUST-01700,Tanvi Bose,Female,35,Jaipur,REG-02,2025-07-24,Consumer
CUST-01701,Vihaan Kumar,Male,37,Gurgaon,REG-02,2024-12-02,Corporate
CUST-01702,Sai Shah,Male,39,Visakhapatnam,REG-03,2025-03-18,Consumer
CUST-01703,Gaurav Das,Male,40,Lucknow,REG-02,2023-09-30,Consumer
CUST-01704,Preeti Nair,Female,46,Asansol,REG-04,2024-03-31,Corporate
CUST-01705,Abhishek Shah,Male,38,Chennai,REG-03,2024-11-27,Consumer
CUST-01706,Anand Malhotra,Male,31,Indore,REG-05,2024-11-22,Corporate
CUST-01707,Pari Shah,Female,41,Imphal,REG-06,2023-12-10,Small Business
CUST-01708,Rahul Reddy,Male,54,Indore,REG-05,2024-12-04,Consumer
CUST-01709,Sara Mehta,Female,32,Pune,REG-01,2025-03-12,Consumer
CUST-01710,Amit Kulkarni,Male,23,Trivandrum,REG-03,2024-10-26,Consumer
CUST-01711,Dhruv Menon,Male,46,Coimbatore,REG-03,2024-04-04,Consumer
CUST-01712,Vikram Mehta,Male,32,Gwalior,REG-05,2023-06-02,Small Business
CUST-01713,Dhruv Das,Male,18,Bangalore,REG-03,2024-02-12,Consumer
CUST-01714,Neha Reddy,Female,43,Delhi,REG-02,2023-06-26,Corporate
CUST-01715,Ishaan Patel,Male,28,Ludhiana,REG-02,2023-08-09,Consumer
CUST-01716,Vihaan Gupta,Male,33,Bhubaneswar,REG-04,2024-03-15,Corporate
CUST-01717,Karan Bhat,Male,37,Nagpur,REG-01,2025-07-05,Corporate
CUST-01718,Vikram Nair,Male,36,Shillong,REG-06,2023-08-12,Consumer
CUST-01719,Aadhya Verma,Female,41,Patna,REG-04,2025-07-24,Consumer
CUST-01720,Aarohi Aggarwal,Female,29,Visakhapatnam,REG-03,2023-05-04,Consumer
CUST-01721,Tanvi Kulkarni,Female,39,Panaji,REG-01,2023-09-23,Consumer
CUST-01722,Rohan Mishra,Male,31,Ranchi,REG-04,2023-11-30,Corporate
CUST-01723,Pooja Saxena,Female,42,Ujjain,REG-05,2025-05-26,Consumer
CUST-01724,Preeti Menon,Female,40,Trivandrum,REG-03,2025-07-10,Consumer
CUST-01725,Karan Kumar,Male,23,Panaji,REG-01,2025-11-10,Consumer
CUST-01726,Shreya Nair,Female,45,Mysore,REG-03,2025-05-14,Small Business
CUST-01727,Myra Saxena,Female,28,Cuttack,REG-04,2024-08-12,Consumer
CUST-01728,Vikram Shah,Male,42,Pune,REG-01,2025-05-26,Small Business
CUST-01729,Deepak Mishra,Male,38,Mumbai,REG-01,2023-03-29,Consumer
CUST-01730,Amit Reddy,Male,54,Kochi,REG-03,2023-05-29,Small Business
CUST-01731,Abhishek Pandey,Male,31,Ujjain,REG-05,2023-08-26,Corporate
CUST-01732,Aadhya Gupta,Female,30,Panaji,REG-01,2025-09-11,Consumer
CUST-01733,Amit Mukherjee,Male,33,Hyderabad,REG-03,2023-07-25,Consumer
CUST-01734,Kabir Bhat,Male,30,Trivandrum,REG-03,2025-10-01,Consumer
CUST-01735,Anushka Shah,Female,42,Nashik,REG-01,2025-06-22,Consumer
CUST-01736,Pranav Singh,Male,18,Patna,REG-04,2025-01-20,Corporate
CUST-01737,Riya Kumar,Other,22,Raipur,REG-05,2024-03-04,Small Business
CUST-01738,Reyansh Saxena,Male,22,Howrah,REG-04,2023-08-05,Corporate
CUST-01739,Aditya Singh,Male,44,Ahmedabad,REG-01,2023-01-15,Consumer
CUST-01740,Aanya Bose,Female,52,Kolkata,REG-04,2025-11-30,Consumer
CUST-01741,Sai Gupta,Male,32,Ranchi,REG-04,2024-12-07,Consumer
CUST-01742,Dhruv Bose,Male,32,Chennai,REG-03,2025-07-22,Consumer
CUST-01743,Atharv Kulkarni,Male,34,Chandigarh,REG-02,2025-01-13,Consumer
CUST-01744,Arjun Bose,Male,46,Mumbai,REG-01,2024-10-28,Consumer
CUST-01745,Gaurav Menon,Male,23,Bilaspur,REG-05,2025-07-17,Consumer
CUST-01746,Navya Choudhury,Female,36,Mumbai,REG-01,2024-01-08,Consumer
CUST-01747,Deepika Kulkarni,Female,44,Nashik,REG-01,2024-03-16,Consumer
CUST-01748,Meera Gupta,Female,39,Bilaspur,REG-05,2024-01-17,Small Business
CUST-01749,Myra Kumar,Female,36,Surat,REG-01,2025-04-23,Corporate
CUST-01750,Meera Mukherjee,Female,45,Howrah,REG-04,2023-06-04,Consumer
CUST-01751,Rohan Singh,Male,18,Ahmedabad,REG-01,2024-10-27,Consumer
CUST-01752,Navya Saxena,Female,41,Kochi,REG-03,2024-10-17,Consumer
CUST-01753,Pranav Mehta,Male,26,Visakhapatnam,REG-03,2025-10-06,Consumer
CUST-01754,Diya Reddy,Female,18,Silchar,REG-06,2024-11-12,Consumer
CUST-01755,Rajesh Menon,Male,39,Chennai,REG-03,2024-01-05,Corporate
CUST-01756,Preeti Mishra,Female,49,Bangalore,REG-03,2024-01-18,Consumer
CUST-01757,Sai Verma,Male,32,Ludhiana,REG-02,2025-10-16,Consumer
CUST-01758,Suresh Trivedi,Male,44,Patna,REG-04,2025-11-28,Consumer
CUST-01759,Rajesh Malhotra,Male,51,Kolkata,REG-04,2023-10-03,Corporate
CUST-01760,Rajesh Choudhury,Male,48,Gwalior,REG-05,2024-01-21,Consumer
CUST-01761,Angel Menon,Female,52,Visakhapatnam,REG-03,2025-11-28,Consumer
CUST-01762,Avani Joshi,Female,42,Mysore,REG-03,2025-11-19,Consumer
CUST-01763,Rohan Bose,Male,34,Ujjain,REG-05,2023-03-24,Consumer
CUST-01764,Ishaan Reddy,Male,18,Bilaspur,REG-05,2023-06-17,Corporate
CUST-01765,Neha Chopra,Female,31,Pune,REG-01,2024-12-11,Corporate
CUST-01766,Reyansh Mishra,Male,24,Asansol,REG-04,2023-07-11,Consumer
CUST-01767,Rahul Kumar,Male,57,Howrah,REG-04,2024-12-14,Consumer
CUST-01768,Reyansh Kulkarni,Male,32,Lucknow,REG-02,2023-04-27,Consumer
CUST-01769,Aarav Pillai,Male,35,Ludhiana,REG-02,2023-06-19,Consumer
CUST-01770,Aadhya Das,Female,40,Shillong,REG-06,2025-03-25,Consumer
CUST-01771,Arjun Mehta,Male,34,Pune,REG-01,2025-07-31,Consumer
CUST-01772,Ananya Verma,Female,52,Pune,REG-01,2023-08-26,Consumer
CUST-01773,Arjun Shah,Male,27,Pune,REG-01,2023-03-07,Consumer
CUST-01774,Shreya Choudhury,Female,36,Ujjain,REG-05,2025-06-15,Small Business
CUST-01775,Vikram Choudhury,Male,25,Kolkata,REG-04,2024-08-24,Consumer
CUST-01776,Shaurya Gupta,Male,19,Hyderabad,REG-03,2025-07-21,Consumer
CUST-01777,Diya Menon,Female,27,Hyderabad,REG-03,2024-07-31,Consumer
CUST-01778,Aarav Saxena,Male,33,Trivandrum,REG-03,2023-10-15,Small Business
CUST-01779,Neha Malhotra,Female,29,Gurgaon,REG-02,2023-11-04,Consumer
CUST-01780,Aarav Pandey,Male,26,Patna,REG-04,2025-01-21,Small Business
CUST-01781,Advik Pandey,Male,18,Asansol,REG-04,2023-01-03,Corporate
CUST-01782,Anand Pillai,Male,33,Hyderabad,REG-03,2025-10-13,Corporate
CUST-01783,Navya Deshmukh,Female,18,Vadodara,REG-01,2024-01-26,Consumer
CUST-01784,Shaurya Rao,Male,42,Chandigarh,REG-02,2023-09-24,Consumer
CUST-01785,Aditya Trivedi,Male,34,Patna,REG-04,2023-02-22,Consumer
CUST-01786,Vivaan Mukherjee,Male,18,Ahmedabad,REG-01,2025-09-08,Consumer
CUST-01787,Vivaan Kumar,Male,30,Bangalore,REG-03,2025-06-26,Consumer
CUST-01788,Kavya Mukherjee,Female,25,Bhopal,REG-05,2025-04-24,Consumer
CUST-01789,Ishaan Bhat,Male,37,Chennai,REG-03,2024-12-02,Consumer
CUST-01790,Pari Pandey,Female,48,Bilaspur,REG-05,2023-01-16,Consumer
CUST-01791,Diya Verma,Female,18,Pune,REG-01,2023-02-04,Consumer
CUST-01792,Ira Kulkarni,Female,35,Visakhapatnam,REG-03,2025-01-24,Consumer
CUST-01793,Priyanka Patel,Female,32,Jaipur,REG-02,2025-01-31,Consumer
CUST-01794,Navya Nair,Female,41,Chennai,REG-03,2023-10-08,Corporate
CUST-01795,Pranav Sharma,Male,36,Mumbai,REG-01,2023-08-31,Corporate
CUST-01796,Vivaan Gupta,Male,25,Nagpur,REG-01,2024-04-15,Consumer
CUST-01797,Nikhil Patel,Male,30,Trivandrum,REG-03,2025-11-23,Consumer
CUST-01798,Vihaan Saxena,Male,25,Bhubaneswar,REG-04,2025-07-06,Consumer
CUST-01799,Preeti Choudhury,Female,45,Panaji,REG-01,2023-05-05,Consumer
CUST-01800,Vivaan Mukherjee,Male,34,Lucknow,REG-02,2023-04-21,Consumer
CUST-01801,Aditya Verma,Male,54,Bhubaneswar,REG-04,2025-01-09,Small Business
CUST-01802,Riya Iyer,Female,33,Nagpur,REG-01,2023-12-25,Consumer
CUST-01803,Aarav Pillai,Male,26,Jaipur,REG-02,2024-12-28,Consumer
CUST-01804,Priyanka Nair,Female,18,Kochi,REG-03,2023-09-04,Consumer
CUST-01805,Anand Saxena,Male,18,Indore,REG-05,2025-04-04,Consumer
CUST-01806,Avani Shah,Female,18,Kanpur,REG-02,2025-03-17,Consumer
CUST-01807,Atharv Pillai,Male,36,Surat,REG-01,2023-10-11,Consumer
CUST-01808,Vivaan Verma,Male,39,Imphal,REG-06,2025-04-29,Consumer
CUST-01809,Shaurya Kapoor,Male,18,Chennai,REG-03,2023-08-27,Consumer
CUST-01810,Shreya Deshmukh,Female,43,Vadodara,REG-01,2023-03-18,Consumer
CUST-01811,Neha Reddy,Female,28,Chennai,REG-03,2024-07-06,Consumer
CUST-01812,Anand Aggarwal,Male,35,Ahmedabad,REG-01,2023-03-28,Consumer
CUST-01813,Aanya Saxena,Female,51,Visakhapatnam,REG-03,2025-03-19,Corporate
CUST-01814,Riya Kapoor,Female,43,Pune,REG-01,2024-02-11,Consumer
CUST-01815,Vihaan Pandey,Male,31,Chandigarh,REG-02,2023-07-29,Consumer
CUST-01816,Vihaan Singh,Male,24,Vadodara,REG-01,2023-04-11,Consumer
CUST-01817,Navya Reddy,Female,18,Asansol,REG-04,2024-10-22,Consumer
CUST-01818,Suresh Bhat,Male,26,Coimbatore,REG-03,2023-08-22,Small Business
CUST-01819,Aarav Patel,Male,31,Bhubaneswar,REG-04,2023-12-05,Corporate
CUST-01820,Shreya Singh,Female,23,Nashik,REG-01,2023-04-15,Consumer
CUST-01821,Pooja Mishra,Female,32,Pune,REG-01,2025-04-21,Consumer
CUST-01822,Anand Malhotra,Male,34,Vadodara,REG-01,2023-07-14,Corporate
CUST-01823,Pooja Saxena,Female,31,Panaji,REG-01,2025-11-16,Consumer
CUST-01824,Tanvi Pillai,Female,26,Gurgaon,REG-02,2023-08-18,Consumer
CUST-01825,Aarav Choudhury,Male,35,Gwalior,REG-05,2024-08-16,Small Business
CUST-01826,Gaurav Pandey,Male,38,Gwalior,REG-05,2025-03-28,Corporate
CUST-01827,Arjun Kumar,Male,22,Ranchi,REG-04,2024-12-30,Consumer
CUST-01828,Navya Pillai,Female,49,Silchar,REG-06,2025-02-04,Consumer
CUST-01829,Sai Verma,Male,32,Bhubaneswar,REG-04,2023-04-06,Consumer
CUST-01830,Anand Patel,Male,34,Patna,REG-04,2024-01-22,Consumer
CUST-01831,Vikram Bose,Male,41,Pune,REG-01,2023-11-20,Consumer
CUST-01832,Gaurav Pillai,Male,36,Gurgaon,REG-02,2025-05-17,Consumer
CUST-01833,Advaith Choudhury,Male,44,Cuttack,REG-04,2025-09-04,Consumer
CUST-01834,Vivaan Pillai,Male,37,Noida,REG-02,2024-06-13,Small Business
CUST-01835,Rahul Mukherjee,Male,27,Nagpur,REG-01,2023-04-01,Consumer
CUST-01836,Navya Kumar,Female,37,Kochi,REG-03,2024-11-13,Corporate
CUST-01837,Nikhil Shah,Male,21,Kanpur,REG-02,2024-01-08,Consumer
CUST-01838,Vikram Shah,Male,35,Chandigarh,REG-02,2025-02-09,Consumer
CUST-01839,Krishna Shah,Male,33,Bangalore,REG-03,2024-06-28,Consumer
CUST-01840,Aditya Deshmukh,Male,31,Panaji,REG-01,2023-07-29,Consumer
CUST-01841,Deepak Joshi,Male,32,Kochi,REG-03,2025-04-12,Consumer
CUST-01842,Saanvi Bhat,Female,18,Shillong,REG-06,2024-06-28,Consumer
CUST-01843,Sneha Reddy,Female,27,Trivandrum,REG-03,2023-10-09,Small Business
CUST-01844,Arjun Menon,Male,35,Chennai,REG-03,2025-05-20,Consumer
CUST-01845,Aadhya Iyer,Female,35,Pune,REG-01,2024-05-23,Consumer
CUST-01846,Priyanka Kapoor,Female,22,Asansol,REG-04,2024-02-23,Consumer
CUST-01847,Reyansh Kulkarni,Male,47,Kolkata,REG-04,2024-11-30,Consumer
CUST-01848,Deepak Nair,Male,24,Noida,REG-02,2025-03-31,Consumer
CUST-01849,Saanvi Shah,Female,44,Vadodara,REG-01,2024-09-10,Consumer
CUST-01850,Vikram Mehta,Male,38,Delhi,REG-02,2024-01-31,Consumer
CUST-01851,Rajesh Pillai,Male,26,Noida,REG-02,2025-08-20,Corporate
CUST-01852,Deepak Shah,Male,53,Asansol,REG-04,2025-11-22,Consumer
CUST-01853,Rohan Pillai,Male,20,Howrah,REG-04,2023-03-27,Consumer
CUST-01854,Meera Sharma,Female,44,Jabalpur,REG-05,2023-10-25,Consumer
CUST-01855,Krishna Mukherjee,Male,45,Chennai,REG-03,2024-04-08,Corporate
CUST-01856,Swati Bose,Female,26,Coimbatore,REG-03,2025-05-14,Consumer
CUST-01857,Aditi Shah,Female,49,Nagpur,REG-01,2025-06-20,Consumer
CUST-01858,Rahul Iyer,Male,31,Asansol,REG-04,2023-07-04,Consumer
CUST-01859,Myra Saxena,Female,37,Chennai,REG-03,2023-09-12,Consumer
CUST-01860,Shreya Kumar,Female,36,Nashik,REG-01,2025-01-09,Consumer
CUST-01861,Sunita Aggarwal,Female,32,Pune,REG-01,2023-05-25,Consumer
CUST-01862,Manish Verma,Male,42,Nagpur,REG-01,2024-02-29,Consumer
CUST-01863,Suresh Kapoor,Male,42,Vadodara,REG-01,2024-11-02,Consumer
CUST-01864,Dhruv Sharma,Male,18,Vadodara,REG-01,2023-10-06,Consumer
CUST-01865,Angel Kumar,Female,48,Nagpur,REG-01,2025-02-07,Consumer
CUST-01866,Abhishek Choudhury,Male,18,Gwalior,REG-05,2025-06-09,Consumer
CUST-01867,Shaurya Saxena,Male,45,Gurgaon,REG-02,2023-01-30,Corporate
CUST-01868,Myra Mukherjee,Female,46,Jabalpur,REG-05,2025-06-26,Consumer
CUST-01869,Neha Deshmukh,Female,21,Bhubaneswar,REG-04,2024-10-15,Small Business
CUST-01870,Kabir Saxena,Male,29,Trivandrum,REG-03,2023-09-25,Consumer
CUST-01871,Angel Saxena,Female,21,Kanpur,REG-02,2023-09-25,Corporate
CUST-01872,Pranav Chopra,Male,31,Kolkata,REG-04,2023-08-11,Consumer
CUST-01873,Vikram Joshi,Male,30,Mumbai,REG-01,2023-01-19,Consumer
CUST-01874,Pari Mishra,Female,42,Ahmedabad,REG-01,2023-11-08,Consumer
CUST-01875,Aditi Deshmukh,Female,48,Ludhiana,REG-02,2025-08-28,Consumer
CUST-01876,Shaurya Das,Male,49,Mumbai,REG-01,2023-08-01,Consumer
CUST-01877,Vihaan Patel,Male,27,Chandigarh,REG-02,2025-11-24,Consumer
CUST-01878,Aarav Menon,Other,31,Gwalior,REG-05,2023-01-31,Consumer
CUST-01879,Ira Kulkarni,Female,18,Cuttack,REG-04,2023-09-19,Consumer
CUST-01880,Rahul Das,Male,25,Raipur,REG-05,2025-06-28,Small Business
CUST-01881,Swati Saxena,Female,44,Gurgaon,REG-02,2025-04-16,Corporate
CUST-01882,Deepika Saxena,Female,51,Gurgaon,REG-02,2023-08-16,Small Business
CUST-01883,Kabir Nair,Male,20,Nashik,REG-01,2024-12-01,Consumer
CUST-01884,Rahul Choudhury,Male,27,Delhi,REG-02,2025-08-02,Consumer
CUST-01885,Deepika Kumar,Female,33,Chandigarh,REG-02,2025-11-18,Consumer
CUST-01886,Anand Rao,Male,37,Patna,REG-04,2025-10-28,Consumer
CUST-01887,Rajesh Menon,Male,25,Agartala,REG-06,2023-04-07,Consumer
CUST-01888,Angel Iyer,Female,38,Coimbatore,REG-03,2025-08-14,Consumer
CUST-01889,Reyansh Mishra,Male,28,Bhopal,REG-05,2023-10-14,Small Business
CUST-01890,Suresh Deshmukh,Male,33,Ludhiana,REG-02,2023-06-23,Consumer
CUST-01891,Ira Menon,Female,40,Vadodara,REG-01,2023-12-07,Consumer
CUST-01892,Karan Pandey,Male,34,Trivandrum,REG-03,2023-12-14,Corporate
CUST-01893,Sara Aggarwal,Female,29,Mumbai,REG-01,2023-05-18,Consumer
CUST-01894,Ayaan Pandey,Male,32,Panaji,REG-01,2024-02-03,Consumer
CUST-01895,Aditi Reddy,Female,33,Gurgaon,REG-02,2024-06-30,Consumer
CUST-01896,Karan Reddy,Male,29,Bhopal,REG-05,2023-03-15,Corporate
CUST-01897,Aditi Kapoor,Female,31,Cuttack,REG-04,2023-05-22,Consumer
CUST-01898,Dhruv Bhat,Male,51,Noida,REG-02,2025-05-20,Consumer
CUST-01899,Krishna Nair,Male,40,Raipur,REG-05,2024-06-19,Consumer
CUST-01900,Rohan Gupta,Male,30,Bhubaneswar,REG-04,2023-05-16,Consumer
CUST-01901,Avani Aggarwal,Female,41,Kolkata,REG-04,2023-02-01,Consumer
CUST-01902,Swati Saxena,Female,30,Bhubaneswar,REG-04,2024-05-08,Consumer
CUST-01903,Rohan Deshmukh,Male,46,Silchar,REG-06,2024-06-07,Corporate
CUST-01904,Aditi Das,Female,38,Trivandrum,REG-03,2025-11-19,Corporate
CUST-01905,Tanvi Aggarwal,Female,32,Coimbatore,REG-03,2024-10-06,Consumer
CUST-01906,Simran Kulkarni,Female,38,Nashik,REG-01,2023-10-09,Consumer
CUST-01907,Rajesh Patel,Male,18,Gwalior,REG-05,2025-02-19,Consumer
CUST-01908,Arjun Trivedi,Male,21,Surat,REG-01,2025-07-09,Consumer
CUST-01909,Rahul Saxena,Male,20,Pune,REG-01,2025-10-20,Consumer
CUST-01910,Pari Trivedi,Female,35,Hyderabad,REG-03,2025-11-24,Corporate
CUST-01911,Anushka Pillai,Female,53,Kochi,REG-03,2023-12-10,Consumer
CUST-01912,Vihaan Sharma,Male,58,Ahmedabad,REG-01,2023-01-05,Consumer
CUST-01913,Ira Deshmukh,Female,41,Noida,REG-02,2023-04-03,Small Business
CUST-01914,Amit Das,Male,39,Visakhapatnam,REG-03,2025-03-02,Consumer
CUST-01915,Simran Iyer,Female,18,Nagpur,REG-01,2023-07-10,Consumer
CUST-01916,Navya Trivedi,Female,28,Mysore,REG-03,2024-05-14,Consumer
CUST-01917,Kabir Menon,Male,25,Nashik,REG-01,2024-07-19,Consumer
CUST-01918,Preeti Rao,Female,27,Kochi,REG-03,2024-10-06,Consumer
CUST-01919,Neha Chopra,Female,32,Ujjain,REG-05,2023-07-20,Consumer
CUST-01920,Nikhil Sharma,Male,28,Kanpur,REG-02,2024-01-09,Consumer
CUST-01921,Angel Chopra,Female,18,Silchar,REG-06,2025-02-15,Consumer
CUST-01922,Aarav Trivedi,Male,42,Ranchi,REG-04,2025-06-05,Small Business
CUST-01923,Kavya Nair,Female,22,Mumbai,REG-01,2025-03-15,Small Business
CUST-01924,Aditya Aggarwal,Male,36,Surat,REG-01,2024-07-31,Consumer
CUST-01925,Shaurya Mehta,Male,56,Chandigarh,REG-02,2025-08-19,Consumer
CUST-01926,Sara Menon,Female,23,Kochi,REG-03,2025-05-30,Consumer
CUST-01927,Rohan Singh,Male,18,Kanpur,REG-02,2023-11-23,Consumer
CUST-01928,Aarav Bhat,Male,30,Nagpur,REG-01,2023-08-31,Consumer
CUST-01929,Ira Kapoor,Other,46,Chennai,REG-03,2025-01-15,Consumer
CUST-01930,Kavya Kumar,Female,55,Noida,REG-02,2025-07-19,Corporate
CUST-01931,Vikram Reddy,Male,20,Pune,REG-01,2023-09-29,Consumer
CUST-01932,Sara Deshmukh,Female,39,Bilaspur,REG-05,2024-01-18,Consumer
CUST-01933,Aditya Rao,Male,28,Ujjain,REG-05,2025-01-24,Small Business
CUST-01934,Aditi Deshmukh,Female,32,Jaipur,REG-02,2023-08-30,Consumer
CUST-01935,Suresh Patel,Male,63,Hyderabad,REG-03,2025-09-26,Consumer
CUST-01936,Aditi Patel,Female,18,Ahmedabad,REG-01,2024-07-28,Consumer
CUST-01937,Ira Singh,Female,36,Gurgaon,REG-02,2023-11-30,Consumer
CUST-01938,Myra Bhat,Female,39,Visakhapatnam,REG-03,2023-04-20,Corporate
CUST-01939,Swati Trivedi,Female,45,Jaipur,REG-02,2024-06-29,Small Business
CUST-01940,Rohan Joshi,Male,35,Mysore,REG-03,2025-09-22,Corporate
CUST-01941,Pranav Menon,Male,37,Bangalore,REG-03,2023-10-17,Consumer
CUST-01942,Riya Pandey,Female,29,Mumbai,REG-01,2023-04-12,Consumer
CUST-01943,Deepak Aggarwal,Male,36,Jabalpur,REG-05,2024-07-17,Small Business
CUST-01944,Reyansh Pandey,Male,30,Nashik,REG-01,2023-12-30,Consumer
CUST-01945,Priyanka Chopra,Female,40,Ujjain,REG-05,2024-07-27,Consumer
CUST-01946,Kabir Kapoor,Male,29,Silchar,REG-06,2024-01-10,Consumer
CUST-01947,Advaith Reddy,Male,38,Nagpur,REG-01,2023-05-29,Consumer
CUST-01948,Swati Shah,Female,33,Bhubaneswar,REG-04,2023-01-13,Consumer
CUST-01949,Atharv Rao,Male,46,Bangalore,REG-03,2023-07-07,Consumer
CUST-01950,Aarav Das,Male,33,Nashik,REG-01,2023-08-12,Small Business
CUST-01951,Myra Kumar,Female,18,Delhi,REG-02,2025-01-12,Consumer
CUST-01952,Aditi Deshmukh,Female,47,Ahmedabad,REG-01,2024-02-13,Consumer
CUST-01953,Rajesh Mukherjee,Male,24,Bangalore,REG-03,2023-01-10,Small Business
CUST-01954,Suresh Pandey,Male,26,Guwahati,REG-06,2025-10-29,Consumer
CUST-01955,Suresh Chopra,Male,27,Patna,REG-04,2023-10-16,Corporate
CUST-01956,Kavya Pillai,Female,49,Kochi,REG-03,2025-04-24,Consumer
CUST-01957,Angel Kulkarni,Female,18,Ranchi,REG-04,2023-06-30,Small Business
CUST-01958,Sneha Shah,Female,68,Nashik,REG-01,2024-02-19,Corporate
CUST-01959,Aadhya Gupta,Female,45,Bilaspur,REG-05,2023-05-25,Consumer
CUST-01960,Arjun Joshi,Male,36,Howrah,REG-04,2025-04-05,Consumer
CUST-01961,Advaith Trivedi,Male,33,Jaipur,REG-02,2025-06-15,Consumer
CUST-01962,Simran Reddy,Female,37,Gurgaon,REG-02,2025-05-11,Consumer
CUST-01963,Krishna Rao,Male,39,Kanpur,REG-02,2025-07-06,Consumer
CUST-01964,Anushka Nair,Female,41,Gwalior,REG-05,2025-10-27,Consumer
CUST-01965,Sai Chopra,Male,40,Ranchi,REG-04,2024-09-02,Consumer
CUST-01966,Vivaan Chopra,Male,34,Ludhiana,REG-02,2025-06-28,Small Business
CUST-01967,Ira Joshi,Female,31,Jaipur,REG-02,2024-12-22,Consumer
CUST-01968,Pari Gupta,Female,32,Bangalore,REG-03,2023-03-11,Consumer
CUST-01969,Nikhil Chopra,Male,31,Nashik,REG-01,2024-09-25,Corporate
CUST-01970,Priyanka Mehta,Female,46,Bhopal,REG-05,2023-06-20,Small Business
CUST-01971,Kabir Bose,Male,40,Mumbai,REG-01,2023-10-19,Consumer
CUST-01972,Advaith Malhotra,Male,18,Gurgaon,REG-02,2023-12-11,Consumer
CUST-01973,Vikram Joshi,Male,41,Raipur,REG-05,2024-07-02,Consumer
CUST-01974,Sai Sharma,Male,36,Bilaspur,REG-05,2023-10-04,Consumer
CUST-01975,Aditi Saxena,Female,33,Raipur,REG-05,2023-05-02,Consumer
CUST-01976,Tanvi Saxena,Female,29,Kolkata,REG-04,2023-06-11,Consumer
CUST-01977,Karan Choudhury,Male,46,Raipur,REG-05,2024-06-15,Consumer
CUST-01978,Myra Verma,Female,44,Delhi,REG-02,2025-10-05,Consumer
CUST-01979,Reyansh Mishra,Male,25,Mumbai,REG-01,2024-12-25,Consumer
CUST-01980,Sara Kapoor,Female,38,Surat,REG-01,2023-05-15,Consumer
CUST-01981,Rahul Malhotra,Other,23,Coimbatore,REG-03,2023-01-25,Consumer
CUST-01982,Aarohi Sharma,Female,18,Gurgaon,REG-02,2023-03-06,Corporate
CUST-01983,Kabir Das,Male,27,Asansol,REG-04,2024-08-05,Consumer
CUST-01984,Deepika Das,Female,43,Indore,REG-05,2024-11-20,Corporate
CUST-01985,Pari Rao,Female,44,Lucknow,REG-02,2025-02-04,Consumer
CUST-01986,Vivaan Joshi,Male,39,Delhi,REG-02,2023-05-02,Consumer
CUST-01987,Rahul Sharma,Male,41,Trivandrum,REG-03,2025-05-27,Small Business
CUST-01988,Pooja Verma,Female,39,Nagpur,REG-01,2025-06-18,Consumer
CUST-01989,Suresh Trivedi,Male,26,Nashik,REG-01,2025-10-22,Consumer
CUST-01990,Anushka Trivedi,Female,38,Dibrugarh,REG-06,2024-02-01,Consumer
CUST-01991,Rahul Aggarwal,Male,42,Agartala,REG-06,2024-04-05,Consumer
CUST-01992,Advaith Bose,Male,42,Asansol,REG-04,2023-11-18,Consumer
CUST-01993,Sai Kapoor,Male,47,Delhi,REG-02,2023-05-30,Consumer
CUST-01994,Amit Nair,Other,41,Nagpur,REG-01,2024-01-12,Consumer
CUST-01995,Krishna Kumar,Male,37,Hyderabad,REG-03,2023-11-03,Consumer
CUST-01996,Shaurya Mishra,Male,45,Mumbai,REG-01,2023-03-07,Consumer
CUST-01997,Sunita Mukherjee,Female,33,Bhopal,REG-05,2024-12-30,Consumer
CUST-01998,Pooja Rao,Female,24,Gwalior,REG-05,2024-06-02,Consumer
CUST-01999,Abhishek Mehta,Male,32,Nagpur,REG-01,2025-06-28,Consumer
CUST-02000,Deepak Sharma,Male,25,Jaipur,REG-02,2025-07-23,Consumer
CUST-02001,Neha Rao,Female,26,Cuttack,REG-04,2025-07-12,Consumer
CUST-02002,Pari Patel,Female,32,Nagpur,REG-01,2024-09-30,Consumer
CUST-02003,Gaurav Reddy,Male,25,Gurgaon,REG-02,2023-01-18,Corporate
CUST-02004,Atharv Joshi,Male,30,Chennai,REG-03,2024-06-07,Consumer
CUST-02005,Aarav Aggarwal,Male,18,Bangalore,REG-03,2025-06-30,Consumer
CUST-02006,Simran Kumar,Female,36,Mumbai,REG-01,2024-01-06,Consumer
CUST-02007,Pari Mehta,Female,34,Hyderabad,REG-03,2023-05-19,Consumer
CUST-02008,Aditi Mehta,Female,25,Visakhapatnam,REG-03,2023-01-09,Consumer
CUST-02009,Kavya Mehta,Female,41,Cuttack,REG-04,2025-06-13,Consumer
CUST-02010,Rohan Rao,Male,44,Panaji,REG-01,2025-08-07,Consumer
CUST-02011,Suresh Aggarwal,Male,18,Mumbai,REG-01,2023-04-14,Corporate
CUST-02012,Swati Reddy,Female,25,Kochi,REG-03,2023-05-18,Consumer
CUST-02013,Arjun Bhat,Male,25,Jabalpur,REG-05,2023-12-20,Corporate
CUST-02014,Abhishek Iyer,Male,23,Bilaspur,REG-05,2023-07-16,Small Business
CUST-02015,Manish Menon,Male,43,Bangalore,REG-03,2023-04-21,Consumer
CUST-02016,Ishaan Rao,Male,31,Surat,REG-01,2023-10-05,Consumer
CUST-02017,Krishna Patel,Male,31,Ludhiana,REG-02,2024-07-24,Consumer
CUST-02018,Swati Choudhury,Female,18,Bilaspur,REG-05,2023-08-13,Consumer
CUST-02019,Sara Pillai,Female,40,Kochi,REG-03,2023-01-21,Consumer
CUST-02020,Meera Sharma,Female,20,Surat,REG-01,2023-04-14,Consumer
CUST-02021,Ananya Reddy,Female,34,Indore,REG-05,2025-06-17,Consumer
CUST-02022,Ananya Aggarwal,Female,37,Indore,REG-05,2025-02-02,Consumer
CUST-02023,Nikhil Menon,Male,48,Pune,REG-01,2025-05-05,Consumer
CUST-02024,Krishna Bose,Male,19,Mumbai,REG-01,2024-12-06,Consumer
CUST-02025,Swati Pandey,Female,18,Ludhiana,REG-02,2024-12-29,Consumer
CUST-02026,Priyanka Rao,Female,36,Pune,REG-01,2023-02-16,Consumer
CUST-02027,Sai Mukherjee,Other,53,Chennai,REG-03,2025-08-19,Consumer
CUST-02028,Aanya Mishra,Female,47,Silchar,REG-06,2024-03-22,Consumer
CUST-02029,Angel Reddy,Female,36,Bilaspur,REG-05,2024-07-19,Consumer
CUST-02030,Sai Singh,Male,28,Kochi,REG-03,2023-08-31,Consumer
CUST-02031,Vivaan Joshi,Male,42,Jaipur,REG-02,2025-05-05,Corporate
CUST-02032,Avani Menon,Female,23,Bhopal,REG-05,2025-02-23,Consumer
CUST-02033,Arjun Patel,Male,39,Trivandrum,REG-03,2025-01-11,Consumer
CUST-02034,Ishaan Menon,Male,39,Bhubaneswar,REG-04,2024-09-07,Consumer
CUST-02035,Pranav Bose,Male,45,Dibrugarh,REG-06,2024-09-19,Consumer
CUST-02036,Ayaan Pillai,Male,64,Delhi,REG-02,2024-09-11,Consumer
CUST-02037,Advaith Gupta,Male,38,Ahmedabad,REG-01,2025-02-28,Consumer
CUST-02038,Aarohi Patel,Female,28,Gurgaon,REG-02,2024-06-07,Consumer
CUST-02039,Arjun Shah,Male,33,Bhubaneswar,REG-04,2024-10-18,Consumer
CUST-02040,Anand Bhat,Male,18,Bilaspur,REG-05,2023-03-22,Consumer
CUST-02041,Vikram Malhotra,Male,26,Trivandrum,REG-03,2023-10-30,Consumer
CUST-02042,Swati Pandey,Female,29,Howrah,REG-04,2025-02-17,Consumer
CUST-02043,Shaurya Saxena,Male,28,Ahmedabad,REG-01,2024-07-30,Small Business
CUST-02044,Pari Trivedi,Female,35,Delhi,REG-02,2025-01-16,Consumer
CUST-02045,Krishna Gupta,Male,24,Guwahati,REG-06,2024-05-08,Consumer
CUST-02046,Sara Mishra,Female,46,Visakhapatnam,REG-03,2025-04-10,Consumer
CUST-02047,Rohan Joshi,Other,34,Ujjain,REG-05,2025-03-10,Small Business
CUST-02048,Angel Kulkarni,Female,33,Ludhiana,REG-02,2025-04-02,Consumer
CUST-02049,Aditi Nair,Female,30,Howrah,REG-04,2024-11-18,Small Business
CUST-02050,Ayaan Mukherjee,Male,35,Ludhiana,REG-02,2024-07-08,Consumer
CUST-02051,Priyanka Menon,Female,43,Chennai,REG-03,2025-06-01,Consumer
CUST-02052,Aditya Kumar,Male,24,Jaipur,REG-02,2023-02-15,Consumer
CUST-02053,Neha Chopra,Female,26,Gwalior,REG-05,2024-09-19,Consumer
CUST-02054,Pari Menon,Female,30,Gurgaon,REG-02,2024-10-23,Corporate
CUST-02055,Advik Bose,Male,19,Ludhiana,REG-02,2024-01-08,Consumer
CUST-02056,Saanvi Deshmukh,Female,24,Raipur,REG-05,2023-10-07,Consumer
CUST-02057,Neha Mehta,Female,28,Kanpur,REG-02,2023-09-08,Small Business
CUST-02058,Anand Nair,Male,43,Kochi,REG-03,2024-05-22,Corporate
CUST-02059,Pranav Pandey,Male,36,Panaji,REG-01,2024-09-24,Consumer
CUST-02060,Avani Pillai,Female,36,Ludhiana,REG-02,2024-04-07,Consumer
CUST-02061,Sunita Sharma,Female,43,Pune,REG-01,2025-10-12,Small Business
CUST-02062,Swati Kumar,Female,32,Pune,REG-01,2023-06-12,Consumer
CUST-02063,Aadhya Shah,Female,38,Raipur,REG-05,2024-10-13,Consumer
CUST-02064,Anand Nair,Male,32,Patna,REG-04,2025-06-05,Corporate
CUST-02065,Advaith Nair,Male,36,Ludhiana,REG-02,2023-04-10,Consumer
CUST-02066,Sai Mishra,Male,27,Bangalore,REG-03,2025-04-21,Corporate
CUST-02067,Simran Singh,Female,18,Nashik,REG-01,2025-08-05,Consumer
CUST-02068,Ira Malhotra,Female,32,Lucknow,REG-02,2024-02-04,Consumer
CUST-02069,Deepak Verma,Male,49,Bangalore,REG-03,2025-01-01,Corporate
CUST-02070,Swati Rao,Female,44,Panaji,REG-01,2024-10-28,Consumer
CUST-02071,Aanya Verma,Female,44,Ahmedabad,REG-01,2025-09-17,Corporate
CUST-02072,Arjun Patel,Male,47,Jaipur,REG-02,2025-08-06,Consumer
CUST-02073,Aarohi Mukherjee,Female,34,Vadodara,REG-01,2024-04-09,Small Business
CUST-02074,Aarohi Menon,Female,36,Ujjain,REG-05,2025-03-26,Consumer
CUST-02075,Aadhya Kulkarni,Female,27,Guwahati,REG-06,2024-02-11,Consumer
CUST-02076,Atharv Joshi,Male,30,Cuttack,REG-04,2025-03-11,Consumer
CUST-02077,Priyanka Kapoor,Female,40,Nashik,REG-01,2024-05-19,Consumer
CUST-02078,Priyanka Joshi,Female,47,Asansol,REG-04,2024-03-12,Small Business
CUST-02079,Arjun Kapoor,Male,32,Asansol,REG-04,2025-06-25,Consumer
CUST-02080,Sunita Bhat,Female,29,Hyderabad,REG-03,2023-01-03,Consumer
CUST-02081,Anushka Aggarwal,Female,34,Asansol,REG-04,2024-03-30,Corporate
CUST-02082,Ayaan Mukherjee,Male,40,Jaipur,REG-02,2023-03-13,Consumer
CUST-02083,Vivaan Rao,Male,18,Guwahati,REG-06,2025-11-13,Consumer
CUST-02084,Aditi Mehta,Female,18,Asansol,REG-04,2023-11-21,Corporate
CUST-02085,Vivaan Mehta,Male,27,Pune,REG-01,2023-11-16,Consumer
CUST-02086,Karan Pandey,Male,20,Shillong,REG-06,2024-01-10,Consumer
CUST-02087,Riya Malhotra,Female,28,Howrah,REG-04,2025-06-09,Small Business
CUST-02088,Pooja Mishra,Female,32,Kanpur,REG-02,2025-09-06,Consumer
CUST-02089,Krishna Singh,Male,29,Surat,REG-01,2023-11-09,Consumer
CUST-02090,Suresh Bhat,Male,49,Pune,REG-01,2024-08-21,Consumer
CUST-02091,Rohan Malhotra,Male,37,Gwalior,REG-05,2023-11-12,Consumer
CUST-02092,Shreya Kapoor,Female,37,Indore,REG-05,2024-12-25,Consumer
CUST-02093,Gaurav Trivedi,Male,40,Mysore,REG-03,2024-03-08,Consumer
CUST-02094,Advik Reddy,Male,21,Bilaspur,REG-05,2025-09-07,Corporate
CUST-02095,Karan Kapoor,Male,45,Mumbai,REG-01,2024-07-10,Consumer
CUST-02096,Angel Mehta,Female,33,Kolkata,REG-04,2025-09-21,Consumer
CUST-02097,Rohan Iyer,Male,41,Howrah,REG-04,2024-10-25,Consumer
CUST-02098,Aadhya Reddy,Female,22,Patna,REG-04,2025-04-01,Consumer
CUST-02099,Ishaan Malhotra,Male,18,Ludhiana,REG-02,2025-01-18,Consumer
CUST-02100,Krishna Saxena,Male,42,Mysore,REG-03,2024-10-14,Consumer
CUST-02101,Sai Shah,Male,38,Chennai,REG-03,2025-01-24,Consumer
CUST-02102,Angel Patel,Female,24,Panaji,REG-01,2024-11-06,Consumer
CUST-02103,Deepak Malhotra,Male,24,Nagpur,REG-01,2024-03-09,Consumer
CUST-02104,Dhruv Joshi,Male,46,Kolkata,REG-04,2025-09-04,Corporate
CUST-02105,Saanvi Nair,Female,20,Ahmedabad,REG-01,2023-01-31,Consumer
CUST-02106,Riya Mehta,Female,52,Pune,REG-01,2023-11-03,Consumer
CUST-02107,Neha Reddy,Female,24,Ranchi,REG-04,2025-04-06,Consumer
CUST-02108,Avani Bose,Female,41,Nashik,REG-01,2024-03-17,Consumer
CUST-02109,Abhishek Kulkarni,Male,30,Ahmedabad,REG-01,2023-09-28,Consumer
CUST-02110,Nikhil Sharma,Male,40,Jaipur,REG-02,2025-08-31,Consumer
CUST-02111,Ayaan Pandey,Male,28,Kochi,REG-03,2024-09-24,Consumer
CUST-02112,Deepika Menon,Female,32,Chandigarh,REG-02,2024-01-21,Consumer
CUST-02113,Manish Saxena,Male,34,Mysore,REG-03,2024-01-08,Consumer
CUST-02114,Sai Mehta,Male,22,Mysore,REG-03,2023-02-18,Corporate
CUST-02115,Advik Nair,Male,42,Silchar,REG-06,2025-07-23,Corporate
CUST-02116,Aarav Aggarwal,Male,28,Ahmedabad,REG-01,2025-05-11,Small Business
CUST-02117,Ishaan Iyer,Male,31,Trivandrum,REG-03,2025-10-13,Consumer
CUST-02118,Neha Deshmukh,Female,23,Bhopal,REG-05,2025-05-09,Corporate
CUST-02119,Atharv Mukherjee,Male,18,Kolkata,REG-04,2024-06-10,Corporate
CUST-02120,Pranav Reddy,Male,31,Lucknow,REG-02,2025-08-21,Consumer
CUST-02121,Ira Nair,Female,60,Hyderabad,REG-03,2025-08-09,Consumer
CUST-02122,Amit Pillai,Male,42,Hyderabad,REG-03,2025-02-17,Consumer
CUST-02123,Suresh Joshi,Male,33,Bangalore,REG-03,2024-01-03,Consumer
CUST-02124,Kabir Kumar,Male,31,Lucknow,REG-02,2025-05-23,Consumer
CUST-02125,Tanvi Chopra,Other,34,Mysore,REG-03,2025-03-16,Consumer
CUST-02126,Anand Mukherjee,Male,40,Panaji,REG-01,2024-06-20,Corporate
CUST-02127,Diya Choudhury,Female,21,Vadodara,REG-01,2023-05-30,Corporate
CUST-02128,Vihaan Bose,Male,46,Kochi,REG-03,2024-05-11,Corporate
CUST-02129,Angel Nair,Female,41,Coimbatore,REG-03,2024-04-08,Consumer
CUST-02130,Pranav Nair,Male,41,Ahmedabad,REG-01,2023-10-27,Consumer
CUST-02131,Sneha Mukherjee,Female,38,Nashik,REG-01,2024-03-23,Small Business
CUST-02132,Pooja Kapoor,Female,34,Cuttack,REG-04,2024-07-06,Consumer
CUST-02133,Aarav Trivedi,Male,41,Ranchi,REG-04,2023-09-22,Consumer
CUST-02134,Karan Kulkarni,Male,40,Ranchi,REG-04,2024-10-31,Consumer
CUST-02135,Sara Gupta,Female,30,Kanpur,REG-02,2025-01-28,Consumer
CUST-02136,Ananya Mishra,Female,27,Kolkata,REG-04,2024-05-15,Consumer
CUST-02137,Rahul Mukherjee,Male,35,Jabalpur,REG-05,2023-05-12,Consumer
CUST-02138,Neha Verma,Female,51,Patna,REG-04,2024-12-29,Consumer
CUST-02139,Anika Choudhury,Female,20,Raipur,REG-05,2025-03-16,Corporate
CUST-02140,Priyanka Bose,Female,18,Panaji,REG-01,2025-08-23,Small Business
CUST-02141,Kavya Saxena,Female,35,Surat,REG-01,2023-05-21,Consumer
CUST-02142,Ishaan Gupta,Male,34,Jaipur,REG-02,2025-03-23,Consumer
CUST-02143,Ayaan Shah,Male,35,Mysore,REG-03,2023-04-09,Corporate
CUST-02144,Sai Gupta,Male,36,Patna,REG-04,2023-10-05,Consumer
CUST-02145,Ishaan Deshmukh,Male,31,Chandigarh,REG-02,2025-04-12,Consumer
CUST-02146,Ishaan Reddy,Male,50,Trivandrum,REG-03,2025-10-30,Corporate
CUST-02147,Shreya Bose,Female,18,Cuttack,REG-04,2023-02-27,Consumer
CUST-02148,Deepika Chopra,Female,24,Patna,REG-04,2024-07-28,Consumer
CUST-02149,Aanya Singh,Female,32,Bilaspur,REG-05,2023-07-03,Consumer
CUST-02150,Avani Trivedi,Female,18,Ludhiana,REG-02,2024-06-23,Consumer
CUST-02151,Reyansh Pandey,Male,32,Gurgaon,REG-02,2024-04-12,Consumer
CUST-02152,Sara Verma,Female,52,Vadodara,REG-01,2025-05-14,Consumer
CUST-02153,Nikhil Chopra,Male,34,Asansol,REG-04,2023-11-23,Consumer
CUST-02154,Arjun Das,Male,36,Kolkata,REG-04,2023-10-07,Consumer
CUST-02155,Rahul Mehta,Male,20,Mumbai,REG-01,2024-04-15,Consumer
CUST-02156,Pranav Deshmukh,Male,27,Noida,REG-02,2025-05-26,Corporate
CUST-02157,Gaurav Sharma,Male,29,Kanpur,REG-02,2023-10-18,Corporate
CUST-02158,Sara Menon,Female,30,Patna,REG-04,2023-04-27,Consumer
CUST-02159,Anika Verma,Female,48,Ahmedabad,REG-01,2024-04-17,Corporate
CUST-02160,Angel Pandey,Female,40,Kochi,REG-03,2023-03-01,Consumer
CUST-02161,Aditi Singh,Female,21,Vadodara,REG-01,2025-07-27,Consumer
CUST-02162,Neha Saxena,Female,36,Asansol,REG-04,2023-02-03,Consumer
CUST-02163,Pari Malhotra,Female,39,Bhubaneswar,REG-04,2023-04-17,Corporate
CUST-02164,Gaurav Trivedi,Male,46,Asansol,REG-04,2024-06-14,Consumer
CUST-02165,Meera Menon,Female,51,Imphal,REG-06,2025-10-11,Consumer
CUST-02166,Vihaan Das,Male,22,Cuttack,REG-04,2024-01-10,Small Business
CUST-02167,Atharv Kapoor,Male,25,Visakhapatnam,REG-03,2023-11-12,Corporate
CUST-02168,Arjun Chopra,Male,20,Chennai,REG-03,2024-01-04,Consumer
CUST-02169,Aditi Pillai,Female,31,Bhubaneswar,REG-04,2025-02-28,Consumer
CUST-02170,Anushka Nair,Female,39,Bilaspur,REG-05,2023-10-29,Small Business
CUST-02171,Amit Gupta,Male,44,Noida,REG-02,2024-01-17,Consumer
CUST-02172,Vivaan Mehta,Male,33,Bangalore,REG-03,2024-04-27,Consumer
CUST-02173,Pari Mukherjee,Other,30,Howrah,REG-04,2023-04-13,Consumer
CUST-02174,Sunita Patel,Female,35,Delhi,REG-02,2025-09-19,Consumer
CUST-02175,Amit Shah,Male,24,Ahmedabad,REG-01,2024-12-22,Consumer
CUST-02176,Priyanka Nair,Female,56,Patna,REG-04,2024-10-13,Corporate
CUST-02177,Aarohi Kulkarni,Female,18,Ahmedabad,REG-01,2023-10-19,Small Business
CUST-02178,Meera Nair,Female,36,Nashik,REG-01,2024-01-08,Consumer
CUST-02179,Ishaan Singh,Male,56,Nagpur,REG-01,2023-12-27,Consumer
CUST-02180,Rajesh Nair,Male,34,Trivandrum,REG-03,2024-01-29,Small Business
CUST-02181,Saanvi Aggarwal,Female,31,Kochi,REG-03,2024-02-19,Small Business
CUST-02182,Advaith Trivedi,Male,30,Bhopal,REG-05,2024-09-16,Consumer
CUST-02183,Kabir Das,Male,32,Mysore,REG-03,2023-01-25,Consumer
CUST-02184,Sai Sharma,Male,49,Gwalior,REG-05,2025-02-12,Corporate
CUST-02185,Aadhya Das,Female,18,Bhubaneswar,REG-04,2024-01-24,Corporate
CUST-02186,Krishna Das,Male,50,Patna,REG-04,2025-03-24,Consumer
CUST-02187,Pari Trivedi,Female,18,Mysore,REG-03,2025-04-28,Consumer
CUST-02188,Deepak Kulkarni,Male,31,Gurgaon,REG-02,2023-11-24,Small Business
CUST-02189,Saanvi Mukherjee,Female,29,Nagpur,REG-01,2024-12-16,Consumer
CUST-02190,Vikram Singh,Male,40,Panaji,REG-01,2023-11-19,Consumer
CUST-02191,Aditya Chopra,Male,18,Ujjain,REG-05,2025-04-20,Consumer
CUST-02192,Shaurya Chopra,Male,39,Howrah,REG-04,2025-04-03,Consumer
CUST-02193,Anand Choudhury,Male,56,Howrah,REG-04,2025-04-16,Consumer
CUST-02194,Diya Malhotra,Female,19,Patna,REG-04,2023-03-29,Consumer
CUST-02195,Anand Nair,Male,36,Bangalore,REG-03,2024-11-26,Consumer
CUST-02196,Vihaan Reddy,Male,26,Bangalore,REG-03,2023-03-31,Consumer
CUST-02197,Preeti Reddy,Female,38,Patna,REG-04,2023-05-12,Corporate
CUST-02198,Karan Singh,Male,34,Ahmedabad,REG-01,2023-06-06,Consumer
CUST-02199,Anand Shah,Male,26,Bilaspur,REG-05,2025-02-01,Consumer
CUST-02200,Pooja Mukherjee,Female,39,Trivandrum,REG-03,2024-09-02,Corporate
CUST-02201,Rahul Mehta,Male,53,Coimbatore,REG-03,2023-04-30,Consumer
CUST-02202,Neha Singh,Other,31,Bilaspur,REG-05,2023-01-02,Consumer
CUST-02203,Rahul Shah,Male,41,Visakhapatnam,REG-03,2025-06-24,Consumer
CUST-02204,Gaurav Chopra,Male,19,Trivandrum,REG-03,2025-04-02,Consumer
CUST-02205,Meera Iyer,Female,23,Kolkata,REG-04,2025-06-10,Corporate
CUST-02206,Anand Kumar,Male,39,Ahmedabad,REG-01,2025-06-12,Corporate
CUST-02207,Reyansh Kumar,Male,50,Pune,REG-01,2023-04-04,Consumer
CUST-02208,Pooja Gupta,Female,37,Kolkata,REG-04,2024-07-30,Corporate
CUST-02209,Swati Trivedi,Female,30,Chennai,REG-03,2023-07-04,Consumer
CUST-02210,Ananya Pandey,Female,33,Cuttack,REG-04,2024-07-22,Consumer
CUST-02211,Deepika Kumar,Female,20,Kochi,REG-03,2023-08-16,Corporate
CUST-02212,Ayaan Trivedi,Male,40,Kanpur,REG-02,2023-02-12,Corporate
CUST-02213,Anushka Sharma,Female,43,Panaji,REG-01,2024-02-07,Corporate
CUST-02214,Anika Rao,Female,29,Noida,REG-02,2023-01-08,Consumer
CUST-02215,Rajesh Kumar,Male,28,Lucknow,REG-02,2023-01-04,Small Business
CUST-02216,Pari Shah,Female,36,Gurgaon,REG-02,2023-05-08,Consumer
CUST-02217,Suresh Mukherjee,Male,29,Nashik,REG-01,2025-06-12,Small Business
CUST-02218,Pari Mishra,Female,33,Kochi,REG-03,2025-10-24,Consumer
CUST-02219,Rajesh Trivedi,Male,57,Shillong,REG-06,2025-09-17,Consumer
CUST-02220,Sneha Chopra,Female,31,Trivandrum,REG-03,2023-12-29,Consumer
CUST-02221,Pranav Rao,Male,30,Noida,REG-02,2023-01-02,Small Business
CUST-02222,Anand Bhat,Male,26,Patna,REG-04,2024-04-07,Consumer
CUST-02223,Anand Rao,Male,42,Bilaspur,REG-05,2024-04-03,Consumer
CUST-02224,Manish Das,Male,32,Kolkata,REG-04,2025-09-03,Consumer
CUST-02225,Meera Aggarwal,Female,26,Nashik,REG-01,2025-10-06,Consumer
CUST-02226,Kavya Menon,Female,48,Mysore,REG-03,2023-12-09,Consumer
CUST-02227,Pooja Bhat,Female,49,Vadodara,REG-01,2024-05-21,Corporate
CUST-02228,Avani Das,Female,27,Kanpur,REG-02,2023-08-28,Consumer
CUST-02229,Vihaan Joshi,Male,18,Imphal,REG-06,2024-05-20,Consumer
CUST-02230,Anand Kulkarni,Male,45,Mumbai,REG-01,2023-11-05,Consumer
CUST-02231,Suresh Pandey,Male,26,Kanpur,REG-02,2023-12-16,Consumer
CUST-02232,Gaurav Mehta,Male,42,Nashik,REG-01,2024-02-23,Consumer
CUST-02233,Rahul Trivedi,Male,18,Agartala,REG-06,2024-10-29,Consumer
CUST-02234,Pranav Kapoor,Male,43,Visakhapatnam,REG-03,2024-09-02,Corporate
CUST-02235,Priyanka Sharma,Female,20,Ludhiana,REG-02,2023-10-20,Corporate
CUST-02236,Rahul Iyer,Male,42,Nashik,REG-01,2025-03-22,Consumer
CUST-02237,Pooja Saxena,Female,34,Coimbatore,REG-03,2025-10-16,Consumer
CUST-02238,Vikram Mishra,Male,23,Trivandrum,REG-03,2024-07-18,Consumer
CUST-02239,Rajesh Das,Male,29,Asansol,REG-04,2024-09-11,Consumer
CUST-02240,Ishaan Pandey,Male,41,Jaipur,REG-02,2024-02-27,Consumer
CUST-02241,Aditi Rao,Female,35,Nagpur,REG-01,2024-08-22,Corporate
CUST-02242,Angel Iyer,Female,40,Gurgaon,REG-02,2025-11-20,Corporate
CUST-02243,Myra Kumar,Female,55,Mumbai,REG-01,2023-12-02,Consumer
CUST-02244,Aanya Bose,Female,18,Delhi,REG-02,2023-02-07,Corporate
CUST-02245,Rohan Pandey,Male,51,Noida,REG-02,2024-03-29,Consumer
CUST-02246,Neha Rao,Female,35,Mumbai,REG-01,2024-11-06,Consumer
CUST-02247,Pooja Rao,Female,24,Nashik,REG-01,2024-06-20,Corporate
CUST-02248,Aarohi Rao,Female,19,Lucknow,REG-02,2023-01-30,Consumer
CUST-02249,Aditi Joshi,Female,31,Bhopal,REG-05,2023-01-02,Consumer
CUST-02250,Meera Bose,Female,44,Ranchi,REG-04,2023-07-28,Consumer
CUST-02251,Priyanka Joshi,Female,32,Bangalore,REG-03,2025-01-02,Consumer
CUST-02252,Krishna Menon,Male,50,Visakhapatnam,REG-03,2024-08-25,Consumer
CUST-02253,Sneha Menon,Female,18,Bangalore,REG-03,2023-08-31,Consumer
CUST-02254,Abhishek Kapoor,Male,33,Kolkata,REG-04,2023-08-20,Consumer
CUST-02255,Atharv Trivedi,Male,20,Bangalore,REG-03,2024-04-17,Consumer
CUST-02256,Krishna Singh,Male,37,Bangalore,REG-03,2025-03-16,Consumer
CUST-02257,Kavya Rao,Female,43,Jabalpur,REG-05,2025-02-05,Consumer
CUST-02258,Ira Singh,Female,29,Patna,REG-04,2023-08-28,Consumer
CUST-02259,Vikram Mukherjee,Male,18,Indore,REG-05,2024-10-07,Small Business
CUST-02260,Pari Mishra,Female,36,Mumbai,REG-01,2024-11-10,Consumer
CUST-02261,Deepika Malhotra,Female,38,Delhi,REG-02,2024-06-13,Consumer
CUST-02262,Advik Iyer,Male,38,Mysore,REG-03,2025-02-01,Consumer
CUST-02263,Myra Kumar,Female,47,Surat,REG-01,2024-04-06,Consumer
CUST-02264,Aditya Singh,Male,22,Jaipur,REG-02,2024-03-22,Consumer
CUST-02265,Preeti Trivedi,Female,41,Bangalore,REG-03,2024-05-25,Consumer
CUST-02266,Aadhya Shah,Female,47,Bilaspur,REG-05,2025-08-25,Consumer
CUST-02267,Ananya Kapoor,Female,18,Imphal,REG-06,2023-11-18,Consumer
CUST-02268,Amit Rao,Male,37,Cuttack,REG-04,2024-12-10,Consumer
CUST-02269,Myra Rao,Female,28,Gurgaon,REG-02,2024-09-17,Consumer
CUST-02270,Ananya Aggarwal,Female,33,Bhopal,REG-05,2025-04-11,Consumer
CUST-02271,Dhruv Joshi,Male,37,Visakhapatnam,REG-03,2023-05-17,Consumer
CUST-02272,Sneha Mishra,Female,28,Mysore,REG-03,2024-09-23,Consumer
CUST-02273,Advaith Iyer,Male,26,Lucknow,REG-02,2025-01-19,Consumer
CUST-02274,Arjun Iyer,Male,34,Chandigarh,REG-02,2023-08-18,Corporate
CUST-02275,Aarohi Joshi,Female,22,Visakhapatnam,REG-03,2024-02-13,Consumer
CUST-02276,Priyanka Gupta,Female,22,Surat,REG-01,2025-09-27,Consumer
CUST-02277,Reyansh Mehta,Male,41,Trivandrum,REG-03,2023-06-20,Corporate
CUST-02278,Reyansh Reddy,Male,21,Cuttack,REG-04,2024-01-09,Consumer
CUST-02279,Dhruv Bhat,Male,41,Hyderabad,REG-03,2023-05-20,Consumer
CUST-02280,Rohan Kulkarni,Male,39,Vadodara,REG-01,2025-06-09,Consumer
CUST-02281,Myra Kumar,Female,18,Vadodara,REG-01,2025-04-16,Consumer
CUST-02282,Swati Chopra,Female,26,Ranchi,REG-04,2025-11-14,Consumer
CUST-02283,Karan Mehta,Male,47,Ludhiana,REG-02,2024-01-21,Consumer
CUST-02284,Riya Patel,Female,23,Ranchi,REG-04,2025-02-14,Small Business
CUST-02285,Ira Pillai,Female,28,Raipur,REG-05,2024-04-04,Consumer
CUST-02286,Rahul Das,Male,39,Trivandrum,REG-03,2025-05-30,Consumer
CUST-02287,Aanya Das,Female,42,Bangalore,REG-03,2023-03-17,Consumer
CUST-02288,Pooja Chopra,Female,31,Bangalore,REG-03,2024-04-24,Corporate
CUST-02289,Myra Kumar,Female,27,Pune,REG-01,2025-04-18,Consumer
CUST-02290,Ishaan Kumar,Male,49,Trivandrum,REG-03,2024-07-21,Corporate
CUST-02291,Kabir Iyer,Male,53,Visakhapatnam,REG-03,2025-01-29,Consumer
CUST-02292,Sunita Joshi,Female,44,Ranchi,REG-04,2024-11-03,Consumer
CUST-02293,Tanvi Bhat,Female,34,Pune,REG-01,2023-04-16,Consumer
CUST-02294,Manish Pillai,Male,25,Noida,REG-02,2023-10-09,Consumer
CUST-02295,Deepika Das,Female,24,Jabalpur,REG-05,2023-06-17,Consumer
CUST-02296,Tanvi Pillai,Female,39,Coimbatore,REG-03,2024-11-04,Corporate
CUST-02297,Aditi Shah,Female,38,Nashik,REG-01,2023-11-24,Consumer
CUST-02298,Kabir Mehta,Male,49,Surat,REG-01,2023-03-02,Consumer
CUST-02299,Nikhil Mukherjee,Male,41,Bhopal,REG-05,2023-06-17,Consumer
CUST-02300,Riya Pandey,Female,18,Coimbatore,REG-03,2024-11-20,Consumer
CUST-02301,Saanvi Choudhury,Female,45,Howrah,REG-04,2023-12-08,Corporate
CUST-02302,Rahul Verma,Male,23,Gurgaon,REG-02,2025-05-20,Small Business
CUST-02303,Navya Pandey,Female,29,Kolkata,REG-04,2024-10-03,Corporate
CUST-02304,Saanvi Menon,Female,36,Howrah,REG-04,2023-01-25,Corporate
CUST-02305,Anika Singh,Female,55,Bangalore,REG-03,2023-09-06,Consumer
CUST-02306,Rahul Patel,Male,68,Ahmedabad,REG-01,2025-08-29,Consumer
CUST-02307,Myra Joshi,Female,40,Nagpur,REG-01,2023-03-28,Consumer
CUST-02308,Myra Pandey,Female,31,Chennai,REG-03,2025-10-25,Consumer
CUST-02309,Shaurya Verma,Male,39,Raipur,REG-05,2024-03-10,Consumer
CUST-02310,Aditya Trivedi,Male,43,Ludhiana,REG-02,2024-02-26,Consumer
CUST-02311,Deepak Deshmukh,Male,30,Panaji,REG-01,2025-11-09,Corporate
CUST-02312,Ayaan Gupta,Male,53,Delhi,REG-02,2023-01-15,Consumer
CUST-02313,Preeti Menon,Female,36,Jabalpur,REG-05,2023-07-05,Consumer
CUST-02314,Avani Malhotra,Female,39,Panaji,REG-01,2025-03-01,Corporate
CUST-02315,Dhruv Pillai,Male,41,Panaji,REG-01,2023-08-25,Consumer
CUST-02316,Advik Malhotra,Male,38,Hyderabad,REG-03,2025-11-06,Small Business
CUST-02317,Sai Deshmukh,Male,43,Ahmedabad,REG-01,2025-05-13,Small Business
CUST-02318,Kavya Sharma,Female,27,Lucknow,REG-02,2024-08-27,Consumer
CUST-02319,Rajesh Nair,Male,27,Kanpur,REG-02,2023-06-06,Consumer
CUST-02320,Suresh Deshmukh,Male,21,Agartala,REG-06,2024-02-24,Consumer
CUST-02321,Deepika Shah,Female,38,Chandigarh,REG-02,2023-03-29,Small Business
CUST-02322,Aanya Gupta,Female,42,Bangalore,REG-03,2023-10-05,Consumer
CUST-02323,Krishna Singh,Male,39,Kochi,REG-03,2025-05-14,Consumer
CUST-02324,Preeti Mehta,Female,52,Chandigarh,REG-02,2024-07-08,Consumer
CUST-02325,Neha Reddy,Female,33,Kochi,REG-03,2023-02-14,Consumer
CUST-02326,Aanya Mukherjee,Female,41,Coimbatore,REG-03,2023-01-08,Consumer
CUST-02327,Rohan Menon,Male,21,Gwalior,REG-05,2025-11-08,Consumer
CUST-02328,Shaurya Menon,Male,29,Guwahati,REG-06,2024-04-30,Corporate
CUST-02329,Pooja Choudhury,Female,41,Indore,REG-05,2025-10-02,Consumer
CUST-02330,Reyansh Sharma,Male,43,Trivandrum,REG-03,2023-09-03,Corporate
CUST-02331,Simran Pandey,Female,30,Asansol,REG-04,2023-03-13,Consumer
CUST-02332,Neha Bhat,Female,33,Kolkata,REG-04,2025-11-04,Consumer
CUST-02333,Avani Kapoor,Female,18,Cuttack,REG-04,2024-03-31,Corporate
CUST-02334,Ishaan Menon,Male,30,Delhi,REG-02,2024-05-29,Consumer
CUST-02335,Priyanka Sharma,Female,43,Chennai,REG-03,2024-12-15,Consumer
CUST-02336,Preeti Mukherjee,Female,40,Shillong,REG-06,2023-09-19,Consumer
CUST-02337,Rajesh Kumar,Male,39,Agartala,REG-06,2023-05-19,Consumer
CUST-02338,Karan Reddy,Male,34,Gwalior,REG-05,2023-03-13,Corporate
CUST-02339,Advaith Singh,Male,34,Vadodara,REG-01,2023-05-16,Consumer
CUST-02340,Riya Aggarwal,Female,26,Coimbatore,REG-03,2023-07-24,Consumer
CUST-02341,Atharv Menon,Male,41,Pune,REG-01,2023-05-02,Consumer
CUST-02342,Diya Mehta,Female,38,Shillong,REG-06,2023-10-23,Corporate
CUST-02343,Avani Sharma,Female,39,Visakhapatnam,REG-03,2023-11-06,Corporate
CUST-02344,Aditi Shah,Other,28,Kochi,REG-03,2024-01-11,Consumer
CUST-02345,Dhruv Pandey,Male,18,Gurgaon,REG-02,2024-01-15,Consumer
CUST-02346,Abhishek Aggarwal,Male,46,Kochi,REG-03,2023-12-20,Consumer
CUST-02347,Gaurav Das,Male,28,Surat,REG-01,2024-09-17,Consumer
CUST-02348,Suresh Bose,Male,24,Nashik,REG-01,2023-01-25,Consumer
CUST-02349,Suresh Kapoor,Male,41,Ahmedabad,REG-01,2023-03-13,Consumer
CUST-02350,Rajesh Reddy,Male,29,Kanpur,REG-02,2023-10-05,Consumer
CUST-02351,Pranav Rao,Male,45,Bangalore,REG-03,2024-11-25,Consumer
CUST-02352,Saanvi Verma,Female,40,Surat,REG-01,2023-10-07,Consumer
CUST-02353,Saanvi Sharma,Female,41,Patna,REG-04,2025-08-03,Consumer
CUST-02354,Aanya Kapoor,Female,18,Gurgaon,REG-02,2023-07-11,Consumer
CUST-02355,Ira Pillai,Female,47,Nashik,REG-01,2023-06-04,Consumer
CUST-02356,Sai Mehta,Male,36,Vadodara,REG-01,2024-10-09,Corporate
CUST-02357,Angel Choudhury,Female,29,Noida,REG-02,2025-10-12,Consumer
CUST-02358,Rajesh Patel,Male,35,Delhi,REG-02,2025-07-20,Consumer
CUST-02359,Vivaan Singh,Male,18,Asansol,REG-04,2024-09-09,Consumer
CUST-02360,Sunita Singh,Female,38,Ahmedabad,REG-01,2023-07-10,Consumer
CUST-02361,Shaurya Kumar,Male,22,Vadodara,REG-01,2023-06-18,Consumer
CUST-02362,Swati Malhotra,Female,19,Cuttack,REG-04,2024-07-10,Consumer
CUST-02363,Aditi Pandey,Female,18,Gurgaon,REG-02,2025-02-08,Consumer
CUST-02364,Sai Mukherjee,Male,46,Mysore,REG-03,2024-10-08,Consumer
CUST-02365,Riya Mukherjee,Female,27,Nashik,REG-01,2024-09-06,Corporate
CUST-02366,Anand Singh,Male,50,Jaipur,REG-02,2025-01-05,Consumer
CUST-02367,Advik Verma,Male,28,Pune,REG-01,2023-08-15,Consumer
CUST-02368,Neha Shah,Female,18,Indore,REG-05,2025-05-30,Consumer
CUST-02369,Nikhil Aggarwal,Male,21,Kanpur,REG-02,2024-06-06,Consumer
CUST-02370,Abhishek Shah,Male,47,Dibrugarh,REG-06,2025-05-12,Consumer
CUST-02371,Vivaan Shah,Male,32,Vadodara,REG-01,2024-09-30,Consumer
CUST-02372,Manish Reddy,Male,27,Noida,REG-02,2023-08-13,Consumer
CUST-02373,Vikram Mishra,Male,35,Chennai,REG-03,2025-06-14,Consumer
CUST-02374,Rahul Choudhury,Male,39,Cuttack,REG-04,2024-02-17,Consumer
CUST-02375,Deepika Singh,Female,46,Ujjain,REG-05,2024-10-29,Small Business
CUST-02376,Krishna Bhat,Male,49,Ludhiana,REG-02,2023-03-22,Consumer
CUST-02377,Rahul Bhat,Male,30,Chandigarh,REG-02,2025-06-03,Consumer
CUST-02378,Saanvi Kumar,Female,19,Ahmedabad,REG-01,2024-02-13,Corporate
CUST-02379,Manish Singh,Male,29,Raipur,REG-05,2024-11-04,Consumer
CUST-02380,Reyansh Sharma,Male,36,Mumbai,REG-01,2025-11-28,Consumer
CUST-02381,Meera Aggarwal,Female,23,Imphal,REG-06,2024-05-05,Consumer
CUST-02382,Saanvi Bhat,Female,23,Chennai,REG-03,2023-09-06,Consumer
CUST-02383,Aarav Sharma,Male,37,Chennai,REG-03,2025-02-26,Consumer
CUST-02384,Ananya Pandey,Female,33,Nashik,REG-01,2024-02-17,Small Business
CUST-02385,Neha Malhotra,Female,34,Visakhapatnam,REG-03,2023-04-02,Consumer
CUST-02386,Meera Chopra,Female,25,Noida,REG-02,2025-05-20,Consumer
CUST-02387,Ayaan Verma,Male,31,Vadodara,REG-01,2024-03-24,Consumer
CUST-02388,Vihaan Choudhury,Male,23,Jabalpur,REG-05,2023-06-18,Small Business
CUST-02389,Aadhya Chopra,Female,43,Panaji,REG-01,2024-06-14,Consumer
CUST-02390,Rahul Saxena,Male,45,Delhi,REG-02,2024-01-23,Consumer
CUST-02391,Shreya Sharma,Female,18,Surat,REG-01,2024-10-25,Corporate
CUST-02392,Pranav Sharma,Male,23,Kanpur,REG-02,2024-05-27,Consumer
CUST-02393,Angel Mishra,Female,18,Ludhiana,REG-02,2023-10-31,Consumer
CUST-02394,Rohan Singh,Male,26,Delhi,REG-02,2023-10-13,Consumer
CUST-02395,Aadhya Aggarwal,Female,33,Hyderabad,REG-03,2024-03-31,Consumer
CUST-02396,Tanvi Iyer,Female,18,Shillong,REG-06,2025-03-11,Consumer
CUST-02397,Sneha Trivedi,Female,23,Vadodara,REG-01,2024-10-27,Small Business
CUST-02398,Rajesh Shah,Male,22,Lucknow,REG-02,2025-04-22,Consumer
CUST-02399,Navya Joshi,Female,36,Guwahati,REG-06,2023-01-18,Consumer
CUST-02400,Vihaan Menon,Male,34,Hyderabad,REG-03,2024-11-10,Consumer
CUST-02401,Pranav Patel,Male,26,Mysore,REG-03,2024-12-09,Consumer
CUST-02402,Karan Trivedi,Male,35,Delhi,REG-02,2023-05-05,Consumer
CUST-02403,Vivaan Nair,Male,27,Delhi,REG-02,2023-04-21,Consumer
CUST-02404,Sneha Singh,Female,31,Delhi,REG-02,2023-07-03,Corporate
CUST-02405,Pari Gupta,Female,52,Shillong,REG-06,2025-05-24,Consumer
CUST-02406,Aarav Kapoor,Male,48,Gwalior,REG-05,2025-02-05,Consumer
CUST-02407,Kavya Menon,Female,19,Chandigarh,REG-02,2024-10-01,Consumer
CUST-02408,Abhishek Iyer,Male,43,Hyderabad,REG-03,2025-06-19,Consumer
CUST-02409,Amit Iyer,Male,42,Delhi,REG-02,2023-08-08,Consumer
CUST-02410,Aarav Joshi,Male,21,Kochi,REG-03,2024-09-25,Consumer
CUST-02411,Ayaan Joshi,Male,43,Trivandrum,REG-03,2023-06-20,Consumer
CUST-02412,Sai Kumar,Male,50,Guwahati,REG-06,2023-09-16,Corporate
CUST-02413,Pari Bose,Female,21,Delhi,REG-02,2025-11-09,Consumer
CUST-02414,Rajesh Bose,Male,23,Bilaspur,REG-05,2025-03-30,Small Business
CUST-02415,Angel Patel,Female,45,Silchar,REG-06,2025-06-24,Corporate
CUST-02416,Rohan Deshmukh,Male,36,Coimbatore,REG-03,2024-08-23,Consumer
CUST-02417,Shreya Kumar,Female,40,Kochi,REG-03,2025-01-10,Consumer
CUST-02418,Deepak Mehta,Male,37,Bhubaneswar,REG-04,2025-10-22,Consumer
CUST-02419,Ishaan Singh,Other,38,Vadodara,REG-01,2024-03-05,Consumer
CUST-02420,Pranav Trivedi,Male,19,Ranchi,REG-04,2023-11-09,Small Business
CUST-02421,Shaurya Saxena,Male,45,Coimbatore,REG-03,2024-12-30,Consumer
CUST-02422,Rajesh Kumar,Male,46,Nagpur,REG-01,2024-07-20,Corporate
CUST-02423,Aadhya Menon,Female,31,Nashik,REG-01,2024-02-05,Consumer
CUST-02424,Arjun Deshmukh,Male,33,Nagpur,REG-01,2024-04-23,Consumer
CUST-02425,Rahul Saxena,Male,18,Gurgaon,REG-02,2023-05-13,Consumer
CUST-02426,Rajesh Mukherjee,Male,39,Trivandrum,REG-03,2025-04-09,Consumer
CUST-02427,Sara Mishra,Female,40,Pune,REG-01,2023-03-31,Consumer
CUST-02428,Abhishek Joshi,Male,33,Chandigarh,REG-02,2023-06-18,Corporate
CUST-02429,Karan Sharma,Male,46,Nagpur,REG-01,2023-04-15,Consumer
CUST-02430,Sneha Mukherjee,Female,30,Surat,REG-01,2025-10-14,Consumer
CUST-02431,Deepika Mishra,Female,40,Bangalore,REG-03,2023-04-30,Consumer
CUST-02432,Suresh Gupta,Male,22,Nashik,REG-01,2023-04-12,Consumer
CUST-02433,Aanya Sharma,Female,33,Nashik,REG-01,2023-08-28,Consumer
CUST-02434,Riya Choudhury,Female,32,Nashik,REG-01,2025-04-29,Consumer
CUST-02435,Sunita Kapoor,Female,36,Patna,REG-04,2024-12-27,Consumer
CUST-02436,Tanvi Verma,Female,29,Bhubaneswar,REG-04,2023-07-21,Consumer
CUST-02437,Amit Deshmukh,Male,32,Bhubaneswar,REG-04,2025-01-16,Small Business
CUST-02438,Aadhya Gupta,Female,43,Agartala,REG-06,2024-04-02,Consumer
CUST-02439,Vihaan Sharma,Male,29,Gurgaon,REG-02,2025-06-27,Consumer
CUST-02440,Arjun Menon,Male,18,Delhi,REG-02,2024-04-09,Consumer
CUST-02441,Aarohi Mukherjee,Female,53,Pune,REG-01,2025-08-20,Small Business
CUST-02442,Abhishek Gupta,Male,49,Trivandrum,REG-03,2024-05-29,Consumer
CUST-02443,Pooja Gupta,Female,19,Kochi,REG-03,2023-03-24,Consumer
CUST-02444,Karan Mehta,Male,41,Bhopal,REG-05,2024-01-08,Corporate
CUST-02445,Shreya Choudhury,Female,28,Bhubaneswar,REG-04,2024-12-21,Consumer
CUST-02446,Aanya Sharma,Female,36,Vadodara,REG-01,2024-08-23,Consumer
CUST-02447,Anika Trivedi,Female,37,Gurgaon,REG-02,2023-11-29,Small Business
CUST-02448,Rahul Verma,Male,31,Ranchi,REG-04,2025-02-22,Consumer
CUST-02449,Angel Bose,Female,25,Bangalore,REG-03,2025-03-07,Corporate
CUST-02450,Sara Patel,Female,26,Noida,REG-02,2024-05-18,Consumer
CUST-02451,Swati Joshi,Other,23,Patna,REG-04,2023-07-03,Consumer
CUST-02452,Simran Mukherjee,Female,24,Ujjain,REG-05,2023-10-25,Consumer
CUST-02453,Deepak Sharma,Male,33,Panaji,REG-01,2023-04-06,Small Business
CUST-02454,Deepika Bhat,Female,26,Asansol,REG-04,2023-11-17,Consumer
CUST-02455,Manish Aggarwal,Male,41,Surat,REG-01,2023-10-08,Consumer
CUST-02456,Sneha Patel,Female,50,Mumbai,REG-01,2024-09-09,Small Business
CUST-02457,Priyanka Saxena,Female,27,Asansol,REG-04,2023-02-01,Consumer
CUST-02458,Arjun Mehta,Male,36,Noida,REG-02,2025-02-11,Consumer
CUST-02459,Rajesh Aggarwal,Male,39,Trivandrum,REG-03,2024-08-18,Consumer
CUST-02460,Navya Malhotra,Female,39,Gwalior,REG-05,2024-11-06,Consumer
CUST-02461,Aadhya Sharma,Female,34,Noida,REG-02,2024-07-19,Small Business
CUST-02462,Nikhil Singh,Male,42,Trivandrum,REG-03,2023-09-08,Consumer
CUST-02463,Shaurya Chopra,Male,39,Asansol,REG-04,2023-08-16,Consumer
CUST-02464,Sunita Deshmukh,Female,20,Raipur,REG-05,2023-07-21,Consumer
CUST-02465,Tanvi Pillai,Female,43,Chennai,REG-03,2024-11-30,Consumer
CUST-02466,Karan Kapoor,Male,43,Nashik,REG-01,2023-11-26,Consumer
CUST-02467,Arjun Iyer,Male,25,Ranchi,REG-04,2025-01-27,Corporate
CUST-02468,Advaith Deshmukh,Male,34,Panaji,REG-01,2023-05-13,Consumer
CUST-02469,Reyansh Verma,Male,41,Ranchi,REG-04,2023-09-08,Consumer
CUST-02470,Tanvi Kapoor,Female,31,Kochi,REG-03,2025-09-12,Consumer
CUST-02471,Vihaan Kulkarni,Male,45,Lucknow,REG-02,2023-02-02,Corporate
CUST-02472,Diya Pandey,Female,60,Vadodara,REG-01,2025-10-27,Corporate
CUST-02473,Shreya Kumar,Female,25,Gurgaon,REG-02,2023-12-20,Consumer
CUST-02474,Ira Malhotra,Female,18,Hyderabad,REG-03,2025-07-12,Consumer
CUST-02475,Ishaan Verma,Male,37,Kanpur,REG-02,2024-05-28,Consumer
CUST-02476,Abhishek Bose,Male,41,Hyderabad,REG-03,2025-09-06,Small Business
CUST-02477,Anushka Gupta,Female,31,Shillong,REG-06,2025-04-01,Consumer
CUST-02478,Sara Das,Female,49,Nagpur,REG-01,2025-10-29,Corporate
CUST-02479,Kavya Trivedi,Female,19,Bangalore,REG-03,2024-06-23,Consumer
CUST-02480,Ira Pillai,Female,41,Hyderabad,REG-03,2023-04-28,Consumer
CUST-02481,Tanvi Reddy,Female,27,Jaipur,REG-02,2023-02-22,Consumer
CUST-02482,Priyanka Menon,Female,52,Surat,REG-01,2025-05-06,Corporate
CUST-02483,Myra Das,Female,55,Jabalpur,REG-05,2024-06-11,Corporate
CUST-02484,Anand Kapoor,Male,25,Ranchi,REG-04,2025-07-11,Consumer
CUST-02485,Vikram Trivedi,Male,27,Jaipur,REG-02,2024-12-06,Consumer
CUST-02486,Aditya Pillai,Male,43,Kolkata,REG-04,2024-05-09,Corporate
CUST-02487,Ananya Mishra,Female,29,Surat,REG-01,2025-04-04,Corporate
CUST-02488,Manish Gupta,Male,33,Ahmedabad,REG-01,2023-12-26,Small Business
CUST-02489,Vihaan Mehta,Male,34,Asansol,REG-04,2025-08-09,Corporate
CUST-02490,Riya Mukherjee,Female,18,Visakhapatnam,REG-03,2023-08-07,Consumer
CUST-02491,Ishaan Kumar,Male,33,Mysore,REG-03,2023-08-22,Consumer
CUST-02492,Ira Pillai,Female,26,Bangalore,REG-03,2025-02-06,Consumer
CUST-02493,Pranav Pillai,Male,28,Ahmedabad,REG-01,2024-01-19,Consumer
CUST-02494,Pranav Pillai,Male,49,Kolkata,REG-04,2023-07-15,Small Business
CUST-02495,Pari Malhotra,Female,20,Ludhiana,REG-02,2023-06-08,Consumer
CUST-02496,Preeti Patel,Female,42,Delhi,REG-02,2024-03-18,Corporate
CUST-02497,Deepak Gupta,Male,30,Delhi,REG-02,2024-12-02,Consumer
CUST-02498,Diya Pillai,Female,30,Ahmedabad,REG-01,2025-04-26,Corporate
CUST-02499,Deepak Nair,Male,42,Lucknow,REG-02,2023-08-20,Corporate
CUST-02500,Rahul Nair,Male,37,Ranchi,REG-04,2024-05-09,Small Business
CUST-02501,Ayaan Pillai,Male,40,Nagpur,REG-01,2024-10-27,Consumer
CUST-02502,Atharv Das,Male,44,Asansol,REG-04,2024-10-27,Consumer
CUST-02503,Meera Das,Female,30,Nashik,REG-01,2023-11-20,Small Business
CUST-02504,Rohan Mishra,Male,27,Pune,REG-01,2025-03-04,Consumer
CUST-02505,Diya Menon,Female,22,Trivandrum,REG-03,2023-05-02,Consumer
CUST-02506,Pranav Deshmukh,Male,24,Jaipur,REG-02,2023-12-18,Consumer
CUST-02507,Amit Iyer,Male,66,Lucknow,REG-02,2025-09-28,Consumer
CUST-02508,Neha Joshi,Female,47,Mumbai,REG-01,2025-11-01,Corporate
CUST-02509,Gaurav Sharma,Male,19,Ludhiana,REG-02,2025-01-14,Corporate
CUST-02510,Saanvi Kumar,Female,19,Mumbai,REG-01,2023-07-31,Consumer
CUST-02511,Pari Das,Female,39,Ahmedabad,REG-01,2023-06-09,Small Business
CUST-02512,Diya Trivedi,Female,40,Cuttack,REG-04,2023-03-08,Consumer
CUST-02513,Swati Verma,Female,40,Hyderabad,REG-03,2023-11-18,Consumer
CUST-02514,Reyansh Kumar,Male,31,Ahmedabad,REG-01,2024-05-16,Consumer
CUST-02515,Rajesh Joshi,Male,32,Ujjain,REG-05,2024-11-09,Consumer
CUST-02516,Aarohi Das,Female,37,Indore,REG-05,2024-11-22,Consumer
CUST-02517,Shreya Trivedi,Female,34,Nagpur,REG-01,2025-10-29,Corporate
CUST-02518,Diya Aggarwal,Female,18,Cuttack,REG-04,2024-02-01,Corporate
CUST-02519,Abhishek Kumar,Male,31,Lucknow,REG-02,2025-03-18,Small Business
CUST-02520,Ananya Sharma,Female,24,Kolkata,REG-04,2024-12-11,Consumer
CUST-02521,Deepika Reddy,Female,35,Vadodara,REG-01,2024-07-07,Consumer
CUST-02522,Aanya Deshmukh,Female,66,Asansol,REG-04,2025-03-15,Consumer
CUST-02523,Priyanka Das,Female,38,Mumbai,REG-01,2023-08-30,Consumer
CUST-02524,Ira Gupta,Female,30,Nashik,REG-01,2024-09-24,Consumer
CUST-02525,Aditya Shah,Male,44,Ahmedabad,REG-01,2024-07-03,Consumer
CUST-02526,Sunita Deshmukh,Female,39,Noida,REG-02,2023-09-29,Consumer
CUST-02527,Suresh Reddy,Male,38,Panaji,REG-01,2024-04-20,Corporate
CUST-02528,Pranav Mishra,Male,40,Imphal,REG-06,2024-10-14,Consumer
CUST-02529,Deepika Shah,Female,56,Kanpur,REG-02,2023-07-30,Corporate
CUST-02530,Aarav Trivedi,Male,21,Chennai,REG-03,2025-07-07,Corporate
CUST-02531,Aarav Pillai,Male,39,Coimbatore,REG-03,2024-10-07,Corporate
CUST-02532,Reyansh Kumar,Male,23,Kolkata,REG-04,2024-12-25,Consumer
CUST-02533,Sara Sharma,Female,40,Chandigarh,REG-02,2024-03-05,Consumer
CUST-02534,Rahul Kapoor,Male,23,Surat,REG-01,2023-04-12,Consumer
CUST-02535,Deepak Pillai,Male,29,Gurgaon,REG-02,2024-06-18,Consumer
CUST-02536,Sara Aggarwal,Female,30,Asansol,REG-04,2023-09-26,Consumer
CUST-02537,Rohan Reddy,Male,44,Bhubaneswar,REG-04,2024-10-20,Consumer
CUST-02538,Aarohi Pillai,Female,44,Mumbai,REG-01,2024-09-11,Corporate
CUST-02539,Vivaan Mukherjee,Male,20,Trivandrum,REG-03,2024-02-11,Small Business
CUST-02540,Tanvi Kumar,Female,34,Trivandrum,REG-03,2024-12-26,Consumer
CUST-02541,Aanya Kumar,Female,26,Chandigarh,REG-02,2025-06-06,Consumer
CUST-02542,Myra Kapoor,Female,20,Mysore,REG-03,2024-01-29,Corporate
CUST-02543,Tanvi Chopra,Female,31,Howrah,REG-04,2025-09-05,Consumer
CUST-02544,Saanvi Choudhury,Female,30,Trivandrum,REG-03,2025-09-14,Consumer
CUST-02545,Pari Joshi,Female,60,Lucknow,REG-02,2024-10-15,Corporate
CUST-02546,Rahul Bose,Male,38,Ahmedabad,REG-01,2023-12-20,Consumer
CUST-02547,Nikhil Mehta,Male,18,Mysore,REG-03,2025-04-10,Consumer
CUST-02548,Diya Deshmukh,Female,27,Nagpur,REG-01,2024-01-22,Consumer
CUST-02549,Sai Kapoor,Male,45,Ahmedabad,REG-01,2023-11-29,Consumer
CUST-02550,Ishaan Pillai,Male,56,Bangalore,REG-03,2023-01-28,Consumer
CUST-02551,Ira Kumar,Female,18,Ranchi,REG-04,2023-03-23,Consumer
CUST-02552,Krishna Shah,Male,18,Bhubaneswar,REG-04,2023-04-18,Small Business
CUST-02553,Reyansh Kumar,Male,54,Vadodara,REG-01,2023-03-22,Consumer
CUST-02554,Aditya Verma,Male,38,Kolkata,REG-04,2024-03-25,Consumer
CUST-02555,Pooja Das,Female,24,Ahmedabad,REG-01,2024-09-02,Corporate
CUST-02556,Rahul Reddy,Male,39,Delhi,REG-02,2023-04-06,Consumer
CUST-02557,Kabir Singh,Male,18,Delhi,REG-02,2024-10-18,Consumer
CUST-02558,Deepak Malhotra,Male,34,Asansol,REG-04,2023-04-23,Consumer
CUST-02559,Arjun Bose,Male,37,Jaipur,REG-02,2023-01-22,Consumer
CUST-02560,Advaith Kumar,Male,44,Nagpur,REG-01,2023-07-04,Consumer
CUST-02561,Arjun Mishra,Male,22,Pune,REG-01,2024-02-26,Small Business
CUST-02562,Aditi Mukherjee,Female,34,Vadodara,REG-01,2024-08-02,Consumer
CUST-02563,Diya Singh,Female,23,Bilaspur,REG-05,2023-07-23,Consumer
CUST-02564,Gaurav Iyer,Male,36,Surat,REG-01,2025-07-30,Consumer
CUST-02565,Abhishek Bose,Male,24,Visakhapatnam,REG-03,2025-05-10,Corporate
CUST-02566,Kavya Mishra,Female,29,Asansol,REG-04,2024-05-29,Consumer
CUST-02567,Vivaan Pandey,Male,23,Kanpur,REG-02,2023-05-23,Consumer
CUST-02568,Aarohi Bhat,Female,41,Bangalore,REG-03,2023-06-27,Corporate
CUST-02569,Vikram Pillai,Male,43,Vadodara,REG-01,2024-01-10,Consumer
CUST-02570,Rohan Reddy,Male,31,Chandigarh,REG-02,2024-07-01,Consumer
CUST-02571,Ayaan Nair,Male,34,Jaipur,REG-02,2024-02-07,Consumer
CUST-02572,Krishna Deshmukh,Male,18,Bangalore,REG-03,2023-12-05,Consumer
CUST-02573,Rohan Joshi,Male,30,Ranchi,REG-04,2023-10-08,Consumer
CUST-02574,Angel Aggarwal,Female,33,Lucknow,REG-02,2025-11-22,Consumer
CUST-02575,Aadhya Kapoor,Female,62,Mumbai,REG-01,2024-11-25,Consumer
CUST-02576,Deepika Trivedi,Female,21,Chandigarh,REG-02,2023-12-24,Consumer
CUST-02577,Navya Chopra,Female,50,Cuttack,REG-04,2023-02-02,Corporate
CUST-02578,Nikhil Reddy,Male,44,Chennai,REG-03,2024-06-20,Consumer
CUST-02579,Dhruv Mishra,Male,37,Trivandrum,REG-03,2023-07-12,Consumer
CUST-02580,Deepak Bhat,Male,53,Lucknow,REG-02,2025-07-25,Consumer
CUST-02581,Aadhya Rao,Female,38,Asansol,REG-04,2024-12-20,Corporate
CUST-02582,Pranav Mishra,Male,38,Kanpur,REG-02,2024-04-23,Consumer
CUST-02583,Sunita Saxena,Female,33,Vadodara,REG-01,2023-06-28,Consumer
CUST-02584,Meera Das,Female,47,Bangalore,REG-03,2023-11-02,Consumer
CUST-02585,Pari Pillai,Female,46,Bhopal,REG-05,2025-11-24,Consumer
CUST-02586,Advaith Kapoor,Male,27,Gwalior,REG-05,2025-02-27,Consumer
CUST-02587,Sara Mukherjee,Female,19,Ranchi,REG-04,2023-03-10,Consumer
CUST-02588,Suresh Reddy,Male,31,Kanpur,REG-02,2025-11-08,Consumer
CUST-02589,Dhruv Kapoor,Male,25,Lucknow,REG-02,2023-02-15,Corporate
CUST-02590,Rajesh Trivedi,Male,33,Gwalior,REG-05,2023-10-05,Consumer
CUST-02591,Pranav Trivedi,Male,47,Gwalior,REG-05,2024-07-29,Corporate
CUST-02592,Tanvi Bhat,Female,28,Kanpur,REG-02,2024-11-04,Consumer
CUST-02593,Shreya Das,Female,33,Kolkata,REG-04,2025-03-04,Consumer
CUST-02594,Pranav Gupta,Male,34,Gurgaon,REG-02,2025-11-20,Consumer
CUST-02595,Sneha Menon,Female,43,Trivandrum,REG-03,2023-02-19,Corporate
CUST-02596,Amit Chopra,Male,18,Ujjain,REG-05,2024-09-11,Consumer
CUST-02597,Vihaan Aggarwal,Male,27,Chandigarh,REG-02,2025-05-15,Corporate
CUST-02598,Pooja Mishra,Female,36,Ludhiana,REG-02,2023-03-02,Consumer
CUST-02599,Gaurav Verma,Male,47,Ranchi,REG-04,2023-11-30,Consumer
CUST-02600,Sunita Trivedi,Female,28,Surat,REG-01,2023-12-30,Corporate
CUST-02601,Vikram Patel,Male,18,Hyderabad,REG-03,2025-10-01,Consumer
CUST-02602,Suresh Chopra,Male,40,Shillong,REG-06,2024-04-22,Consumer
CUST-02603,Deepak Shah,Male,27,Nagpur,REG-01,2024-09-22,Consumer
CUST-02604,Rahul Iyer,Male,20,Surat,REG-01,2024-04-25,Small Business
CUST-02605,Nikhil Reddy,Male,27,Agartala,REG-06,2023-02-09,Consumer
CUST-02606,Rahul Das,Male,31,Imphal,REG-06,2023-02-24,Small Business
CUST-02607,Aadhya Das,Female,27,Ludhiana,REG-02,2024-01-24,Consumer
CUST-02608,Vikram Bhat,Male,18,Vadodara,REG-01,2024-04-20,Consumer
CUST-02609,Nikhil Nair,Male,43,Kochi,REG-03,2023-04-22,Consumer
CUST-02610,Anushka Malhotra,Female,48,Kolkata,REG-04,2025-08-12,Corporate
CUST-02611,Dhruv Bhat,Male,41,Bhopal,REG-05,2025-03-02,Consumer
CUST-02612,Angel Malhotra,Female,21,Pune,REG-01,2024-12-04,Corporate
CUST-02613,Preeti Menon,Female,31,Kolkata,REG-04,2023-07-30,Consumer
CUST-02614,Sunita Menon,Female,33,Hyderabad,REG-03,2025-11-12,Consumer
CUST-02615,Advaith Menon,Male,40,Nashik,REG-01,2023-04-22,Small Business
CUST-02616,Kavya Kapoor,Female,41,Ludhiana,REG-02,2023-04-09,Consumer
CUST-02617,Rohan Verma,Male,25,Chennai,REG-03,2025-07-19,Consumer
CUST-02618,Sai Das,Male,34,Silchar,REG-06,2023-12-23,Consumer
CUST-02619,Simran Iyer,Female,39,Raipur,REG-05,2023-03-03,Consumer
CUST-02620,Arjun Bhat,Male,50,Mysore,REG-03,2024-01-12,Consumer
CUST-02621,Krishna Patel,Male,41,Mumbai,REG-01,2025-05-16,Small Business
CUST-02622,Meera Das,Female,42,Jabalpur,REG-05,2023-08-14,Consumer
CUST-02623,Advik Singh,Male,34,Mumbai,REG-01,2023-10-01,Corporate
CUST-02624,Vihaan Deshmukh,Male,49,Ahmedabad,REG-01,2025-05-12,Consumer
CUST-02625,Angel Nair,Female,38,Jaipur,REG-02,2025-02-20,Consumer
CUST-02626,Krishna Chopra,Male,24,Dibrugarh,REG-06,2025-09-19,Corporate
CUST-02627,Aarav Choudhury,Male,49,Asansol,REG-04,2023-10-20,Consumer
CUST-02628,Sara Gupta,Female,41,Delhi,REG-02,2023-07-04,Small Business
CUST-02629,Ayaan Deshmukh,Male,29,Delhi,REG-02,2024-01-10,Consumer
CUST-02630,Advaith Bose,Male,28,Howrah,REG-04,2023-05-01,Consumer
CUST-02631,Nikhil Deshmukh,Male,37,Vadodara,REG-01,2024-05-11,Consumer
CUST-02632,Nikhil Trivedi,Male,39,Kolkata,REG-04,2024-12-21,Consumer
CUST-02633,Kavya Nair,Female,36,Chennai,REG-03,2025-06-19,Corporate
CUST-02634,Angel Malhotra,Female,37,Surat,REG-01,2025-03-30,Corporate
CUST-02635,Abhishek Trivedi,Male,52,Hyderabad,REG-03,2023-09-01,Consumer
CUST-02636,Avani Kulkarni,Female,45,Panaji,REG-01,2024-07-20,Small Business
CUST-02637,Arjun Gupta,Male,36,Shillong,REG-06,2025-05-26,Consumer
CUST-02638,Advaith Das,Male,44,Cuttack,REG-04,2025-04-15,Consumer
CUST-02639,Atharv Pillai,Male,22,Ludhiana,REG-02,2023-12-23,Consumer
CUST-02640,Krishna Kumar,Male,38,Trivandrum,REG-03,2024-01-13,Consumer
CUST-02641,Vikram Singh,Male,53,Nagpur,REG-01,2025-03-26,Consumer
CUST-02642,Deepak Pillai,Male,31,Hyderabad,REG-03,2024-01-23,Corporate
CUST-02643,Rahul Shah,Male,24,Gwalior,REG-05,2023-11-13,Consumer
CUST-02644,Aditi Choudhury,Female,26,Kochi,REG-03,2024-10-18,Corporate
CUST-02645,Preeti Bose,Female,22,Visakhapatnam,REG-03,2025-10-11,Consumer
CUST-02646,Deepak Menon,Male,25,Chandigarh,REG-02,2023-09-06,Consumer
CUST-02647,Aanya Bhat,Female,29,Agartala,REG-06,2024-05-20,Consumer
CUST-02648,Kabir Choudhury,Male,18,Pune,REG-01,2023-11-13,Small Business
CUST-02649,Aarav Sharma,Male,34,Raipur,REG-05,2024-09-01,Consumer
CUST-02650,Anushka Deshmukh,Female,43,Indore,REG-05,2023-05-18,Small Business
CUST-02651,Amit Malhotra,Male,24,Mumbai,REG-01,2024-08-05,Corporate
CUST-02652,Anika Iyer,Female,50,Surat,REG-01,2025-11-23,Corporate
CUST-02653,Arjun Trivedi,Male,39,Visakhapatnam,REG-03,2023-09-29,Consumer
CUST-02654,Kavya Kapoor,Female,45,Kanpur,REG-02,2024-08-31,Consumer
CUST-02655,Anushka Singh,Female,26,Delhi,REG-02,2024-11-05,Consumer
CUST-02656,Ananya Verma,Female,43,Kochi,REG-03,2024-11-20,Corporate
CUST-02657,Deepak Kulkarni,Male,21,Imphal,REG-06,2023-07-29,Consumer
CUST-02658,Abhishek Das,Male,43,Delhi,REG-02,2025-01-27,Consumer
CUST-02659,Aarav Patel,Male,35,Jaipur,REG-02,2024-05-18,Consumer
CUST-02660,Vikram Mukherjee,Male,40,Kanpur,REG-02,2024-11-13,Small Business
CUST-02661,Nikhil Kapoor,Male,21,Bilaspur,REG-05,2024-08-17,Corporate
CUST-02662,Ayaan Saxena,Male,24,Jabalpur,REG-05,2024-06-11,Consumer
CUST-02663,Ayaan Patel,Male,40,Visakhapatnam,REG-03,2024-10-08,Corporate
CUST-02664,Vivaan Kulkarni,Male,23,Kochi,REG-03,2023-12-14,Consumer
CUST-02665,Suresh Verma,Other,39,Pune,REG-01,2024-01-03,Small Business
CUST-02666,Shaurya Pandey,Male,18,Chennai,REG-03,2024-02-11,Consumer
CUST-02667,Advaith Verma,Male,43,Ahmedabad,REG-01,2024-08-24,Corporate
CUST-02668,Karan Deshmukh,Male,20,Delhi,REG-02,2024-07-08,Consumer
CUST-02669,Manish Rao,Male,40,Gurgaon,REG-02,2024-04-06,Consumer
CUST-02670,Abhishek Sharma,Male,40,Ranchi,REG-04,2025-04-26,Consumer
CUST-02671,Priyanka Patel,Female,26,Howrah,REG-04,2023-03-11,Small Business
CUST-02672,Preeti Menon,Female,40,Guwahati,REG-06,2025-09-16,Consumer
CUST-02673,Pari Mishra,Female,36,Mysore,REG-03,2023-06-10,Consumer
CUST-02674,Krishna Verma,Male,28,Chennai,REG-03,2024-12-26,Consumer
CUST-02675,Rohan Choudhury,Male,22,Pune,REG-01,2024-10-19,Corporate
CUST-02676,Krishna Aggarwal,Male,18,Ranchi,REG-04,2025-01-19,Consumer
CUST-02677,Swati Bose,Female,37,Nashik,REG-01,2025-08-26,Consumer
CUST-02678,Rahul Reddy,Male,18,Ujjain,REG-05,2023-01-26,Consumer
CUST-02679,Ishaan Mehta,Male,35,Bangalore,REG-03,2024-05-24,Consumer
CUST-02680,Pooja Singh,Female,31,Mumbai,REG-01,2024-03-04,Consumer
CUST-02681,Sai Menon,Male,41,Bilaspur,REG-05,2023-03-23,Consumer
CUST-02682,Gaurav Rao,Male,30,Coimbatore,REG-03,2023-02-13,Consumer
CUST-02683,Saanvi Singh,Female,30,Gurgaon,REG-02,2024-11-23,Consumer
CUST-02684,Diya Aggarwal,Female,42,Lucknow,REG-02,2024-02-22,Corporate
CUST-02685,Pranav Singh,Male,37,Surat,REG-01,2025-08-17,Consumer
CUST-02686,Sneha Shah,Female,37,Bangalore,REG-03,2025-06-03,Consumer
CUST-02687,Vikram Rao,Male,39,Bangalore,REG-03,2023-12-11,Consumer
CUST-02688,Aarohi Das,Female,18,Kolkata,REG-04,2024-07-31,Corporate
CUST-02689,Reyansh Malhotra,Male,42,Indore,REG-05,2025-03-09,Consumer
CUST-02690,Rohan Nair,Male,40,Bangalore,REG-03,2024-12-03,Consumer
CUST-02691,Sai Malhotra,Male,22,Nagpur,REG-01,2023-03-08,Consumer
CUST-02692,Anand Malhotra,Male,31,Shillong,REG-06,2023-02-07,Consumer
CUST-02693,Riya Malhotra,Female,33,Nashik,REG-01,2024-07-12,Consumer
CUST-02694,Dhruv Choudhury,Male,32,Asansol,REG-04,2023-04-27,Corporate
CUST-02695,Shreya Menon,Female,37,Surat,REG-01,2023-06-13,Consumer
CUST-02696,Advik Choudhury,Male,49,Panaji,REG-01,2024-05-14,Consumer
CUST-02697,Rajesh Kulkarni,Male,45,Ranchi,REG-04,2023-09-28,Corporate
CUST-02698,Shaurya Aggarwal,Male,19,Ranchi,REG-04,2023-01-06,Consumer
CUST-02699,Ananya Choudhury,Female,40,Chandigarh,REG-02,2023-02-03,Consumer
CUST-02700,Rohan Shah,Male,48,Lucknow,REG-02,2025-03-06,Consumer
CUST-02701,Deepak Pandey,Male,38,Surat,REG-01,2023-03-27,Consumer
CUST-02702,Gaurav Sharma,Male,46,Gurgaon,REG-02,2023-06-29,Consumer
CUST-02703,Gaurav Sharma,Male,56,Chennai,REG-03,2023-01-23,Corporate
CUST-02704,Neha Mehta,Female,45,Guwahati,REG-06,2024-04-30,Consumer
CUST-02705,Arjun Sharma,Male,36,Mysore,REG-03,2023-11-20,Consumer
CUST-02706,Avani Menon,Female,45,Ludhiana,REG-02,2025-01-20,Consumer
CUST-02707,Amit Pandey,Male,35,Nagpur,REG-01,2023-03-27,Consumer
CUST-02708,Kavya Verma,Female,34,Nashik,REG-01,2024-12-15,Small Business
CUST-02709,Swati Iyer,Female,30,Coimbatore,REG-03,2024-07-13,Small Business
CUST-02710,Ananya Verma,Female,51,Chandigarh,REG-02,2024-08-07,Small Business
CUST-02711,Aditya Mehta,Male,24,Chennai,REG-03,2025-03-08,Consumer
CUST-02712,Reyansh Iyer,Male,50,Ujjain,REG-05,2024-08-02,Corporate
CUST-02713,Advik Kumar,Male,39,Gwalior,REG-05,2025-01-29,Consumer
CUST-02714,Dhruv Verma,Male,18,Kanpur,REG-02,2025-02-17,Consumer
CUST-02715,Kavya Mehta,Female,38,Asansol,REG-04,2023-10-13,Consumer
CUST-02716,Advaith Sharma,Male,18,Gurgaon,REG-02,2025-05-13,Small Business
CUST-02717,Arjun Gupta,Male,40,Noida,REG-02,2025-01-19,Consumer
CUST-02718,Atharv Gupta,Male,43,Chennai,REG-03,2025-06-22,Consumer
CUST-02719,Aadhya Mukherjee,Female,27,Chennai,REG-03,2024-10-09,Consumer
CUST-02720,Advaith Pillai,Male,35,Ahmedabad,REG-01,2024-01-03,Consumer
CUST-02721,Ayaan Pillai,Male,55,Ludhiana,REG-02,2024-06-27,Consumer
CUST-02722,Krishna Choudhury,Male,28,Patna,REG-04,2023-07-18,Consumer
CUST-02723,Deepak Deshmukh,Male,22,Mysore,REG-03,2025-07-31,Consumer
CUST-02724,Aadhya Menon,Female,50,Trivandrum,REG-03,2025-06-09,Small Business
CUST-02725,Preeti Aggarwal,Female,55,Lucknow,REG-02,2025-05-29,Consumer
CUST-02726,Pooja Reddy,Female,34,Panaji,REG-01,2025-10-10,Consumer
CUST-02727,Avani Bose,Female,45,Bangalore,REG-03,2025-02-05,Consumer
CUST-02728,Sai Reddy,Male,48,Dibrugarh,REG-06,2025-09-06,Corporate
CUST-02729,Aadhya Rao,Female,25,Delhi,REG-02,2023-07-25,Consumer
CUST-02730,Vikram Joshi,Male,28,Lucknow,REG-02,2024-03-20,Consumer
CUST-02731,Anushka Aggarwal,Female,47,Visakhapatnam,REG-03,2024-03-11,Corporate
CUST-02732,Rahul Mishra,Male,52,Chandigarh,REG-02,2023-03-23,Consumer
CUST-02733,Ananya Chopra,Female,40,Ahmedabad,REG-01,2025-03-19,Small Business
CUST-02734,Avani Bose,Female,24,Hyderabad,REG-03,2024-06-12,Consumer
CUST-02735,Ayaan Das,Male,55,Indore,REG-05,2024-04-03,Corporate
CUST-02736,Deepika Singh,Female,28,Surat,REG-01,2024-01-09,Consumer
CUST-02737,Suresh Sharma,Male,30,Surat,REG-01,2024-04-11,Corporate
CUST-02738,Krishna Iyer,Male,37,Vadodara,REG-01,2025-10-10,Consumer
CUST-02739,Sneha Singh,Female,51,Bhopal,REG-05,2025-09-16,Consumer
CUST-02740,Aditya Chopra,Male,43,Bilaspur,REG-05,2024-12-01,Consumer
CUST-02741,Deepak Shah,Male,38,Kanpur,REG-02,2023-05-23,Consumer
CUST-02742,Aarohi Sharma,Female,39,Nagpur,REG-01,2024-08-05,Small Business
CUST-02743,Arjun Kumar,Male,34,Ranchi,REG-04,2023-11-05,Small Business
CUST-02744,Advaith Deshmukh,Male,40,Pune,REG-01,2025-04-28,Corporate
CUST-02745,Vivaan Bose,Male,18,Chandigarh,REG-02,2025-09-06,Consumer
CUST-02746,Saanvi Gupta,Female,30,Bangalore,REG-03,2024-05-02,Consumer
CUST-02747,Vikram Chopra,Male,36,Vadodara,REG-01,2023-10-05,Consumer
CUST-02748,Gaurav Verma,Male,21,Coimbatore,REG-03,2023-04-20,Consumer
CUST-02749,Aarav Malhotra,Male,38,Trivandrum,REG-03,2025-08-27,Corporate
CUST-02750,Sai Mukherjee,Male,31,Gurgaon,REG-02,2025-01-30,Consumer
CUST-02751,Deepak Mukherjee,Male,53,Kolkata,REG-04,2023-03-23,Consumer
CUST-02752,Rajesh Bhat,Male,51,Mysore,REG-03,2025-04-06,Corporate
CUST-02753,Kavya Choudhury,Female,28,Nashik,REG-01,2024-07-01,Consumer
CUST-02754,Rahul Gupta,Male,32,Surat,REG-01,2025-09-19,Corporate
CUST-02755,Anushka Nair,Female,33,Gwalior,REG-05,2023-06-08,Consumer
CUST-02756,Sneha Mukherjee,Female,29,Panaji,REG-01,2024-10-04,Consumer
CUST-02757,Suresh Saxena,Male,36,Hyderabad,REG-03,2025-05-03,Corporate
CUST-02758,Reyansh Singh,Male,25,Surat,REG-01,2024-06-10,Corporate
CUST-02759,Vihaan Kumar,Male,21,Cuttack,REG-04,2023-06-02,Consumer
CUST-02760,Myra Das,Female,40,Jaipur,REG-02,2024-04-11,Consumer
CUST-02761,Aditya Kumar,Male,40,Trivandrum,REG-03,2023-12-01,Consumer
CUST-02762,Rahul Bhat,Male,25,Bhubaneswar,REG-04,2025-10-16,Consumer
CUST-02763,Swati Kapoor,Female,43,Nagpur,REG-01,2025-08-02,Corporate
CUST-02764,Aadhya Mishra,Female,27,Hyderabad,REG-03,2023-09-21,Consumer
CUST-02765,Pooja Kapoor,Female,36,Mysore,REG-03,2024-08-17,Consumer
CUST-02766,Ira Aggarwal,Female,43,Surat,REG-01,2024-06-07,Consumer
CUST-02767,Ishaan Deshmukh,Male,33,Cuttack,REG-04,2024-07-09,Consumer
CUST-02768,Myra Bhat,Female,39,Ludhiana,REG-02,2024-07-05,Consumer
CUST-02769,Anika Trivedi,Female,28,Kochi,REG-03,2023-01-08,Corporate
CUST-02770,Avani Singh,Female,31,Pune,REG-01,2023-04-14,Corporate
CUST-02771,Abhishek Singh,Male,31,Kanpur,REG-02,2025-03-31,Consumer
CUST-02772,Shaurya Joshi,Male,25,Bilaspur,REG-05,2025-07-09,Consumer
CUST-02773,Krishna Chopra,Male,32,Trivandrum,REG-03,2024-10-22,Consumer
CUST-02774,Sunita Kulkarni,Female,18,Gurgaon,REG-02,2024-06-05,Consumer
CUST-02775,Aarav Verma,Male,28,Ludhiana,REG-02,2024-11-22,Consumer
CUST-02776,Aditi Bhat,Female,30,Raipur,REG-05,2023-04-28,Consumer
CUST-02777,Atharv Nair,Male,31,Gurgaon,REG-02,2023-12-25,Corporate
CUST-02778,Angel Patel,Female,31,Cuttack,REG-04,2025-08-25,Small Business
CUST-02779,Rajesh Mishra,Male,33,Indore,REG-05,2025-04-12,Small Business
CUST-02780,Vivaan Bhat,Other,39,Asansol,REG-04,2024-10-13,Corporate
CUST-02781,Meera Patel,Female,43,Lucknow,REG-02,2025-04-16,Consumer
CUST-02782,Diya Saxena,Female,26,Indore,REG-05,2024-03-10,Consumer
CUST-02783,Sai Verma,Male,20,Bhubaneswar,REG-04,2023-04-10,Consumer
CUST-02784,Navya Sharma,Female,22,Agartala,REG-06,2023-05-22,Consumer
CUST-02785,Saanvi Pillai,Female,28,Howrah,REG-04,2023-05-16,Corporate
CUST-02786,Dhruv Mishra,Male,30,Ujjain,REG-05,2025-09-24,Consumer
CUST-02787,Arjun Rao,Male,25,Lucknow,REG-02,2025-01-12,Consumer
CUST-02788,Aarav Iyer,Male,19,Delhi,REG-02,2025-08-08,Consumer
CUST-02789,Ira Menon,Female,28,Bhubaneswar,REG-04,2025-11-09,Small Business
CUST-02790,Shaurya Kulkarni,Male,35,Kochi,REG-03,2024-05-29,Consumer
CUST-02791,Neha Pandey,Female,40,Bangalore,REG-03,2023-10-15,Consumer
CUST-02792,Sai Aggarwal,Male,27,Coimbatore,REG-03,2023-10-29,Consumer
CUST-02793,Aanya Saxena,Female,29,Pune,REG-01,2024-12-25,Small Business
CUST-02794,Tanvi Singh,Female,23,Chandigarh,REG-02,2023-02-05,Consumer
CUST-02795,Ananya Verma,Female,33,Nashik,REG-01,2025-07-30,Consumer
CUST-02796,Avani Joshi,Female,24,Chennai,REG-03,2024-09-24,Consumer
CUST-02797,Meera Nair,Female,40,Dibrugarh,REG-06,2023-11-22,Consumer
CUST-02798,Nikhil Choudhury,Male,18,Panaji,REG-01,2025-11-30,Corporate
CUST-02799,Aditi Nair,Female,30,Nagpur,REG-01,2023-11-22,Consumer
CUST-02800,Pari Trivedi,Female,37,Jaipur,REG-02,2025-02-10,Consumer
CUST-02801,Pari Deshmukh,Female,36,Ludhiana,REG-02,2024-08-22,Small Business
CUST-02802,Karan Deshmukh,Male,63,Mumbai,REG-01,2025-02-25,Consumer
CUST-02803,Anika Malhotra,Female,37,Dibrugarh,REG-06,2023-06-27,Consumer
CUST-02804,Aarohi Shah,Other,22,Ujjain,REG-05,2023-07-04,Consumer
CUST-02805,Ishaan Menon,Male,32,Nagpur,REG-01,2025-01-10,Corporate
CUST-02806,Kavya Das,Female,18,Bangalore,REG-03,2025-05-10,Small Business
CUST-02807,Advaith Choudhury,Male,33,Nashik,REG-01,2023-09-01,Consumer
CUST-02808,Rahul Sharma,Male,24,Shillong,REG-06,2024-04-11,Consumer
CUST-02809,Aanya Verma,Female,44,Asansol,REG-04,2025-05-27,Consumer
CUST-02810,Rajesh Aggarwal,Male,27,Visakhapatnam,REG-03,2023-04-24,Consumer
CUST-02811,Aditi Deshmukh,Female,32,Silchar,REG-06,2024-10-23,Consumer
CUST-02812,Rajesh Deshmukh,Male,27,Jaipur,REG-02,2024-10-04,Consumer
CUST-02813,Simran Trivedi,Female,53,Gwalior,REG-05,2023-03-23,Corporate
CUST-02814,Avani Bhat,Female,30,Pune,REG-01,2024-10-18,Consumer
CUST-02815,Rahul Iyer,Male,54,Kanpur,REG-02,2023-12-10,Consumer
CUST-02816,Sneha Nair,Female,42,Visakhapatnam,REG-03,2025-04-21,Consumer
CUST-02817,Arjun Sharma,Male,39,Trivandrum,REG-03,2023-06-12,Consumer
CUST-02818,Shreya Mehta,Female,38,Mumbai,REG-01,2024-11-14,Corporate
CUST-02819,Aditi Rao,Female,38,Nagpur,REG-01,2023-07-21,Consumer
CUST-02820,Rajesh Sharma,Male,18,Visakhapatnam,REG-03,2023-01-15,Small Business
CUST-02821,Nikhil Mishra,Male,30,Guwahati,REG-06,2023-08-31,Consumer
CUST-02822,Navya Kulkarni,Female,43,Cuttack,REG-04,2023-10-22,Consumer
CUST-02823,Navya Reddy,Female,33,Kanpur,REG-02,2024-09-14,Consumer
CUST-02824,Vivaan Reddy,Male,18,Kolkata,REG-04,2025-05-11,Consumer
CUST-02825,Vikram Mukherjee,Male,33,Ujjain,REG-05,2024-04-06,Small Business
CUST-02826,Atharv Aggarwal,Male,52,Ludhiana,REG-02,2025-06-24,Consumer
CUST-02827,Sai Pandey,Male,47,Patna,REG-04,2023-07-25,Consumer
CUST-02828,Vivaan Malhotra,Male,33,Raipur,REG-05,2025-06-20,Consumer
CUST-02829,Arjun Kapoor,Male,44,Nashik,REG-01,2024-03-31,Consumer
CUST-02830,Angel Nair,Female,29,Panaji,REG-01,2025-11-08,Consumer
CUST-02831,Aditya Iyer,Male,18,Nashik,REG-01,2023-04-16,Consumer
CUST-02832,Tanvi Singh,Female,23,Bilaspur,REG-05,2024-10-22,Corporate
CUST-02833,Rohan Deshmukh,Male,51,Nagpur,REG-01,2023-06-02,Corporate
CUST-02834,Avani Trivedi,Female,30,Gwalior,REG-05,2025-07-03,Consumer
CUST-02835,Ananya Reddy,Female,31,Coimbatore,REG-03,2024-06-30,Consumer
CUST-02836,Krishna Mukherjee,Male,30,Silchar,REG-06,2024-08-23,Consumer
CUST-02837,Navya Pandey,Female,54,Howrah,REG-04,2025-05-25,Small Business
CUST-02838,Aadhya Mukherjee,Female,51,Ahmedabad,REG-01,2024-10-15,Consumer
CUST-02839,Sneha Malhotra,Female,58,Pune,REG-01,2024-12-28,Consumer
CUST-02840,Advaith Aggarwal,Male,32,Gwalior,REG-05,2023-10-29,Consumer
CUST-02841,Kabir Bose,Male,37,Dibrugarh,REG-06,2024-03-02,Consumer
CUST-02842,Gaurav Patel,Male,18,Jaipur,REG-02,2024-09-15,Consumer
CUST-02843,Advaith Reddy,Other,50,Pune,REG-01,2025-02-08,Corporate
CUST-02844,Aadhya Rao,Female,21,Chandigarh,REG-02,2024-05-21,Consumer
CUST-02845,Saanvi Deshmukh,Female,36,Raipur,REG-05,2024-08-20,Corporate
CUST-02846,Anushka Nair,Female,21,Noida,REG-02,2024-12-08,Corporate
CUST-02847,Pooja Iyer,Female,27,Visakhapatnam,REG-03,2024-07-02,Corporate
CUST-02848,Priyanka Mehta,Female,24,Ludhiana,REG-02,2023-01-07,Consumer
CUST-02849,Sunita Kumar,Female,27,Pune,REG-01,2025-04-08,Consumer
CUST-02850,Gaurav Iyer,Male,28,Bhopal,REG-05,2024-04-11,Corporate
CUST-02851,Krishna Malhotra,Male,27,Bangalore,REG-03,2024-06-06,Corporate
CUST-02852,Dhruv Saxena,Male,43,Delhi,REG-02,2023-09-21,Consumer
CUST-02853,Ananya Rao,Female,21,Lucknow,REG-02,2024-02-17,Corporate
CUST-02854,Arjun Mukherjee,Male,36,Dibrugarh,REG-06,2024-12-13,Small Business
CUST-02855,Neha Choudhury,Female,47,Trivandrum,REG-03,2024-01-19,Consumer
CUST-02856,Kavya Bose,Female,28,Noida,REG-02,2025-02-12,Small Business
CUST-02857,Aditya Sharma,Male,26,Panaji,REG-01,2025-03-18,Small Business
CUST-02858,Rajesh Shah,Male,31,Ahmedabad,REG-01,2023-10-01,Consumer
CUST-02859,Angel Das,Female,46,Bangalore,REG-03,2023-05-29,Corporate
CUST-02860,Advaith Mukherjee,Male,36,Trivandrum,REG-03,2025-09-26,Consumer
CUST-02861,Aarohi Kulkarni,Female,28,Gwalior,REG-05,2023-05-28,Consumer
CUST-02862,Angel Pandey,Female,39,Chandigarh,REG-02,2024-08-24,Consumer
CUST-02863,Ayaan Menon,Male,21,Bhopal,REG-05,2025-07-26,Consumer
CUST-02864,Atharv Mukherjee,Male,41,Indore,REG-05,2025-02-10,Corporate
CUST-02865,Advik Reddy,Male,38,Hyderabad,REG-03,2025-02-16,Consumer
CUST-02866,Aditi Menon,Female,30,Kanpur,REG-02,2024-11-16,Consumer
CUST-02867,Deepika Kumar,Female,24,Visakhapatnam,REG-03,2025-02-08,Corporate
CUST-02868,Aditya Iyer,Male,24,Bangalore,REG-03,2024-03-19,Small Business
CUST-02869,Swati Pandey,Female,39,Bangalore,REG-03,2024-01-02,Corporate
CUST-02870,Aditya Choudhury,Male,47,Patna,REG-04,2024-07-09,Corporate
CUST-02871,Angel Trivedi,Female,26,Visakhapatnam,REG-03,2023-10-16,Consumer
CUST-02872,Navya Pillai,Female,39,Nashik,REG-01,2024-05-08,Small Business
CUST-02873,Deepak Joshi,Male,18,Noida,REG-02,2025-02-04,Consumer
CUST-02874,Gaurav Gupta,Male,27,Pune,REG-01,2023-08-23,Consumer
CUST-02875,Avani Bhat,Female,33,Mysore,REG-03,2024-03-13,Consumer
CUST-02876,Saanvi Iyer,Female,23,Panaji,REG-01,2024-08-07,Consumer
CUST-02877,Pranav Mukherjee,Male,23,Surat,REG-01,2023-04-17,Consumer
CUST-02878,Sneha Verma,Female,26,Nashik,REG-01,2024-05-13,Consumer
CUST-02879,Aditya Chopra,Male,37,Pune,REG-01,2024-05-27,Consumer
CUST-02880,Pranav Kumar,Male,31,Bangalore,REG-03,2025-09-22,Corporate
CUST-02881,Advaith Mehta,Male,18,Nagpur,REG-01,2024-10-17,Consumer
CUST-02882,Nikhil Deshmukh,Male,18,Jabalpur,REG-05,2023-01-05,Consumer
CUST-02883,Rahul Malhotra,Male,27,Pune,REG-01,2025-02-01,Small Business
CUST-02884,Manish Gupta,Male,39,Mumbai,REG-01,2023-04-19,Consumer
CUST-02885,Kabir Mukherjee,Male,18,Bilaspur,REG-05,2024-11-17,Small Business
CUST-02886,Shaurya Shah,Male,28,Patna,REG-04,2024-08-13,Corporate
CUST-02887,Rajesh Singh,Male,28,Nagpur,REG-01,2025-09-10,Consumer
CUST-02888,Krishna Chopra,Male,49,Cuttack,REG-04,2023-10-18,Consumer
CUST-02889,Rajesh Mukherjee,Other,29,Indore,REG-05,2025-11-29,Consumer
CUST-02890,Arjun Nair,Male,38,Panaji,REG-01,2024-04-20,Corporate
CUST-02891,Pari Malhotra,Female,35,Panaji,REG-01,2025-02-12,Consumer
CUST-02892,Anand Choudhury,Male,18,Bangalore,REG-03,2023-06-04,Consumer
CUST-02893,Rohan Iyer,Male,42,Pune,REG-01,2024-01-30,Consumer
CUST-02894,Sai Bhat,Male,36,Noida,REG-02,2024-03-15,Consumer
CUST-02895,Angel Chopra,Female,39,Jabalpur,REG-05,2024-08-03,Consumer
CUST-02896,Sai Bhat,Male,72,Chandigarh,REG-02,2025-06-25,Consumer
CUST-02897,Krishna Pillai,Male,18,Trivandrum,REG-03,2024-01-31,Consumer
CUST-02898,Meera Saxena,Female,52,Mysore,REG-03,2024-05-21,Consumer
CUST-02899,Anand Kulkarni,Male,30,Kochi,REG-03,2024-07-20,Consumer
CUST-02900,Deepika Joshi,Female,37,Nashik,REG-01,2024-04-20,Consumer
CUST-02901,Aadhya Chopra,Female,33,Ranchi,REG-04,2025-04-07,Consumer
CUST-02902,Karan Patel,Male,29,Kanpur,REG-02,2023-11-19,Consumer
CUST-02903,Amit Bhat,Male,27,Nagpur,REG-01,2025-05-02,Consumer
CUST-02904,Rajesh Joshi,Male,37,Nagpur,REG-01,2025-01-29,Consumer
CUST-02905,Tanvi Nair,Female,18,Jabalpur,REG-05,2025-06-08,Consumer
CUST-02906,Myra Gupta,Female,42,Trivandrum,REG-03,2023-09-18,Corporate
CUST-02907,Neha Rao,Female,29,Bilaspur,REG-05,2024-05-26,Consumer
CUST-02908,Deepak Aggarwal,Male,21,Ranchi,REG-04,2025-10-08,Small Business
CUST-02909,Vihaan Chopra,Male,29,Gurgaon,REG-02,2025-07-26,Corporate
CUST-02910,Kavya Gupta,Female,47,Cuttack,REG-04,2024-04-04,Consumer
CUST-02911,Anand Iyer,Male,28,Jaipur,REG-02,2025-10-21,Corporate
CUST-02912,Rahul Sharma,Male,37,Noida,REG-02,2025-03-16,Corporate
CUST-02913,Rahul Kulkarni,Male,25,Kochi,REG-03,2023-06-08,Consumer
CUST-02914,Ayaan Malhotra,Male,42,Guwahati,REG-06,2023-07-27,Consumer
CUST-02915,Deepika Gupta,Female,41,Kolkata,REG-04,2023-03-01,Consumer
CUST-02916,Reyansh Kulkarni,Male,54,Mumbai,REG-01,2025-08-23,Consumer
CUST-02917,Tanvi Sharma,Female,32,Agartala,REG-06,2025-05-17,Corporate
CUST-02918,Sunita Aggarwal,Female,41,Ahmedabad,REG-01,2025-03-02,Corporate
CUST-02919,Aarohi Singh,Female,35,Agartala,REG-06,2025-03-26,Corporate
CUST-02920,Diya Saxena,Female,48,Ranchi,REG-04,2024-01-12,Consumer
CUST-02921,Arjun Choudhury,Male,26,Hyderabad,REG-03,2025-03-06,Corporate
CUST-02922,Nikhil Bose,Male,42,Surat,REG-01,2023-08-11,Consumer
CUST-02923,Neha Mishra,Female,31,Howrah,REG-04,2024-09-07,Consumer
CUST-02924,Rahul Nair,Male,33,Chennai,REG-03,2023-08-13,Consumer
CUST-02925,Deepak Bose,Male,35,Cuttack,REG-04,2025-07-31,Consumer
CUST-02926,Anand Sharma,Male,36,Lucknow,REG-02,2024-03-23,Consumer
CUST-02927,Aanya Mehta,Female,32,Guwahati,REG-06,2023-12-14,Consumer
CUST-02928,Saanvi Mehta,Female,36,Lucknow,REG-02,2024-07-11,Corporate
CUST-02929,Nikhil Patel,Male,51,Surat,REG-01,2024-07-11,Small Business
CUST-02930,Deepak Malhotra,Male,44,Ludhiana,REG-02,2024-02-25,Small Business
CUST-02931,Rajesh Mehta,Male,43,Chandigarh,REG-02,2023-07-01,Corporate
CUST-02932,Preeti Mukherjee,Female,28,Kochi,REG-03,2023-03-19,Consumer
CUST-02933,Rohan Patel,Male,24,Mumbai,REG-01,2024-08-02,Consumer
CUST-02934,Shreya Malhotra,Female,44,Mumbai,REG-01,2023-04-08,Corporate
CUST-02935,Swati Kumar,Female,43,Bhopal,REG-05,2023-11-05,Consumer
CUST-02936,Kavya Mishra,Female,50,Noida,REG-02,2025-04-07,Small Business
CUST-02937,Pooja Patel,Other,27,Gwalior,REG-05,2023-03-23,Consumer
CUST-02938,Karan Menon,Male,31,Panaji,REG-01,2024-09-11,Consumer
CUST-02939,Aanya Gupta,Female,18,Noida,REG-02,2025-05-21,Consumer
CUST-02940,Anand Mehta,Male,29,Chennai,REG-03,2024-02-25,Small Business
CUST-02941,Aditya Chopra,Male,44,Kolkata,REG-04,2023-06-26,Corporate
CUST-02942,Abhishek Singh,Male,28,Kolkata,REG-04,2024-09-25,Small Business
CUST-02943,Ananya Iyer,Female,41,Bilaspur,REG-05,2023-01-09,Consumer
CUST-02944,Pooja Saxena,Female,31,Coimbatore,REG-03,2023-07-08,Consumer
CUST-02945,Avani Mishra,Female,37,Mysore,REG-03,2023-10-07,Small Business
CUST-02946,Aadhya Menon,Female,21,Indore,REG-05,2025-06-12,Consumer
CUST-02947,Dhruv Bose,Male,34,Kanpur,REG-02,2024-01-20,Consumer
CUST-02948,Rajesh Patel,Male,18,Nashik,REG-01,2024-09-09,Consumer
CUST-02949,Advik Mehta,Male,31,Bhubaneswar,REG-04,2023-12-13,Consumer
CUST-02950,Atharv Iyer,Male,18,Bhopal,REG-05,2024-05-01,Consumer
CUST-02951,Shaurya Verma,Male,47,Kanpur,REG-02,2024-01-15,Consumer
CUST-02952,Krishna Pandey,Male,42,Gurgaon,REG-02,2024-10-23,Consumer
CUST-02953,Meera Iyer,Female,39,Bhopal,REG-05,2023-10-12,Consumer
CUST-02954,Manish Saxena,Male,50,Nashik,REG-01,2024-07-19,Consumer
CUST-02955,Sara Mukherjee,Female,23,Chandigarh,REG-02,2025-11-03,Consumer
CUST-02956,Navya Verma,Female,53,Pune,REG-01,2024-11-28,Consumer
CUST-02957,Anand Shah,Male,44,Jaipur,REG-02,2025-01-15,Corporate
CUST-02958,Arjun Mishra,Male,31,Imphal,REG-06,2023-06-26,Consumer
CUST-02959,Arjun Menon,Male,46,Trivandrum,REG-03,2025-01-21,Consumer
CUST-02960,Aarav Kulkarni,Male,21,Mumbai,REG-01,2023-06-19,Consumer
CUST-02961,Sunita Nair,Other,24,Surat,REG-01,2023-01-11,Small Business
CUST-02962,Amit Mukherjee,Male,27,Raipur,REG-05,2023-03-24,Corporate
CUST-02963,Nikhil Saxena,Male,28,Mumbai,REG-01,2023-01-08,Small Business
CUST-02964,Gaurav Mukherjee,Other,22,Bangalore,REG-03,2024-07-10,Small Business
CUST-02965,Aarohi Kulkarni,Female,47,Ahmedabad,REG-01,2023-01-16,Consumer
CUST-02966,Kabir Choudhury,Male,31,Panaji,REG-01,2023-11-27,Consumer
CUST-02967,Arjun Kumar,Male,37,Ahmedabad,REG-01,2024-08-04,Consumer
CUST-02968,Shaurya Mishra,Male,27,Surat,REG-01,2025-01-03,Small Business
CUST-02969,Diya Verma,Female,18,Pune,REG-01,2023-03-21,Corporate
CUST-02970,Avani Das,Female,36,Patna,REG-04,2025-02-02,Corporate
CUST-02971,Vihaan Shah,Male,18,Mumbai,REG-01,2024-10-05,Consumer
CUST-02972,Avani Shah,Female,33,Ahmedabad,REG-01,2023-01-16,Corporate
CUST-02973,Vihaan Kapoor,Male,18,Howrah,REG-04,2025-01-06,Small Business
CUST-02974,Aanya Das,Female,55,Cuttack,REG-04,2024-05-07,Consumer
CUST-02975,Saanvi Mishra,Female,44,Vadodara,REG-01,2023-07-29,Consumer
CUST-02976,Anushka Chopra,Female,35,Pune,REG-01,2024-11-12,Corporate
CUST-02977,Nikhil Bhat,Male,47,Kolkata,REG-04,2024-06-21,Consumer
CUST-02978,Aditi Deshmukh,Female,24,Gurgaon,REG-02,2023-03-16,Consumer
CUST-02979,Shreya Rao,Female,39,Indore,REG-05,2023-02-16,Consumer
CUST-02980,Riya Shah,Female,36,Bangalore,REG-03,2024-04-10,Consumer
CUST-02981,Aarohi Malhotra,Female,36,Surat,REG-01,2025-06-29,Consumer
CUST-02982,Navya Pandey,Female,47,Cuttack,REG-04,2023-01-29,Consumer
CUST-02983,Shaurya Joshi,Male,42,Ujjain,REG-05,2025-02-01,Consumer
CUST-02984,Nikhil Sharma,Male,37,Coimbatore,REG-03,2024-01-18,Consumer
CUST-02985,Simran Mukherjee,Female,18,Trivandrum,REG-03,2023-04-11,Consumer
CUST-02986,Arjun Bhat,Male,23,Trivandrum,REG-03,2023-01-31,Consumer
CUST-02987,Ira Chopra,Female,32,Lucknow,REG-02,2024-04-23,Consumer
CUST-02988,Advaith Trivedi,Male,35,Nagpur,REG-01,2024-10-13,Consumer
CUST-02989,Deepak Reddy,Male,21,Noida,REG-02,2024-09-04,Consumer
CUST-02990,Ananya Joshi,Female,60,Mumbai,REG-01,2025-11-14,Consumer
CUST-02991,Advik Das,Male,50,Trivandrum,REG-03,2024-08-28,Consumer
CUST-02992,Gaurav Kulkarni,Male,40,Indore,REG-05,2024-10-23,Corporate
CUST-02993,Pooja Iyer,Female,34,Kochi,REG-03,2023-10-16,Small Business
CUST-02994,Ishaan Bhat,Male,31,Mumbai,REG-01,2024-07-14,Consumer
CUST-02995,Diya Mehta,Female,23,Bhubaneswar,REG-04,2024-05-20,Small Business
CUST-02996,Vihaan Chopra,Male,34,Mysore,REG-03,2025-07-28,Consumer
CUST-02997,Swati Sharma,Female,36,Ludhiana,REG-02,2025-02-14,Consumer
CUST-02998,Atharv Deshmukh,Male,20,Surat,REG-01,2024-03-29,Consumer
CUST-02999,Myra Malhotra,Female,37,Mysore,REG-03,2024-01-07,Small Business
CUST-03000,Myra Kapoor,Female,32,Hyderabad,REG-03,2025-03-03,Consumer
CUST-03001,Deepak Pandey,Male,18,Nagpur,REG-01,2025-03-14,Consumer
CUST-03002,Priyanka Das,Female,24,Ahmedabad,REG-01,2023-07-23,Consumer
CUST-03003,Priyanka Singh,Female,29,Kolkata,REG-04,2024-09-10,Consumer
CUST-03004,Deepak Menon,Male,54,Pune,REG-01,2025-01-05,Consumer
CUST-03005,Sunita Bose,Female,40,Lucknow,REG-02,2025-08-30,Corporate
CUST-03006,Ira Reddy,Female,19,Agartala,REG-06,2023-03-09,Small Business
CUST-03007,Ayaan Pillai,Male,39,Mumbai,REG-01,2024-09-10,Consumer
CUST-03008,Sara Sharma,Female,18,Mumbai,REG-01,2025-05-06,Consumer
CUST-03009,Aarohi Pillai,Female,45,Surat,REG-01,2024-03-09,Consumer
CUST-03010,Vikram Kulkarni,Male,28,Mumbai,REG-01,2023-01-05,Consumer
CUST-03011,Suresh Pillai,Male,32,Trivandrum,REG-03,2023-07-23,Consumer
CUST-03012,Shaurya Bose,Male,48,Howrah,REG-04,2024-07-29,Consumer
CUST-03013,Manish Joshi,Male,19,Chandigarh,REG-02,2023-01-06,Corporate
CUST-03014,Priyanka Saxena,Female,18,Indore,REG-05,2023-01-01,Consumer
CUST-03015,Meera Saxena,Female,27,Shillong,REG-06,2024-04-24,Consumer
CUST-03016,Amit Deshmukh,Male,45,Noida,REG-02,2024-08-06,Consumer
CUST-03017,Manish Iyer,Male,18,Jabalpur,REG-05,2023-01-27,Corporate
CUST-03018,Ishaan Menon,Male,18,Noida,REG-02,2023-06-14,Consumer
CUST-03019,Kavya Mukherjee,Female,29,Bhubaneswar,REG-04,2023-04-30,Consumer
CUST-03020,Deepika Trivedi,Female,40,Kolkata,REG-04,2023-09-14,Consumer
CUST-03021,Pooja Patel,Female,47,Howrah,REG-04,2024-10-19,Consumer
CUST-03022,Anand Patel,Male,28,Cuttack,REG-04,2023-05-03,Consumer
CUST-03023,Anand Mehta,Male,29,Ludhiana,REG-02,2023-02-19,Consumer
CUST-03024,Deepika Mukherjee,Female,46,Surat,REG-01,2023-10-05,Consumer
CUST-03025,Aarohi Rao,Female,18,Gurgaon,REG-02,2023-05-27,Corporate
CUST-03026,Amit Bhat,Male,29,Howrah,REG-04,2025-11-15,Consumer
CUST-03027,Dhruv Patel,Male,36,Ahmedabad,REG-01,2024-09-30,Consumer
CUST-03028,Manish Reddy,Male,38,Jaipur,REG-02,2024-05-18,Consumer
CUST-03029,Swati Aggarwal,Female,28,Surat,REG-01,2023-05-30,Consumer
CUST-03030,Atharv Das,Male,34,Trivandrum,REG-03,2025-02-17,Consumer
CUST-03031,Dhruv Menon,Male,18,Dibrugarh,REG-06,2024-06-12,Consumer
CUST-03032,Anika Saxena,Female,26,Trivandrum,REG-03,2024-12-02,Consumer
CUST-03033,Myra Trivedi,Female,38,Ahmedabad,REG-01,2023-03-26,Consumer
CUST-03034,Shreya Mishra,Female,23,Nagpur,REG-01,2024-12-24,Consumer
CUST-03035,Ishaan Kumar,Male,34,Lucknow,REG-02,2025-01-25,Consumer
CUST-03036,Sai Nair,Male,38,Jaipur,REG-02,2024-03-27,Small Business
CUST-03037,Riya Pandey,Female,30,Kanpur,REG-02,2024-10-05,Small Business
CUST-03038,Dhruv Mukherjee,Male,35,Ludhiana,REG-02,2025-11-13,Consumer
CUST-03039,Sai Nair,Male,23,Cuttack,REG-04,2024-08-12,Consumer
CUST-03040,Saanvi Iyer,Female,31,Gurgaon,REG-02,2024-10-06,Consumer
CUST-03041,Arjun Pillai,Male,40,Kanpur,REG-02,2024-11-14,Corporate
CUST-03042,Anand Verma,Male,35,Ujjain,REG-05,2023-09-16,Corporate
CUST-03043,Anushka Kulkarni,Female,27,Surat,REG-01,2024-10-16,Consumer
CUST-03044,Neha Menon,Female,36,Vadodara,REG-01,2023-10-11,Consumer
CUST-03045,Diya Mukherjee,Female,41,Bilaspur,REG-05,2025-01-30,Small Business
CUST-03046,Rajesh Gupta,Male,18,Ludhiana,REG-02,2025-08-03,Consumer
CUST-03047,Swati Mishra,Female,46,Howrah,REG-04,2023-01-13,Consumer
CUST-03048,Dhruv Choudhury,Male,30,Hyderabad,REG-03,2025-02-04,Consumer
CUST-03049,Suresh Kapoor,Male,38,Mumbai,REG-01,2024-02-21,Consumer
CUST-03050,Ananya Patel,Female,47,Gurgaon,REG-02,2024-05-12,Consumer
CUST-03051,Sunita Singh,Female,18,Cuttack,REG-04,2024-07-06,Consumer
CUST-03052,Ira Kulkarni,Female,26,Ludhiana,REG-02,2023-01-25,Consumer
CUST-03053,Ayaan Malhotra,Male,30,Nagpur,REG-01,2024-02-15,Consumer
CUST-03054,Arjun Trivedi,Male,25,Patna,REG-04,2023-02-25,Corporate
CUST-03055,Sunita Trivedi,Female,53,Cuttack,REG-04,2024-08-21,Consumer
CUST-03056,Advik Pandey,Male,24,Lucknow,REG-02,2024-02-24,Small Business
CUST-03057,Karan Deshmukh,Male,27,Trivandrum,REG-03,2023-02-16,Small Business
CUST-03058,Suresh Rao,Male,36,Visakhapatnam,REG-03,2023-06-25,Consumer
CUST-03059,Karan Chopra,Male,20,Coimbatore,REG-03,2024-08-08,Corporate
CUST-03060,Priyanka Singh,Female,29,Panaji,REG-01,2025-05-08,Consumer
CUST-03061,Aanya Mehta,Female,37,Indore,REG-05,2024-06-19,Consumer
CUST-03062,Aadhya Shah,Female,30,Kochi,REG-03,2025-02-05,Consumer
CUST-03063,Sunita Mishra,Female,32,Pune,REG-01,2024-11-10,Consumer
CUST-03064,Atharv Saxena,Male,28,Bilaspur,REG-05,2023-05-03,Consumer
CUST-03065,Kabir Choudhury,Male,18,Bangalore,REG-03,2024-08-08,Consumer
CUST-03066,Ishaan Verma,Male,37,Noida,REG-02,2024-12-14,Consumer
CUST-03067,Myra Patel,Female,53,Mysore,REG-03,2024-01-27,Consumer
CUST-03068,Angel Bhat,Female,34,Visakhapatnam,REG-03,2024-09-27,Consumer
CUST-03069,Vivaan Gupta,Male,36,Mumbai,REG-01,2023-07-31,Small Business
CUST-03070,Shaurya Bose,Male,41,Noida,REG-02,2025-09-24,Corporate
CUST-03071,Krishna Verma,Male,20,Mumbai,REG-01,2023-11-13,Corporate
CUST-03072,Shreya Mehta,Female,52,Lucknow,REG-02,2025-09-17,Consumer
CUST-03073,Vihaan Joshi,Male,36,Trivandrum,REG-03,2025-05-18,Small Business
CUST-03074,Pranav Mehta,Male,51,Nashik,REG-01,2025-02-28,Consumer
CUST-03075,Anushka Bhat,Female,25,Surat,REG-01,2023-11-24,Consumer
CUST-03076,Vivaan Choudhury,Male,53,Delhi,REG-02,2024-11-12,Small Business
CUST-03077,Sara Gupta,Female,42,Noida,REG-02,2024-12-13,Consumer
CUST-03078,Arjun Rao,Male,40,Jaipur,REG-02,2024-05-05,Small Business
CUST-03079,Neha Menon,Female,36,Patna,REG-04,2024-08-01,Consumer
CUST-03080,Arjun Mehta,Male,31,Ludhiana,REG-02,2024-11-17,Consumer
CUST-03081,Shaurya Rao,Male,47,Ranchi,REG-04,2025-05-26,Consumer
CUST-03082,Anika Sharma,Female,35,Asansol,REG-04,2024-02-19,Consumer
CUST-03083,Myra Gupta,Female,18,Nashik,REG-01,2024-01-02,Consumer
CUST-03084,Rahul Rao,Male,21,Patna,REG-04,2024-06-06,Consumer
CUST-03085,Aditi Choudhury,Female,31,Patna,REG-04,2024-10-17,Consumer
CUST-03086,Ishaan Mukherjee,Male,37,Surat,REG-01,2023-01-10,Corporate
CUST-03087,Reyansh Shah,Male,33,Nashik,REG-01,2023-09-14,Corporate
CUST-03088,Deepika Deshmukh,Female,47,Patna,REG-04,2023-12-08,Small Business
CUST-03089,Riya Deshmukh,Female,18,Ujjain,REG-05,2023-08-26,Consumer
CUST-03090,Diya Singh,Female,35,Ludhiana,REG-02,2025-10-29,Small Business
CUST-03091,Nikhil Das,Male,18,Nashik,REG-01,2023-06-19,Consumer
CUST-03092,Arjun Aggarwal,Male,42,Indore,REG-05,2024-02-01,Consumer
CUST-03093,Reyansh Trivedi,Male,32,Bangalore,REG-03,2024-12-15,Corporate
CUST-03094,Gaurav Aggarwal,Male,38,Visakhapatnam,REG-03,2023-07-12,Corporate
CUST-03095,Aditi Aggarwal,Female,24,Bhopal,REG-05,2025-08-30,Consumer
CUST-03096,Vikram Mukherjee,Male,48,Kanpur,REG-02,2025-04-04,Corporate
CUST-03097,Vivaan Das,Male,45,Trivandrum,REG-03,2024-04-25,Consumer
CUST-03098,Saanvi Sharma,Female,40,Mysore,REG-03,2023-11-08,Consumer
CUST-03099,Diya Singh,Female,32,Imphal,REG-06,2025-01-16,Consumer
CUST-03100,Reyansh Aggarwal,Male,40,Pune,REG-01,2023-06-05,Corporate
CUST-03101,Vikram Aggarwal,Male,26,Mumbai,REG-01,2025-01-11,Consumer
CUST-03102,Ayaan Mukherjee,Male,43,Pune,REG-01,2024-11-16,Consumer
CUST-03103,Aarohi Patel,Female,52,Raipur,REG-05,2023-03-18,Corporate
CUST-03104,Aditya Bose,Male,45,Patna,REG-04,2025-05-08,Consumer
CUST-03105,Arjun Bose,Male,25,Lucknow,REG-02,2024-06-19,Corporate
CUST-03106,Priyanka Deshmukh,Female,37,Ujjain,REG-05,2024-02-21,Consumer
CUST-03107,Kabir Aggarwal,Male,19,Nashik,REG-01,2023-07-02,Consumer
CUST-03108,Rahul Bose,Male,40,Noida,REG-02,2024-05-31,Consumer
CUST-03109,Anushka Bhat,Female,38,Bilaspur,REG-05,2025-03-04,Corporate
CUST-03110,Navya Saxena,Female,18,Surat,REG-01,2023-07-07,Small Business
CUST-03111,Anushka Singh,Female,21,Ranchi,REG-04,2025-05-16,Consumer
CUST-03112,Ananya Iyer,Female,30,Jaipur,REG-02,2024-06-24,Corporate
CUST-03113,Pari Choudhury,Female,30,Hyderabad,REG-03,2024-08-17,Consumer
CUST-03114,Anushka Trivedi,Female,20,Howrah,REG-04,2023-10-17,Consumer
CUST-03115,Vivaan Patel,Male,38,Kanpur,REG-02,2023-02-05,Consumer
CUST-03116,Pooja Menon,Female,36,Lucknow,REG-02,2023-10-21,Consumer
CUST-03117,Amit Gupta,Male,31,Howrah,REG-04,2024-02-10,Small Business
CUST-03118,Pranav Mishra,Male,25,Kochi,REG-03,2025-02-20,Consumer
CUST-03119,Sunita Gupta,Female,45,Kolkata,REG-04,2023-04-30,Consumer
CUST-03120,Vivaan Bhat,Male,52,Cuttack,REG-04,2024-04-25,Consumer
CUST-03121,Vihaan Choudhury,Male,28,Vadodara,REG-01,2023-04-02,Consumer
CUST-03122,Navya Chopra,Female,27,Bhubaneswar,REG-04,2023-05-13,Consumer
CUST-03123,Priyanka Menon,Female,39,Mumbai,REG-01,2024-04-16,Consumer
CUST-03124,Ayaan Kapoor,Male,30,Kanpur,REG-02,2023-07-01,Consumer
CUST-03125,Sai Rao,Male,32,Bhopal,REG-05,2025-11-14,Corporate
CUST-03126,Arjun Malhotra,Male,42,Chennai,REG-03,2024-12-15,Corporate
CUST-03127,Neha Iyer,Female,18,Howrah,REG-04,2024-06-09,Corporate
CUST-03128,Preeti Joshi,Female,48,Indore,REG-05,2023-05-31,Small Business
CUST-03129,Aadhya Verma,Female,34,Dibrugarh,REG-06,2024-03-10,Consumer
CUST-03130,Saanvi Mishra,Female,29,Visakhapatnam,REG-03,2024-02-20,Consumer
CUST-03131,Diya Singh,Female,33,Pune,REG-01,2024-09-23,Consumer
CUST-03132,Ayaan Kulkarni,Male,33,Dibrugarh,REG-06,2024-12-30,Consumer
CUST-03133,Aarohi Bose,Female,18,Ranchi,REG-04,2025-09-07,Consumer
CUST-03134,Dhruv Kulkarni,Male,50,Gurgaon,REG-02,2024-03-19,Consumer
CUST-03135,Rohan Bhat,Male,34,Bilaspur,REG-05,2025-01-02,Consumer
CUST-03136,Ira Trivedi,Female,38,Howrah,REG-04,2023-11-27,Consumer
CUST-03137,Rahul Kumar,Male,44,Nagpur,REG-01,2025-06-09,Consumer
CUST-03138,Sneha Sharma,Female,22,Kochi,REG-03,2025-07-05,Consumer
CUST-03139,Advik Pandey,Male,39,Gurgaon,REG-02,2023-01-02,Consumer
CUST-03140,Navya Saxena,Female,31,Noida,REG-02,2023-10-05,Consumer
CUST-03141,Riya Deshmukh,Female,43,Panaji,REG-01,2025-10-12,Consumer
CUST-03142,Gaurav Gupta,Male,18,Raipur,REG-05,2023-02-20,Consumer
CUST-03143,Swati Aggarwal,Female,32,Agartala,REG-06,2023-09-13,Corporate
CUST-03144,Nikhil Bose,Male,27,Lucknow,REG-02,2023-05-24,Small Business
CUST-03145,Karan Joshi,Male,38,Raipur,REG-05,2023-07-10,Consumer
CUST-03146,Amit Mehta,Male,39,Raipur,REG-05,2025-05-27,Consumer
CUST-03147,Sara Menon,Female,26,Ahmedabad,REG-01,2024-06-20,Consumer
CUST-03148,Pari Bhat,Female,26,Silchar,REG-06,2025-10-03,Consumer
CUST-03149,Vivaan Kapoor,Male,32,Mumbai,REG-01,2023-10-17,Consumer
CUST-03150,Vihaan Choudhury,Male,24,Raipur,REG-05,2023-01-28,Consumer
CUST-03151,Gaurav Kapoor,Male,43,Vadodara,REG-01,2023-12-17,Consumer
CUST-03152,Ira Malhotra,Female,29,Mysore,REG-03,2023-11-02,Small Business
CUST-03153,Karan Gupta,Male,18,Lucknow,REG-02,2023-09-01,Consumer
CUST-03154,Sai Trivedi,Male,29,Nashik,REG-01,2024-02-05,Consumer
CUST-03155,Krishna Saxena,Male,22,Nagpur,REG-01,2025-05-17,Consumer
CUST-03156,Neha Deshmukh,Female,18,Ludhiana,REG-02,2024-08-13,Small Business
CUST-03157,Myra Kulkarni,Female,20,Bilaspur,REG-05,2023-07-08,Corporate
CUST-03158,Diya Bose,Female,35,Silchar,REG-06,2025-01-22,Small Business
CUST-03159,Swati Kulkarni,Female,48,Kanpur,REG-02,2025-10-06,Corporate
CUST-03160,Ishaan Nair,Male,37,Indore,REG-05,2024-06-04,Consumer
CUST-03161,Advik Kapoor,Male,27,Kanpur,REG-02,2024-12-25,Small Business
CUST-03162,Anand Choudhury,Male,39,Gwalior,REG-05,2024-02-11,Corporate
CUST-03163,Preeti Reddy,Female,28,Mysore,REG-03,2025-05-28,Consumer
CUST-03164,Simran Kulkarni,Female,26,Nagpur,REG-01,2024-09-05,Consumer
CUST-03165,Aarav Mishra,Male,21,Visakhapatnam,REG-03,2025-08-26,Consumer
CUST-03166,Deepak Bhat,Male,18,Raipur,REG-05,2024-05-14,Consumer
CUST-03167,Kavya Menon,Female,29,Cuttack,REG-04,2024-03-23,Consumer
CUST-03168,Diya Reddy,Female,35,Bilaspur,REG-05,2025-05-31,Small Business
CUST-03169,Preeti Rao,Female,32,Mumbai,REG-01,2024-09-17,Consumer
CUST-03170,Manish Verma,Male,29,Coimbatore,REG-03,2025-04-01,Consumer
CUST-03171,Saanvi Verma,Female,23,Chandigarh,REG-02,2023-12-19,Small Business
CUST-03172,Tanvi Gupta,Female,40,Visakhapatnam,REG-03,2025-07-04,Consumer
CUST-03173,Swati Singh,Female,19,Gwalior,REG-05,2024-10-06,Consumer
CUST-03174,Sara Malhotra,Female,42,Bangalore,REG-03,2024-05-09,Consumer
CUST-03175,Pranav Singh,Male,22,Jaipur,REG-02,2023-08-14,Consumer
CUST-03176,Anushka Aggarwal,Female,25,Coimbatore,REG-03,2024-12-04,Consumer
CUST-03177,Rohan Mehta,Male,18,Jaipur,REG-02,2024-04-09,Corporate
CUST-03178,Advaith Das,Male,28,Lucknow,REG-02,2024-04-03,Corporate
CUST-03179,Simran Menon,Female,44,Noida,REG-02,2023-07-25,Consumer
CUST-03180,Atharv Pillai,Male,39,Ahmedabad,REG-01,2025-04-01,Consumer
CUST-03181,Simran Nair,Female,44,Nagpur,REG-01,2025-02-17,Small Business
CUST-03182,Sara Mehta,Female,39,Cuttack,REG-04,2025-01-14,Consumer
CUST-03183,Pooja Aggarwal,Female,21,Mysore,REG-03,2024-08-22,Consumer
CUST-03184,Amit Menon,Male,30,Delhi,REG-02,2023-06-15,Consumer
CUST-03185,Aditya Kulkarni,Male,25,Coimbatore,REG-03,2024-12-05,Corporate
CUST-03186,Anand Reddy,Male,48,Howrah,REG-04,2023-03-06,Small Business
CUST-03187,Dhruv Kumar,Male,20,Chennai,REG-03,2025-05-01,Consumer
CUST-03188,Krishna Bose,Male,43,Ahmedabad,REG-01,2023-06-27,Consumer
CUST-03189,Sara Mukherjee,Female,43,Asansol,REG-04,2023-12-08,Corporate
CUST-03190,Vihaan Kumar,Male,54,Kolkata,REG-04,2025-11-18,Consumer
CUST-03191,Rajesh Kapoor,Male,29,Gurgaon,REG-02,2023-01-29,Consumer
CUST-03192,Kavya Pillai,Female,41,Nagpur,REG-01,2024-05-07,Consumer
CUST-03193,Swati Das,Female,59,Chennai,REG-03,2025-06-11,Corporate
CUST-03194,Diya Chopra,Female,27,Panaji,REG-01,2023-10-20,Small Business
CUST-03195,Anand Aggarwal,Male,18,Ranchi,REG-04,2024-04-11,Consumer
CUST-03196,Sai Menon,Male,18,Surat,REG-01,2023-03-20,Consumer
CUST-03197,Deepak Patel,Male,41,Hyderabad,REG-03,2023-04-28,Consumer
CUST-03198,Navya Bose,Female,18,Delhi,REG-02,2023-10-24,Consumer
CUST-03199,Navya Mehta,Female,29,Ahmedabad,REG-01,2025-08-23,Consumer
CUST-03200,Advik Deshmukh,Male,38,Pune,REG-01,2023-08-14,Consumer
CUST-03201,Aarav Choudhury,Male,36,Chandigarh,REG-02,2024-02-02,Corporate
CUST-03202,Anushka Gupta,Female,38,Kochi,REG-03,2025-06-11,Corporate
CUST-03203,Deepak Saxena,Male,36,Mumbai,REG-01,2023-11-18,Consumer
CUST-03204,Riya Mehta,Female,48,Chennai,REG-03,2024-10-18,Consumer
CUST-03205,Rahul Mehta,Male,23,Imphal,REG-06,2023-09-17,Consumer
CUST-03206,Myra Saxena,Female,26,Nashik,REG-01,2024-03-13,Corporate
CUST-03207,Gaurav Mukherjee,Male,25,Pune,REG-01,2023-04-20,Corporate
CUST-03208,Gaurav Das,Male,43,Pune,REG-01,2024-05-19,Consumer
CUST-03209,Aditi Chopra,Female,43,Ludhiana,REG-02,2025-06-10,Corporate
CUST-03210,Aarav Joshi,Male,38,Nashik,REG-01,2025-09-25,Consumer
CUST-03211,Sara Mishra,Female,47,Chennai,REG-03,2025-02-03,Corporate
CUST-03212,Krishna Chopra,Male,21,Ahmedabad,REG-01,2023-01-13,Consumer
CUST-03213,Meera Saxena,Female,52,Visakhapatnam,REG-03,2023-03-12,Corporate
CUST-03214,Diya Kapoor,Female,50,Delhi,REG-02,2023-12-15,Consumer
CUST-03215,Advaith Menon,Male,42,Lucknow,REG-02,2023-04-08,Consumer
CUST-03216,Meera Saxena,Female,53,Nagpur,REG-01,2025-07-29,Consumer
CUST-03217,Aditya Rao,Male,18,Patna,REG-04,2024-05-06,Corporate
CUST-03218,Aarohi Verma,Female,28,Surat,REG-01,2023-09-28,Consumer
CUST-03219,Karan Menon,Male,25,Lucknow,REG-02,2024-05-15,Consumer
CUST-03220,Rohan Iyer,Male,41,Mumbai,REG-01,2023-07-21,Consumer
CUST-03221,Pari Joshi,Female,22,Patna,REG-04,2023-03-06,Corporate
CUST-03222,Shreya Choudhury,Female,42,Nagpur,REG-01,2023-09-06,Corporate
CUST-03223,Navya Mukherjee,Female,49,Indore,REG-05,2023-06-26,Consumer
CUST-03224,Navya Choudhury,Female,41,Delhi,REG-02,2025-08-12,Corporate
CUST-03225,Diya Kapoor,Female,37,Visakhapatnam,REG-03,2024-01-13,Consumer
CUST-03226,Arjun Patel,Male,23,Noida,REG-02,2023-04-14,Small Business
CUST-03227,Avani Mehta,Female,24,Chandigarh,REG-02,2025-01-17,Corporate
CUST-03228,Amit Malhotra,Male,47,Mysore,REG-03,2023-08-02,Consumer
CUST-03229,Kabir Joshi,Male,42,Pune,REG-01,2023-06-14,Consumer
CUST-03230,Diya Joshi,Female,33,Jaipur,REG-02,2025-05-10,Consumer
CUST-03231,Advik Joshi,Male,29,Noida,REG-02,2024-01-17,Consumer
CUST-03232,Ayaan Deshmukh,Male,18,Noida,REG-02,2025-10-23,Consumer
CUST-03233,Preeti Mukherjee,Female,22,Panaji,REG-01,2025-03-31,Consumer
CUST-03234,Tanvi Pandey,Female,55,Ludhiana,REG-02,2024-03-24,Small Business
CUST-03235,Dhruv Gupta,Male,19,Lucknow,REG-02,2025-09-05,Corporate
CUST-03236,Aanya Kumar,Female,36,Patna,REG-04,2024-08-14,Consumer
CUST-03237,Diya Iyer,Female,45,Ranchi,REG-04,2023-12-27,Consumer
CUST-03238,Reyansh Sharma,Male,20,Noida,REG-02,2023-05-27,Corporate
CUST-03239,Vihaan Malhotra,Male,36,Noida,REG-02,2025-02-06,Consumer
CUST-03240,Vihaan Das,Male,44,Kanpur,REG-02,2024-02-29,Corporate
CUST-03241,Dhruv Sharma,Male,34,Jabalpur,REG-05,2024-10-03,Consumer
CUST-03242,Ira Pillai,Female,65,Visakhapatnam,REG-03,2023-02-14,Consumer
CUST-03243,Tanvi Reddy,Female,18,Vadodara,REG-01,2024-03-26,Consumer
CUST-03244,Deepika Reddy,Female,45,Lucknow,REG-02,2023-06-11,Corporate
CUST-03245,Pari Choudhury,Female,32,Dibrugarh,REG-06,2023-08-21,Consumer
CUST-03246,Deepak Verma,Male,42,Lucknow,REG-02,2024-07-27,Consumer
CUST-03247,Aanya Bose,Female,38,Howrah,REG-04,2023-10-25,Consumer
CUST-03248,Advaith Kumar,Male,25,Ahmedabad,REG-01,2024-07-29,Consumer
CUST-03249,Aarav Patel,Male,36,Visakhapatnam,REG-03,2025-03-31,Consumer
CUST-03250,Riya Chopra,Female,18,Coimbatore,REG-03,2025-09-04,Corporate
CUST-03251,Avani Das,Female,40,Mysore,REG-03,2023-11-27,Small Business
CUST-03252,Dhruv Mehta,Male,37,Nagpur,REG-01,2024-11-18,Small Business
CUST-03253,Manish Mehta,Male,41,Chennai,REG-03,2023-01-20,Consumer
CUST-03254,Amit Saxena,Male,45,Mysore,REG-03,2025-04-12,Corporate
CUST-03255,Pranav Gupta,Male,38,Patna,REG-04,2025-08-02,Small Business
CUST-03256,Atharv Deshmukh,Male,35,Howrah,REG-04,2025-04-28,Consumer
CUST-03257,Priyanka Mukherjee,Female,24,Pune,REG-01,2023-07-01,Consumer
CUST-03258,Sneha Mishra,Female,26,Cuttack,REG-04,2023-04-20,Consumer
CUST-03259,Pari Aggarwal,Female,47,Surat,REG-01,2023-01-27,Consumer
CUST-03260,Dhruv Joshi,Male,49,Ahmedabad,REG-01,2023-08-24,Consumer
CUST-03261,Anushka Gupta,Female,31,Noida,REG-02,2024-05-10,Consumer
CUST-03262,Sneha Chopra,Female,34,Delhi,REG-02,2023-04-03,Consumer
CUST-03263,Aanya Reddy,Female,24,Hyderabad,REG-03,2025-01-01,Corporate
CUST-03264,Nikhil Chopra,Male,46,Mysore,REG-03,2025-05-12,Small Business
CUST-03265,Navya Malhotra,Female,41,Chennai,REG-03,2023-11-10,Consumer
CUST-03266,Manish Gupta,Male,55,Hyderabad,REG-03,2023-10-25,Small Business
CUST-03267,Sunita Chopra,Female,24,Vadodara,REG-01,2023-05-23,Corporate
CUST-03268,Pari Chopra,Female,29,Chennai,REG-03,2024-06-04,Corporate
CUST-03269,Sunita Kumar,Female,36,Bhopal,REG-05,2024-01-09,Consumer
CUST-03270,Vivaan Mehta,Male,41,Ranchi,REG-04,2024-04-22,Consumer
CUST-03271,Krishna Mehta,Male,31,Howrah,REG-04,2024-05-30,Consumer
CUST-03272,Advik Gupta,Male,24,Cuttack,REG-04,2024-05-11,Consumer
CUST-03273,Riya Das,Female,43,Jaipur,REG-02,2023-04-05,Consumer
CUST-03274,Anand Iyer,Male,41,Ludhiana,REG-02,2023-10-05,Consumer
CUST-03275,Aanya Rao,Female,23,Silchar,REG-06,2023-12-27,Consumer
CUST-03276,Amit Menon,Male,48,Raipur,REG-05,2023-07-10,Consumer
CUST-03277,Aditya Trivedi,Male,46,Nashik,REG-01,2024-01-29,Small Business
CUST-03278,Dhruv Aggarwal,Male,35,Nashik,REG-01,2024-04-08,Consumer
CUST-03279,Anushka Shah,Female,34,Ahmedabad,REG-01,2023-12-18,Consumer
CUST-03280,Angel Mehta,Female,40,Cuttack,REG-04,2024-04-15,Corporate
CUST-03281,Anand Shah,Male,24,Surat,REG-01,2025-06-07,Consumer
CUST-03282,Aarohi Trivedi,Female,34,Coimbatore,REG-03,2024-08-17,Consumer
CUST-03283,Rohan Mishra,Male,18,Indore,REG-05,2023-03-05,Consumer
CUST-03284,Rajesh Pandey,Male,43,Kolkata,REG-04,2024-09-22,Consumer
CUST-03285,Abhishek Patel,Male,18,Nagpur,REG-01,2023-05-14,Small Business
CUST-03286,Krishna Sharma,Male,50,Coimbatore,REG-03,2023-07-31,Consumer
CUST-03287,Vikram Rao,Male,30,Chennai,REG-03,2024-01-30,Consumer
CUST-03288,Gaurav Kapoor,Male,31,Panaji,REG-01,2023-07-11,Consumer
CUST-03289,Sneha Shah,Female,27,Ranchi,REG-04,2023-06-05,Consumer
CUST-03290,Aadhya Sharma,Female,30,Mysore,REG-03,2025-02-24,Consumer
CUST-03291,Manish Pillai,Male,49,Hyderabad,REG-03,2023-03-14,Consumer
CUST-03292,Dhruv Bose,Male,18,Ranchi,REG-04,2025-05-17,Consumer
CUST-03293,Neha Joshi,Female,48,Nagpur,REG-01,2023-07-11,Consumer
CUST-03294,Aditya Kapoor,Male,37,Asansol,REG-04,2024-01-28,Consumer
CUST-03295,Vikram Saxena,Male,20,Vadodara,REG-01,2023-09-17,Consumer
CUST-03296,Ananya Iyer,Female,22,Nagpur,REG-01,2023-12-30,Consumer
CUST-03297,Pranav Gupta,Male,52,Vadodara,REG-01,2025-11-25,Consumer
CUST-03298,Ayaan Nair,Male,23,Panaji,REG-01,2023-07-29,Small Business
CUST-03299,Ira Mukherjee,Female,21,Raipur,REG-05,2023-03-18,Consumer
CUST-03300,Sara Saxena,Female,46,Chandigarh,REG-02,2024-05-25,Corporate
CUST-03301,Vikram Singh,Male,37,Mysore,REG-03,2023-02-12,Consumer
CUST-03302,Gaurav Pandey,Male,23,Panaji,REG-01,2023-12-01,Small Business
CUST-03303,Deepika Trivedi,Female,36,Ujjain,REG-05,2025-02-03,Consumer
CUST-03304,Swati Kulkarni,Female,22,Ujjain,REG-05,2023-01-17,Consumer
CUST-03305,Abhishek Das,Male,46,Jabalpur,REG-05,2024-08-03,Consumer
CUST-03306,Vihaan Pandey,Male,45,Jabalpur,REG-05,2024-11-03,Consumer
CUST-03307,Rajesh Rao,Male,39,Bangalore,REG-03,2023-03-19,Corporate
CUST-03308,Myra Nair,Female,37,Nashik,REG-01,2024-03-10,Small Business
CUST-03309,Pooja Choudhury,Other,53,Trivandrum,REG-03,2025-02-11,Consumer
CUST-03310,Advaith Pillai,Male,33,Coimbatore,REG-03,2025-07-24,Consumer
CUST-03311,Avani Aggarwal,Female,20,Bilaspur,REG-05,2023-02-15,Corporate
CUST-03312,Kavya Pillai,Female,38,Vadodara,REG-01,2025-06-20,Small Business
CUST-03313,Nikhil Gupta,Male,56,Bhubaneswar,REG-04,2025-07-06,Consumer
CUST-03314,Gaurav Joshi,Male,22,Jaipur,REG-02,2023-01-01,Consumer
CUST-03315,Manish Bhat,Male,30,Delhi,REG-02,2023-07-16,Consumer
CUST-03316,Angel Pillai,Female,38,Bilaspur,REG-05,2024-01-06,Consumer
CUST-03317,Sara Das,Female,33,Jabalpur,REG-05,2025-11-25,Consumer
CUST-03318,Swati Nair,Female,23,Delhi,REG-02,2024-11-17,Corporate
CUST-03319,Suresh Pillai,Male,46,Patna,REG-04,2025-09-19,Consumer
CUST-03320,Gaurav Aggarwal,Male,59,Bhubaneswar,REG-04,2023-12-31,Corporate
CUST-03321,Dhruv Pandey,Male,36,Cuttack,REG-04,2023-12-10,Corporate
CUST-03322,Aarohi Iyer,Female,24,Shillong,REG-06,2024-11-07,Consumer
CUST-03323,Preeti Reddy,Female,18,Visakhapatnam,REG-03,2025-05-26,Corporate
CUST-03324,Preeti Pandey,Female,36,Noida,REG-02,2025-04-22,Corporate
CUST-03325,Amit Iyer,Male,46,Trivandrum,REG-03,2023-04-17,Consumer
CUST-03326,Kabir Joshi,Male,39,Pune,REG-01,2023-02-14,Corporate
CUST-03327,Ananya Deshmukh,Female,33,Trivandrum,REG-03,2024-11-13,Consumer
CUST-03328,Deepika Gupta,Female,27,Vadodara,REG-01,2025-10-28,Corporate
CUST-03329,Karan Trivedi,Male,21,Ranchi,REG-04,2024-12-18,Consumer
CUST-03330,Aanya Trivedi,Female,43,Panaji,REG-01,2025-04-29,Consumer
CUST-03331,Meera Mukherjee,Female,44,Vadodara,REG-01,2024-07-30,Consumer
CUST-03332,Ira Bhat,Female,18,Ranchi,REG-04,2024-05-15,Consumer
CUST-03333,Shreya Singh,Female,51,Panaji,REG-01,2025-06-19,Consumer
CUST-03334,Suresh Pandey,Male,40,Kolkata,REG-04,2025-07-07,Corporate
CUST-03335,Sunita Deshmukh,Female,49,Jaipur,REG-02,2025-08-02,Consumer
CUST-03336,Anand Mukherjee,Male,19,Jabalpur,REG-05,2024-05-16,Small Business
CUST-03337,Shaurya Aggarwal,Male,18,Nashik,REG-01,2025-10-12,Consumer
CUST-03338,Nikhil Mishra,Male,32,Chandigarh,REG-02,2024-08-10,Consumer
CUST-03339,Simran Bhat,Female,39,Patna,REG-04,2024-12-26,Corporate
CUST-03340,Advaith Saxena,Male,53,Delhi,REG-02,2024-05-06,Consumer
CUST-03341,Rohan Kulkarni,Male,41,Chandigarh,REG-02,2023-11-04,Consumer
CUST-03342,Kavya Deshmukh,Female,31,Chandigarh,REG-02,2025-06-30,Consumer
CUST-03343,Aditya Chopra,Male,22,Asansol,REG-04,2024-03-01,Consumer
CUST-03344,Vikram Pillai,Male,47,Mumbai,REG-01,2023-04-06,Consumer
CUST-03345,Vivaan Saxena,Male,23,Kanpur,REG-02,2025-01-01,Corporate
CUST-03346,Manish Iyer,Male,51,Bhubaneswar,REG-04,2024-05-15,Consumer
CUST-03347,Myra Kapoor,Female,30,Mysore,REG-03,2024-05-18,Consumer
CUST-03348,Reyansh Mishra,Male,51,Trivandrum,REG-03,2025-05-30,Small Business
CUST-03349,Swati Shah,Female,41,Bangalore,REG-03,2023-03-17,Consumer
CUST-03350,Rahul Choudhury,Male,32,Mumbai,REG-01,2024-05-17,Corporate
CUST-03351,Tanvi Malhotra,Female,28,Kanpur,REG-02,2023-06-09,Consumer
CUST-03352,Priyanka Bhat,Female,30,Trivandrum,REG-03,2024-10-05,Small Business
CUST-03353,Vihaan Malhotra,Male,38,Gwalior,REG-05,2024-03-16,Corporate
CUST-03354,Deepak Nair,Male,34,Noida,REG-02,2024-09-30,Corporate
CUST-03355,Pranav Shah,Male,27,Nagpur,REG-01,2025-11-12,Consumer
CUST-03356,Manish Deshmukh,Male,32,Ranchi,REG-04,2025-03-29,Consumer
CUST-03357,Simran Bose,Female,34,Hyderabad,REG-03,2023-02-02,Corporate
CUST-03358,Sara Bose,Female,18,Jaipur,REG-02,2023-02-04,Consumer
CUST-03359,Angel Aggarwal,Female,39,Surat,REG-01,2024-04-19,Consumer
CUST-03360,Suresh Kumar,Male,23,Coimbatore,REG-03,2023-02-05,Consumer
CUST-03361,Shreya Reddy,Female,21,Trivandrum,REG-03,2023-12-24,Small Business
CUST-03362,Vivaan Joshi,Male,18,Pune,REG-01,2025-03-06,Consumer
CUST-03363,Ishaan Deshmukh,Male,18,Indore,REG-05,2023-07-04,Consumer
CUST-03364,Sneha Chopra,Female,19,Nashik,REG-01,2024-09-04,Corporate
CUST-03365,Saanvi Gupta,Female,26,Chandigarh,REG-02,2024-07-31,Consumer
CUST-03366,Meera Mishra,Female,55,Kochi,REG-03,2025-10-30,Consumer
CUST-03367,Atharv Patel,Male,28,Trivandrum,REG-03,2025-04-27,Consumer
CUST-03368,Riya Kulkarni,Female,35,Lucknow,REG-02,2023-07-04,Small Business
CUST-03369,Aadhya Bhat,Female,38,Bangalore,REG-03,2023-10-17,Consumer
CUST-03370,Krishna Trivedi,Male,35,Imphal,REG-06,2024-10-13,Consumer
CUST-03371,Reyansh Das,Male,33,Ujjain,REG-05,2025-01-16,Consumer
CUST-03372,Riya Rao,Female,20,Mysore,REG-03,2023-04-29,Corporate
CUST-03373,Anushka Trivedi,Female,49,Chennai,REG-03,2023-12-16,Small Business
CUST-03374,Ira Chopra,Female,53,Noida,REG-02,2025-02-10,Consumer
CUST-03375,Pari Gupta,Female,18,Chennai,REG-03,2024-03-27,Consumer
CUST-03376,Neha Patel,Female,22,Bangalore,REG-03,2023-04-24,Small Business
CUST-03377,Aadhya Pandey,Female,30,Kanpur,REG-02,2024-01-23,Consumer
CUST-03378,Simran Kumar,Female,23,Gurgaon,REG-02,2023-07-30,Consumer
CUST-03379,Neha Deshmukh,Female,39,Patna,REG-04,2023-04-17,Corporate
CUST-03380,Aarohi Kumar,Female,25,Panaji,REG-01,2023-11-13,Consumer
CUST-03381,Aditya Patel,Male,57,Kanpur,REG-02,2023-06-30,Consumer
CUST-03382,Abhishek Kapoor,Male,47,Lucknow,REG-02,2023-04-21,Small Business
CUST-03383,Vivaan Gupta,Male,36,Vadodara,REG-01,2024-08-30,Consumer
CUST-03384,Aditya Malhotra,Male,45,Kolkata,REG-04,2025-04-14,Consumer
CUST-03385,Shreya Menon,Female,46,Ludhiana,REG-02,2025-04-13,Corporate
CUST-03386,Navya Choudhury,Female,27,Bhubaneswar,REG-04,2024-09-13,Consumer
CUST-03387,Pari Das,Female,25,Hyderabad,REG-03,2025-04-12,Small Business
CUST-03388,Priyanka Nair,Female,34,Delhi,REG-02,2025-05-03,Consumer
CUST-03389,Vikram Shah,Male,43,Kolkata,REG-04,2023-02-16,Consumer
CUST-03390,Suresh Choudhury,Male,35,Kanpur,REG-02,2023-07-11,Consumer
CUST-03391,Sunita Pandey,Female,18,Bilaspur,REG-05,2023-09-29,Consumer
CUST-03392,Rajesh Choudhury,Male,25,Ahmedabad,REG-01,2025-05-04,Corporate
CUST-03393,Ananya Malhotra,Female,33,Nashik,REG-01,2024-12-29,Small Business
CUST-03394,Amit Saxena,Male,33,Kanpur,REG-02,2023-10-27,Consumer
CUST-03395,Krishna Kulkarni,Male,55,Chennai,REG-03,2023-01-08,Consumer
CUST-03396,Ananya Malhotra,Female,18,Howrah,REG-04,2024-12-21,Consumer
CUST-03397,Pooja Kapoor,Female,39,Lucknow,REG-02,2023-11-20,Consumer
CUST-03398,Amit Malhotra,Male,50,Chandigarh,REG-02,2024-11-26,Consumer
CUST-03399,Angel Saxena,Female,58,Nashik,REG-01,2023-09-08,Consumer
CUST-03400,Ishaan Chopra,Male,29,Mumbai,REG-01,2024-11-09,Consumer
CUST-03401,Deepak Saxena,Male,39,Hyderabad,REG-03,2025-11-22,Consumer
CUST-03402,Aanya Iyer,Female,40,Hyderabad,REG-03,2024-01-08,Consumer
CUST-03403,Atharv Mishra,Male,36,Ludhiana,REG-02,2024-06-23,Consumer
CUST-03404,Anushka Das,Female,32,Guwahati,REG-06,2023-02-17,Consumer
CUST-03405,Kabir Choudhury,Male,38,Mysore,REG-03,2025-06-11,Consumer
CUST-03406,Anika Verma,Female,18,Nagpur,REG-01,2024-11-05,Consumer
CUST-03407,Rajesh Singh,Male,41,Nashik,REG-01,2025-11-07,Small Business
CUST-03408,Abhishek Bose,Male,35,Lucknow,REG-02,2023-06-01,Consumer
CUST-03409,Aanya Mukherjee,Female,31,Hyderabad,REG-03,2023-02-17,Corporate
CUST-03410,Shreya Choudhury,Other,56,Gwalior,REG-05,2025-02-21,Consumer
CUST-03411,Gaurav Pillai,Male,26,Ludhiana,REG-02,2023-06-13,Corporate
CUST-03412,Anika Bhat,Female,29,Panaji,REG-01,2023-09-06,Corporate
CUST-03413,Preeti Bhat,Female,55,Mysore,REG-03,2024-05-18,Consumer
CUST-03414,Neha Iyer,Female,24,Noida,REG-02,2024-06-15,Consumer
CUST-03415,Aanya Joshi,Female,27,Nashik,REG-01,2023-09-20,Consumer
CUST-03416,Sunita Patel,Female,32,Imphal,REG-06,2025-08-29,Consumer
CUST-03417,Rahul Chopra,Male,43,Patna,REG-04,2025-03-17,Consumer
CUST-03418,Angel Mishra,Female,36,Trivandrum,REG-03,2025-04-27,Corporate
CUST-03419,Suresh Malhotra,Male,19,Ahmedabad,REG-01,2025-01-22,Corporate
CUST-03420,Pooja Malhotra,Female,28,Ahmedabad,REG-01,2023-12-04,Consumer
CUST-03421,Tanvi Menon,Female,27,Surat,REG-01,2023-11-12,Consumer
CUST-03422,Pranav Trivedi,Male,33,Mysore,REG-03,2025-05-24,Consumer
CUST-03423,Gaurav Mukherjee,Male,38,Trivandrum,REG-03,2025-10-11,Consumer
CUST-03424,Ira Nair,Female,38,Lucknow,REG-02,2025-09-09,Small Business
CUST-03425,Neha Chopra,Female,18,Ranchi,REG-04,2024-11-16,Consumer
CUST-03426,Amit Gupta,Male,45,Nashik,REG-01,2024-10-22,Corporate
CUST-03427,Anushka Chopra,Female,36,Hyderabad,REG-03,2025-10-27,Consumer
CUST-03428,Rohan Aggarwal,Male,49,Chandigarh,REG-02,2023-06-28,Small Business
CUST-03429,Amit Iyer,Male,38,Imphal,REG-06,2023-11-17,Consumer
CUST-03430,Vihaan Pandey,Male,46,Kolkata,REG-04,2025-10-06,Consumer
CUST-03431,Krishna Das,Male,39,Jaipur,REG-02,2023-05-28,Corporate
CUST-03432,Kavya Iyer,Female,48,Gwalior,REG-05,2025-04-05,Consumer
CUST-03433,Navya Shah,Female,39,Asansol,REG-04,2023-04-13,Consumer
CUST-03434,Manish Bhat,Male,32,Kolkata,REG-04,2023-08-14,Consumer
CUST-03435,Vivaan Patel,Male,58,Bhubaneswar,REG-04,2025-08-31,Consumer
CUST-03436,Deepak Nair,Male,43,Vadodara,REG-01,2024-03-16,Consumer
CUST-03437,Pari Kulkarni,Female,40,Delhi,REG-02,2025-11-30,Corporate
CUST-03438,Suresh Verma,Male,19,Dibrugarh,REG-06,2025-11-02,Small Business
CUST-03439,Rajesh Gupta,Male,19,Vadodara,REG-01,2023-01-11,Consumer
CUST-03440,Preeti Reddy,Female,37,Lucknow,REG-02,2025-02-06,Corporate
CUST-03441,Ira Choudhury,Female,35,Mysore,REG-03,2024-10-30,Consumer
CUST-03442,Aarav Joshi,Male,27,Ahmedabad,REG-01,2025-03-15,Consumer
CUST-03443,Riya Mishra,Female,35,Kanpur,REG-02,2023-10-10,Consumer
CUST-03444,Shaurya Choudhury,Male,51,Vadodara,REG-01,2023-05-09,Consumer
CUST-03445,Anushka Bhat,Female,41,Bhubaneswar,REG-04,2025-04-17,Consumer
CUST-03446,Shreya Singh,Female,21,Bhubaneswar,REG-04,2023-03-29,Consumer
CUST-03447,Abhishek Joshi,Male,32,Dibrugarh,REG-06,2024-03-21,Consumer
CUST-03448,Shreya Kulkarni,Female,25,Jaipur,REG-02,2023-10-12,Consumer
CUST-03449,Sai Mukherjee,Male,29,Jaipur,REG-02,2025-03-25,Consumer
CUST-03450,Ishaan Choudhury,Male,29,Ludhiana,REG-02,2023-02-15,Corporate
CUST-03451,Aadhya Malhotra,Female,28,Cuttack,REG-04,2023-07-24,Consumer
CUST-03452,Dhruv Joshi,Male,20,Gurgaon,REG-02,2024-07-21,Consumer
CUST-03453,Priyanka Menon,Female,32,Surat,REG-01,2023-07-25,Consumer
CUST-03454,Rohan Kumar,Male,27,Kochi,REG-03,2025-11-25,Corporate
CUST-03455,Rahul Kulkarni,Male,18,Ludhiana,REG-02,2025-06-08,Consumer
CUST-03456,Neha Trivedi,Female,56,Mumbai,REG-01,2025-01-10,Consumer
CUST-03457,Angel Kapoor,Female,45,Patna,REG-04,2024-09-18,Consumer
CUST-03458,Pooja Kulkarni,Female,29,Chennai,REG-03,2024-11-19,Corporate
CUST-03459,Pari Singh,Female,34,Asansol,REG-04,2024-06-28,Corporate
CUST-03460,Aanya Kulkarni,Female,21,Lucknow,REG-02,2024-09-03,Corporate
CUST-03461,Atharv Pillai,Male,52,Noida,REG-02,2023-04-15,Consumer
CUST-03462,Shaurya Kapoor,Male,54,Ludhiana,REG-02,2024-04-13,Corporate
CUST-03463,Angel Reddy,Female,35,Coimbatore,REG-03,2025-09-17,Consumer
CUST-03464,Atharv Deshmukh,Male,45,Agartala,REG-06,2025-04-01,Consumer
CUST-03465,Krishna Kapoor,Male,35,Dibrugarh,REG-06,2025-09-26,Consumer
CUST-03466,Shaurya Trivedi,Male,19,Visakhapatnam,REG-03,2024-03-14,Consumer
CUST-03467,Ayaan Mishra,Male,29,Panaji,REG-01,2025-02-02,Consumer
CUST-03468,Nikhil Malhotra,Male,35,Asansol,REG-04,2024-12-05,Consumer
CUST-03469,Simran Kulkarni,Female,28,Noida,REG-02,2025-04-17,Consumer
CUST-03470,Abhishek Shah,Male,31,Coimbatore,REG-03,2023-08-29,Corporate
CUST-03471,Ayaan Gupta,Male,32,Howrah,REG-04,2024-09-10,Consumer
CUST-03472,Advaith Mehta,Male,33,Nashik,REG-01,2023-07-16,Consumer
CUST-03473,Shreya Pillai,Female,34,Kochi,REG-03,2024-08-18,Consumer
CUST-03474,Shaurya Pillai,Male,22,Delhi,REG-02,2025-11-27,Consumer
CUST-03475,Ishaan Joshi,Male,26,Ranchi,REG-04,2023-03-17,Consumer
CUST-03476,Vikram Pandey,Male,19,Delhi,REG-02,2023-06-09,Consumer
CUST-03477,Saanvi Malhotra,Female,44,Ujjain,REG-05,2023-08-03,Consumer
CUST-03478,Advik Deshmukh,Male,18,Coimbatore,REG-03,2023-03-10,Consumer
CUST-03479,Vikram Kumar,Male,46,Agartala,REG-06,2024-10-04,Consumer
CUST-03480,Suresh Singh,Male,49,Panaji,REG-01,2024-04-29,Consumer
CUST-03481,Swati Pillai,Female,30,Kanpur,REG-02,2024-05-26,Consumer
CUST-03482,Pranav Kulkarni,Male,18,Agartala,REG-06,2024-12-30,Consumer
CUST-03483,Aanya Kulkarni,Female,30,Ahmedabad,REG-01,2023-09-30,Consumer
CUST-03484,Nikhil Patel,Male,33,Shillong,REG-06,2024-12-08,Corporate
CUST-03485,Priyanka Sharma,Female,22,Surat,REG-01,2023-04-07,Consumer
CUST-03486,Diya Kumar,Female,28,Coimbatore,REG-03,2024-04-09,Consumer
CUST-03487,Swati Reddy,Female,50,Kanpur,REG-02,2025-06-23,Corporate
CUST-03488,Anushka Nair,Female,41,Bangalore,REG-03,2024-02-06,Consumer
CUST-03489,Sunita Malhotra,Female,23,Mumbai,REG-01,2025-07-23,Consumer
CUST-03490,Atharv Menon,Male,18,Mysore,REG-03,2023-11-11,Consumer
CUST-03491,Sai Mishra,Male,30,Kanpur,REG-02,2024-04-30,Corporate
CUST-03492,Rahul Nair,Male,31,Asansol,REG-04,2023-05-20,Consumer
CUST-03493,Nikhil Bhat,Male,39,Noida,REG-02,2023-07-01,Corporate
CUST-03494,Anika Saxena,Female,28,Kolkata,REG-04,2024-06-24,Consumer
CUST-03495,Karan Kumar,Male,39,Kolkata,REG-04,2023-08-10,Consumer
CUST-03496,Pooja Pillai,Female,55,Patna,REG-04,2024-11-13,Corporate
CUST-03497,Ira Menon,Female,42,Ranchi,REG-04,2024-06-24,Consumer
CUST-03498,Deepak Joshi,Male,33,Patna,REG-04,2025-02-06,Consumer
CUST-03499,Ishaan Shah,Male,31,Pune,REG-01,2024-12-02,Consumer
CUST-03500,Advaith Gupta,Male,30,Bangalore,REG-03,2024-11-23,Consumer
CUST-03501,Gaurav Kapoor,Male,46,Chennai,REG-03,2024-03-19,Consumer
CUST-03502,Kavya Bhat,Female,27,Noida,REG-02,2024-07-26,Corporate
CUST-03503,Angel Bose,Female,34,Hyderabad,REG-03,2023-02-27,Small Business
CUST-03504,Kabir Reddy,Male,34,Panaji,REG-01,2024-06-30,Small Business
CUST-03505,Aarohi Kumar,Female,28,Lucknow,REG-02,2025-03-08,Consumer
CUST-03506,Dhruv Trivedi,Male,18,Bhubaneswar,REG-04,2025-08-17,Small Business
CUST-03507,Rahul Sharma,Male,37,Dibrugarh,REG-06,2025-09-16,Consumer
CUST-03508,Navya Menon,Female,33,Gurgaon,REG-02,2025-02-03,Consumer
CUST-03509,Dhruv Aggarwal,Male,39,Bilaspur,REG-05,2025-05-02,Consumer
CUST-03510,Arjun Verma,Male,28,Kanpur,REG-02,2023-04-12,Consumer
CUST-03511,Advik Pandey,Male,47,Bangalore,REG-03,2024-04-08,Corporate
CUST-03512,Ira Mishra,Female,24,Jaipur,REG-02,2025-03-31,Consumer
CUST-03513,Ishaan Mehta,Male,52,Chennai,REG-03,2025-04-01,Consumer
CUST-03514,Shreya Menon,Female,18,Mumbai,REG-01,2025-03-03,Corporate
CUST-03515,Rajesh Pillai,Male,38,Nashik,REG-01,2023-02-01,Consumer
CUST-03516,Gaurav Malhotra,Male,39,Dibrugarh,REG-06,2025-07-11,Consumer
CUST-03517,Aditya Choudhury,Male,25,Gwalior,REG-05,2023-07-24,Consumer
CUST-03518,Ishaan Pillai,Other,38,Delhi,REG-02,2025-08-04,Consumer
CUST-03519,Shaurya Shah,Male,48,Surat,REG-01,2025-03-26,Corporate
CUST-03520,Myra Kumar,Female,18,Delhi,REG-02,2023-10-15,Consumer
CUST-03521,Manish Shah,Male,39,Cuttack,REG-04,2025-11-10,Consumer
CUST-03522,Sneha Sharma,Female,18,Surat,REG-01,2024-02-12,Corporate
CUST-03523,Ayaan Menon,Male,23,Coimbatore,REG-03,2024-01-29,Consumer
CUST-03524,Aadhya Sharma,Female,51,Ludhiana,REG-02,2024-05-05,Corporate
CUST-03525,Aditya Kulkarni,Male,27,Chandigarh,REG-02,2025-02-11,Consumer
CUST-03526,Anushka Joshi,Female,21,Ahmedabad,REG-01,2023-06-16,Consumer
CUST-03527,Tanvi Patel,Female,31,Surat,REG-01,2024-01-23,Consumer
CUST-03528,Kabir Kapoor,Male,56,Visakhapatnam,REG-03,2023-01-25,Small Business
CUST-03529,Nikhil Mishra,Male,18,Chennai,REG-03,2025-10-06,Small Business
CUST-03530,Dhruv Aggarwal,Male,22,Mumbai,REG-01,2024-12-08,Consumer
CUST-03531,Vivaan Trivedi,Male,50,Chennai,REG-03,2023-09-23,Consumer
CUST-03532,Ira Sharma,Female,54,Kanpur,REG-02,2024-06-02,Consumer
CUST-03533,Amit Kapoor,Male,32,Mysore,REG-03,2024-03-03,Consumer
CUST-03534,Krishna Mehta,Male,20,Ranchi,REG-04,2025-04-06,Consumer
CUST-03535,Kavya Mishra,Female,57,Nagpur,REG-01,2024-07-27,Consumer
CUST-03536,Amit Pandey,Male,51,Cuttack,REG-04,2025-07-20,Consumer
CUST-03537,Navya Pandey,Female,41,Nashik,REG-01,2024-04-29,Consumer
CUST-03538,Krishna Pillai,Male,25,Howrah,REG-04,2025-07-13,Consumer
CUST-03539,Riya Trivedi,Female,33,Agartala,REG-06,2023-08-27,Corporate
CUST-03540,Krishna Trivedi,Male,32,Bangalore,REG-03,2024-09-13,Consumer
CUST-03541,Sneha Saxena,Other,37,Pune,REG-01,2023-07-09,Small Business
CUST-03542,Karan Chopra,Male,49,Indore,REG-05,2025-09-17,Consumer
CUST-03543,Preeti Pillai,Female,43,Raipur,REG-05,2024-09-04,Corporate
CUST-03544,Vihaan Mehta,Male,22,Nashik,REG-01,2025-08-26,Consumer
CUST-03545,Sara Iyer,Female,49,Mysore,REG-03,2025-05-06,Consumer
CUST-03546,Rahul Saxena,Male,37,Gurgaon,REG-02,2025-03-04,Consumer
CUST-03547,Kabir Chopra,Male,41,Delhi,REG-02,2024-02-21,Consumer
CUST-03548,Angel Malhotra,Female,50,Jaipur,REG-02,2025-05-03,Consumer
CUST-03549,Manish Pillai,Male,21,Patna,REG-04,2025-04-15,Consumer
CUST-03550,Deepak Mukherjee,Male,33,Ranchi,REG-04,2023-03-11,Consumer
CUST-03551,Sunita Deshmukh,Female,28,Jabalpur,REG-05,2025-02-06,Consumer
CUST-03552,Anika Pillai,Female,18,Trivandrum,REG-03,2023-10-23,Consumer
CUST-03553,Rahul Kumar,Male,37,Ujjain,REG-05,2025-06-28,Consumer
CUST-03554,Aanya Deshmukh,Female,61,Bhubaneswar,REG-04,2023-09-10,Consumer
CUST-03555,Pari Kumar,Female,18,Bangalore,REG-03,2025-04-13,Consumer
CUST-03556,Swati Kumar,Female,33,Gurgaon,REG-02,2024-04-19,Consumer
CUST-03557,Navya Verma,Female,41,Patna,REG-04,2024-04-15,Consumer
CUST-03558,Rajesh Bose,Male,35,Kolkata,REG-04,2025-02-12,Consumer
CUST-03559,Anushka Reddy,Female,32,Bangalore,REG-03,2025-03-27,Consumer
CUST-03560,Anika Chopra,Female,19,Kanpur,REG-02,2024-10-23,Corporate
CUST-03561,Aadhya Singh,Female,36,Kochi,REG-03,2025-09-14,Consumer
CUST-03562,Rajesh Bose,Male,25,Raipur,REG-05,2024-06-03,Consumer
CUST-03563,Myra Iyer,Female,18,Mysore,REG-03,2024-05-17,Consumer
CUST-03564,Deepika Menon,Female,47,Cuttack,REG-04,2023-01-21,Consumer
CUST-03565,Ishaan Trivedi,Male,44,Mumbai,REG-01,2024-10-25,Consumer
CUST-03566,Nikhil Iyer,Male,34,Agartala,REG-06,2024-11-13,Corporate
CUST-03567,Karan Mukherjee,Male,36,Visakhapatnam,REG-03,2025-03-23,Consumer
CUST-03568,Ayaan Choudhury,Male,45,Hyderabad,REG-03,2023-12-12,Consumer
CUST-03569,Swati Kulkarni,Female,36,Pune,REG-01,2024-10-29,Consumer
CUST-03570,Swati Gupta,Female,43,Silchar,REG-06,2023-09-27,Consumer
CUST-03571,Kabir Menon,Male,30,Visakhapatnam,REG-03,2024-02-20,Corporate
CUST-03572,Angel Saxena,Female,48,Vadodara,REG-01,2025-01-11,Corporate
CUST-03573,Gaurav Mehta,Male,37,Kanpur,REG-02,2024-09-26,Consumer
CUST-03574,Ayaan Gupta,Male,36,Cuttack,REG-04,2025-11-03,Consumer
CUST-03575,Shaurya Patel,Male,20,Patna,REG-04,2025-09-25,Consumer
CUST-03576,Ananya Sharma,Female,37,Ahmedabad,REG-01,2023-01-08,Consumer
CUST-03577,Sara Iyer,Female,24,Chandigarh,REG-02,2023-05-17,Consumer
CUST-03578,Priyanka Singh,Female,26,Chennai,REG-03,2023-04-24,Corporate
CUST-03579,Pranav Singh,Male,25,Raipur,REG-05,2023-02-06,Corporate
CUST-03580,Advik Malhotra,Male,22,Visakhapatnam,REG-03,2024-06-01,Consumer
CUST-03581,Navya Mishra,Female,57,Kolkata,REG-04,2025-09-12,Consumer
CUST-03582,Diya Choudhury,Female,48,Kochi,REG-03,2024-02-18,Consumer
CUST-03583,Sneha Kulkarni,Female,55,Surat,REG-01,2024-03-18,Consumer
CUST-03584,Saanvi Mukherjee,Female,20,Pune,REG-01,2024-06-15,Consumer
CUST-03585,Ananya Reddy,Female,34,Nashik,REG-01,2023-06-04,Consumer
CUST-03586,Myra Bhat,Female,19,Cuttack,REG-04,2025-07-31,Consumer
CUST-03587,Manish Mehta,Male,26,Visakhapatnam,REG-03,2025-09-16,Consumer
CUST-03588,Arjun Joshi,Male,23,Ahmedabad,REG-01,2023-04-05,Consumer
CUST-03589,Pooja Choudhury,Female,47,Patna,REG-04,2024-05-02,Consumer
CUST-03590,Rahul Deshmukh,Male,29,Ujjain,REG-05,2024-07-04,Consumer
CUST-03591,Tanvi Kulkarni,Female,45,Hyderabad,REG-03,2023-07-31,Consumer
CUST-03592,Deepika Shah,Female,40,Jaipur,REG-02,2023-09-13,Consumer
CUST-03593,Aditi Das,Female,59,Chennai,REG-03,2024-08-01,Consumer
CUST-03594,Sunita Saxena,Female,18,Ludhiana,REG-02,2024-09-11,Consumer
CUST-03595,Rajesh Iyer,Male,47,Raipur,REG-05,2025-08-15,Corporate
CUST-03596,Pari Bose,Female,46,Pune,REG-01,2025-11-25,Small Business
CUST-03597,Aditya Kumar,Male,23,Ludhiana,REG-02,2025-07-09,Consumer
CUST-03598,Kavya Aggarwal,Female,45,Ranchi,REG-04,2023-12-18,Corporate
CUST-03599,Reyansh Kapoor,Male,37,Jaipur,REG-02,2024-09-15,Consumer
CUST-03600,Dhruv Kumar,Male,31,Trivandrum,REG-03,2025-01-11,Consumer
CUST-03601,Advik Menon,Male,24,Bhubaneswar,REG-04,2024-04-01,Corporate
CUST-03602,Deepika Verma,Female,26,Gwalior,REG-05,2023-04-07,Corporate
CUST-03603,Deepak Rao,Male,56,Coimbatore,REG-03,2023-09-14,Consumer
CUST-03604,Kavya Verma,Female,34,Bangalore,REG-03,2024-08-10,Consumer
CUST-03605,Suresh Joshi,Male,42,Visakhapatnam,REG-03,2025-04-30,Consumer
CUST-03606,Ira Bose,Female,25,Howrah,REG-04,2023-10-11,Consumer
CUST-03607,Arjun Shah,Male,25,Nagpur,REG-01,2024-04-17,Consumer
CUST-03608,Anushka Nair,Female,45,Bilaspur,REG-05,2023-05-01,Small Business
CUST-03609,Ananya Deshmukh,Female,19,Pune,REG-01,2025-07-31,Consumer
CUST-03610,Ishaan Shah,Male,29,Nashik,REG-01,2024-11-03,Consumer
CUST-03611,Saanvi Trivedi,Female,34,Pune,REG-01,2024-06-28,Consumer
CUST-03612,Navya Gupta,Female,35,Silchar,REG-06,2024-07-12,Consumer
CUST-03613,Sai Pillai,Male,32,Kochi,REG-03,2024-10-23,Consumer
CUST-03614,Swati Aggarwal,Female,38,Visakhapatnam,REG-03,2023-06-18,Small Business
CUST-03615,Vikram Sharma,Male,41,Patna,REG-04,2025-06-02,Corporate
CUST-03616,Ishaan Deshmukh,Male,42,Patna,REG-04,2025-04-04,Consumer
CUST-03617,Reyansh Singh,Male,23,Bangalore,REG-03,2023-03-19,Consumer
CUST-03618,Kavya Iyer,Female,30,Jabalpur,REG-05,2023-05-19,Corporate
CUST-03619,Diya Singh,Female,47,Ludhiana,REG-02,2024-05-25,Corporate
CUST-03620,Myra Nair,Female,43,Bangalore,REG-03,2024-08-04,Consumer
CUST-03621,Advik Das,Male,18,Hyderabad,REG-03,2023-05-06,Corporate
CUST-03622,Atharv Saxena,Male,37,Gwalior,REG-05,2024-04-05,Consumer
CUST-03623,Ayaan Malhotra,Male,18,Bangalore,REG-03,2024-07-21,Consumer
CUST-03624,Nikhil Malhotra,Male,34,Hyderabad,REG-03,2024-12-11,Consumer
CUST-03625,Suresh Reddy,Male,54,Lucknow,REG-02,2024-05-23,Corporate
CUST-03626,Aarohi Trivedi,Female,23,Mumbai,REG-01,2025-09-12,Consumer
CUST-03627,Amit Trivedi,Male,24,Indore,REG-05,2023-04-14,Consumer
CUST-03628,Ishaan Mehta,Male,42,Indore,REG-05,2024-08-23,Corporate
CUST-03629,Saanvi Kapoor,Female,18,Mysore,REG-03,2024-01-26,Consumer
CUST-03630,Vivaan Reddy,Male,27,Mumbai,REG-01,2024-10-25,Small Business
CUST-03631,Arjun Reddy,Male,40,Bhubaneswar,REG-04,2023-07-16,Corporate
CUST-03632,Aditya Joshi,Male,27,Agartala,REG-06,2025-10-18,Consumer
CUST-03633,Angel Kapoor,Female,31,Guwahati,REG-06,2024-07-13,Consumer
CUST-03634,Simran Malhotra,Female,42,Mysore,REG-03,2025-03-16,Consumer
CUST-03635,Vikram Kumar,Male,38,Jaipur,REG-02,2023-06-29,Consumer
CUST-03636,Rajesh Pandey,Male,36,Nashik,REG-01,2025-11-24,Consumer
CUST-03637,Ayaan Pandey,Male,30,Agartala,REG-06,2023-02-13,Consumer
CUST-03638,Meera Aggarwal,Female,38,Chandigarh,REG-02,2023-05-21,Consumer
CUST-03639,Aarohi Chopra,Female,32,Asansol,REG-04,2024-10-05,Consumer
CUST-03640,Sunita Shah,Female,39,Lucknow,REG-02,2023-12-22,Small Business
CUST-03641,Ananya Nair,Female,28,Delhi,REG-02,2025-05-31,Consumer
CUST-03642,Karan Mishra,Male,31,Panaji,REG-01,2025-06-04,Consumer
CUST-03643,Karan Menon,Male,23,Nagpur,REG-01,2023-05-30,Consumer
CUST-03644,Vivaan Chopra,Male,33,Trivandrum,REG-03,2025-10-22,Corporate
CUST-03645,Kavya Das,Female,25,Noida,REG-02,2024-09-18,Consumer
CUST-03646,Pranav Sharma,Male,21,Gwalior,REG-05,2023-03-28,Corporate
CUST-03647,Aarohi Verma,Female,36,Vadodara,REG-01,2025-05-05,Corporate
CUST-03648,Meera Gupta,Female,36,Visakhapatnam,REG-03,2025-11-17,Consumer
CUST-03649,Pooja Das,Female,42,Vadodara,REG-01,2025-03-11,Consumer
CUST-03650,Ayaan Rao,Male,29,Trivandrum,REG-03,2025-11-06,Consumer
CUST-03651,Sara Patel,Female,38,Mysore,REG-03,2025-05-11,Small Business
CUST-03652,Atharv Kapoor,Male,40,Nagpur,REG-01,2024-11-15,Small Business
CUST-03653,Pooja Menon,Female,38,Nashik,REG-01,2023-12-27,Consumer
CUST-03654,Arjun Aggarwal,Male,24,Bangalore,REG-03,2023-08-18,Consumer
CUST-03655,Diya Deshmukh,Female,35,Surat,REG-01,2025-07-27,Consumer
CUST-03656,Aarav Deshmukh,Male,38,Bangalore,REG-03,2024-03-30,Consumer
CUST-03657,Advaith Trivedi,Male,34,Mysore,REG-03,2023-07-31,Consumer
CUST-03658,Ishaan Das,Male,18,Trivandrum,REG-03,2025-08-03,Corporate
CUST-03659,Dhruv Nair,Male,35,Trivandrum,REG-03,2025-02-15,Consumer
CUST-03660,Avani Joshi,Female,58,Panaji,REG-01,2025-10-03,Corporate
CUST-03661,Ishaan Joshi,Male,30,Jaipur,REG-02,2025-01-18,Corporate
CUST-03662,Ishaan Reddy,Male,25,Bhopal,REG-05,2025-10-28,Consumer
CUST-03663,Avani Gupta,Female,38,Hyderabad,REG-03,2023-02-03,Consumer
CUST-03664,Kabir Pandey,Male,37,Imphal,REG-06,2024-11-09,Corporate
CUST-03665,Nikhil Kulkarni,Male,47,Ranchi,REG-04,2024-05-10,Consumer
CUST-03666,Advik Kulkarni,Male,20,Visakhapatnam,REG-03,2023-08-10,Consumer
CUST-03667,Pranav Mehta,Male,42,Ludhiana,REG-02,2023-11-11,Consumer
CUST-03668,Krishna Malhotra,Male,40,Panaji,REG-01,2024-08-17,Consumer
CUST-03669,Vivaan Chopra,Male,32,Delhi,REG-02,2025-11-04,Small Business
CUST-03670,Shreya Pillai,Female,37,Kochi,REG-03,2025-10-12,Consumer
CUST-03671,Kabir Bhat,Male,45,Coimbatore,REG-03,2025-02-12,Consumer
CUST-03672,Reyansh Saxena,Male,43,Bhubaneswar,REG-04,2024-05-24,Consumer
CUST-03673,Aanya Sharma,Female,21,Pune,REG-01,2024-08-19,Consumer
CUST-03674,Ishaan Das,Male,43,Bhopal,REG-05,2025-10-04,Consumer
CUST-03675,Aarohi Deshmukh,Female,33,Silchar,REG-06,2025-04-25,Consumer
CUST-03676,Nikhil Bose,Male,34,Nashik,REG-01,2024-02-03,Consumer
CUST-03677,Aditi Bose,Female,34,Panaji,REG-01,2023-11-14,Consumer
CUST-03678,Advik Verma,Male,32,Ahmedabad,REG-01,2024-05-26,Consumer
CUST-03679,Ishaan Verma,Male,47,Ludhiana,REG-02,2025-07-13,Corporate
CUST-03680,Aarohi Kumar,Female,33,Jaipur,REG-02,2025-11-28,Consumer
CUST-03681,Krishna Mehta,Male,21,Ujjain,REG-05,2023-12-06,Corporate
CUST-03682,Deepak Sharma,Male,29,Kanpur,REG-02,2025-04-04,Consumer
CUST-03683,Aditi Mehta,Female,35,Indore,REG-05,2023-09-18,Consumer
CUST-03684,Tanvi Nair,Female,47,Bangalore,REG-03,2025-02-20,Corporate
CUST-03685,Shaurya Singh,Male,40,Jaipur,REG-02,2024-07-31,Consumer
CUST-03686,Arjun Kumar,Male,24,Bhubaneswar,REG-04,2023-11-02,Consumer
CUST-03687,Ira Gupta,Female,61,Patna,REG-04,2025-08-03,Consumer
CUST-03688,Atharv Verma,Male,36,Pune,REG-01,2023-08-14,Small Business
CUST-03689,Arjun Bose,Male,48,Chennai,REG-03,2024-06-23,Corporate
CUST-03690,Navya Malhotra,Female,32,Bangalore,REG-03,2025-02-23,Consumer
CUST-03691,Deepak Saxena,Male,39,Asansol,REG-04,2025-10-23,Consumer
CUST-03692,Simran Mehta,Female,43,Asansol,REG-04,2023-09-14,Corporate
CUST-03693,Ira Malhotra,Female,47,Hyderabad,REG-03,2024-09-14,Corporate
CUST-03694,Rohan Malhotra,Male,45,Bhubaneswar,REG-04,2023-05-10,Small Business
CUST-03695,Aditya Nair,Male,43,Pune,REG-01,2025-11-22,Consumer
CUST-03696,Preeti Rao,Female,30,Coimbatore,REG-03,2023-01-20,Small Business
CUST-03697,Aditya Aggarwal,Male,27,Patna,REG-04,2024-10-06,Consumer
CUST-03698,Rahul Malhotra,Male,37,Vadodara,REG-01,2025-07-11,Consumer
CUST-03699,Aarav Pillai,Male,44,Asansol,REG-04,2023-04-08,Corporate
CUST-03700,Avani Mehta,Female,31,Ludhiana,REG-02,2024-03-11,Consumer
CUST-03701,Krishna Saxena,Male,45,Asansol,REG-04,2025-03-09,Consumer
CUST-03702,Nikhil Singh,Male,49,Ludhiana,REG-02,2024-07-04,Corporate
CUST-03703,Krishna Sharma,Male,23,Nashik,REG-01,2024-06-27,Consumer
CUST-03704,Priyanka Shah,Female,24,Imphal,REG-06,2023-01-08,Consumer
CUST-03705,Vikram Mehta,Male,32,Ranchi,REG-04,2024-08-14,Consumer
CUST-03706,Ira Iyer,Female,37,Nagpur,REG-01,2023-02-04,Consumer
CUST-03707,Rajesh Deshmukh,Male,28,Noida,REG-02,2023-04-04,Consumer
CUST-03708,Ira Reddy,Female,48,Mumbai,REG-01,2023-06-16,Consumer
CUST-03709,Ira Kapoor,Female,38,Kanpur,REG-02,2023-07-13,Consumer
CUST-03710,Vivaan Bose,Male,34,Bhopal,REG-05,2023-05-06,Consumer
CUST-03711,Kabir Bose,Male,18,Chandigarh,REG-02,2025-02-14,Corporate
CUST-03712,Simran Bhat,Female,19,Coimbatore,REG-03,2025-11-24,Consumer
CUST-03713,Amit Reddy,Male,37,Noida,REG-02,2023-02-21,Small Business
CUST-03714,Avani Saxena,Female,18,Noida,REG-02,2025-06-29,Consumer
CUST-03715,Preeti Reddy,Female,45,Mysore,REG-03,2024-09-26,Consumer
CUST-03716,Simran Shah,Female,32,Pune,REG-01,2023-08-15,Small Business
CUST-03717,Vihaan Pillai,Male,69,Ranchi,REG-04,2023-04-17,Small Business
CUST-03718,Aarav Kumar,Male,59,Raipur,REG-05,2024-08-09,Consumer
CUST-03719,Aditi Joshi,Female,32,Kanpur,REG-02,2025-07-05,Consumer
CUST-03720,Anand Malhotra,Male,32,Trivandrum,REG-03,2024-12-02,Consumer
CUST-03721,Rahul Mehta,Male,44,Bangalore,REG-03,2024-03-08,Corporate
CUST-03722,Deepak Sharma,Male,52,Ujjain,REG-05,2023-04-24,Consumer
CUST-03723,Neha Pillai,Female,18,Nagpur,REG-01,2024-12-13,Consumer
CUST-03724,Vihaan Choudhury,Male,18,Visakhapatnam,REG-03,2024-04-27,Consumer
CUST-03725,Rahul Mishra,Male,27,Kanpur,REG-02,2023-11-13,Consumer
CUST-03726,Manish Singh,Male,40,Indore,REG-05,2024-12-15,Corporate
CUST-03727,Shaurya Malhotra,Male,39,Ahmedabad,REG-01,2025-09-08,Consumer
CUST-03728,Advaith Malhotra,Male,45,Pune,REG-01,2024-05-09,Consumer
CUST-03729,Vihaan Trivedi,Male,20,Cuttack,REG-04,2025-03-10,Consumer
CUST-03730,Aarav Joshi,Male,18,Noida,REG-02,2025-09-05,Corporate
CUST-03731,Avani Das,Female,43,Pune,REG-01,2025-03-06,Consumer
CUST-03732,Suresh Saxena,Male,24,Kochi,REG-03,2025-01-29,Corporate
CUST-03733,Advik Gupta,Male,18,Cuttack,REG-04,2025-07-06,Consumer
CUST-03734,Shreya Kapoor,Female,35,Mysore,REG-03,2025-09-22,Consumer
CUST-03735,Priyanka Aggarwal,Female,42,Ahmedabad,REG-01,2025-08-31,Consumer
CUST-03736,Sneha Rao,Other,32,Imphal,REG-06,2023-11-06,Consumer
CUST-03737,Gaurav Mishra,Male,28,Mysore,REG-03,2023-02-18,Consumer
CUST-03738,Vivaan Sharma,Male,32,Pune,REG-01,2023-08-16,Consumer
CUST-03739,Aadhya Pandey,Female,29,Noida,REG-02,2025-04-30,Consumer
CUST-03740,Anika Rao,Female,19,Chandigarh,REG-02,2025-11-19,Consumer
CUST-03741,Preeti Reddy,Female,26,Ahmedabad,REG-01,2024-01-31,Consumer
CUST-03742,Advik Pandey,Male,39,Bangalore,REG-03,2025-04-09,Consumer
CUST-03743,Deepak Gupta,Male,37,Vadodara,REG-01,2024-06-21,Consumer
CUST-03744,Abhishek Deshmukh,Male,35,Shillong,REG-06,2025-04-25,Corporate
CUST-03745,Myra Choudhury,Female,23,Gurgaon,REG-02,2023-09-16,Small Business
CUST-03746,Sneha Rao,Female,32,Ahmedabad,REG-01,2023-02-12,Consumer
CUST-03747,Sneha Choudhury,Female,18,Agartala,REG-06,2023-09-06,Consumer
CUST-03748,Amit Kapoor,Male,35,Shillong,REG-06,2023-03-01,Consumer
CUST-03749,Nikhil Mehta,Male,49,Ranchi,REG-04,2024-05-03,Consumer
CUST-03750,Deepak Kapoor,Male,18,Chennai,REG-03,2025-04-27,Corporate
CUST-03751,Aarav Pandey,Male,27,Surat,REG-01,2023-05-19,Consumer
CUST-03752,Shreya Kumar,Female,37,Shillong,REG-06,2023-11-02,Corporate
CUST-03753,Ira Saxena,Female,47,Noida,REG-02,2023-12-25,Consumer
CUST-03754,Avani Pillai,Female,29,Jaipur,REG-02,2023-12-05,Small Business
CUST-03755,Deepak Das,Male,26,Chandigarh,REG-02,2024-06-12,Consumer
CUST-03756,Tanvi Reddy,Female,18,Howrah,REG-04,2025-05-29,Corporate
CUST-03757,Kavya Bhat,Female,35,Pune,REG-01,2023-06-02,Consumer
CUST-03758,Navya Verma,Female,56,Delhi,REG-02,2025-11-30,Consumer
CUST-03759,Riya Patel,Female,37,Raipur,REG-05,2024-12-13,Consumer
CUST-03760,Anushka Verma,Female,33,Ranchi,REG-04,2023-12-08,Corporate
CUST-03761,Swati Das,Female,37,Panaji,REG-01,2023-07-20,Consumer
CUST-03762,Manish Nair,Male,33,Shillong,REG-06,2025-08-16,Consumer
CUST-03763,Abhishek Choudhury,Male,25,Imphal,REG-06,2023-02-16,Consumer
CUST-03764,Kabir Iyer,Male,43,Mumbai,REG-01,2023-12-25,Consumer
CUST-03765,Vikram Pillai,Male,36,Visakhapatnam,REG-03,2025-08-17,Corporate
CUST-03766,Swati Saxena,Female,34,Mysore,REG-03,2025-09-28,Corporate
CUST-03767,Atharv Patel,Male,23,Hyderabad,REG-03,2024-06-05,Consumer
CUST-03768,Aditya Patel,Male,48,Surat,REG-01,2025-03-12,Small Business
CUST-03769,Reyansh Aggarwal,Male,41,Hyderabad,REG-03,2024-12-28,Consumer
CUST-03770,Preeti Mukherjee,Female,27,Ahmedabad,REG-01,2025-01-17,Small Business
CUST-03771,Karan Kumar,Male,45,Mumbai,REG-01,2023-01-30,Consumer
CUST-03772,Ayaan Verma,Male,28,Cuttack,REG-04,2023-10-27,Consumer
CUST-03773,Krishna Kapoor,Male,25,Visakhapatnam,REG-03,2024-04-02,Small Business
CUST-03774,Pari Saxena,Female,25,Nashik,REG-01,2024-02-20,Consumer
CUST-03775,Navya Aggarwal,Female,18,Jaipur,REG-02,2024-08-18,Consumer
CUST-03776,Aarav Kulkarni,Male,39,Pune,REG-01,2025-07-08,Corporate
CUST-03777,Ananya Rao,Female,18,Noida,REG-02,2025-06-13,Consumer
CUST-03778,Vikram Aggarwal,Male,20,Lucknow,REG-02,2025-03-21,Consumer
CUST-03779,Manish Choudhury,Male,18,Jaipur,REG-02,2023-07-07,Consumer
CUST-03780,Atharv Trivedi,Male,33,Pune,REG-01,2024-09-13,Consumer
CUST-03781,Anushka Singh,Female,32,Ahmedabad,REG-01,2024-03-01,Consumer
CUST-03782,Pranav Sharma,Male,30,Shillong,REG-06,2023-09-22,Consumer
CUST-03783,Manish Kapoor,Male,22,Bangalore,REG-03,2024-01-25,Consumer
CUST-03784,Sunita Pandey,Female,21,Kochi,REG-03,2025-07-24,Consumer
CUST-03785,Vihaan Mukherjee,Male,39,Patna,REG-04,2023-03-03,Corporate
CUST-03786,Pranav Aggarwal,Male,27,Noida,REG-02,2025-05-14,Corporate
CUST-03787,Priyanka Bose,Female,37,Jabalpur,REG-05,2024-09-17,Consumer
CUST-03788,Aarav Nair,Male,24,Chandigarh,REG-02,2023-05-12,Small Business
CUST-03789,Pranav Bose,Male,35,Ludhiana,REG-02,2023-01-09,Consumer
CUST-03790,Diya Saxena,Female,48,Cuttack,REG-04,2023-02-26,Consumer
CUST-03791,Aarohi Kulkarni,Female,40,Gurgaon,REG-02,2025-04-25,Corporate
CUST-03792,Aarav Pillai,Male,29,Pune,REG-01,2023-09-01,Consumer
CUST-03793,Aarav Kapoor,Male,36,Trivandrum,REG-03,2025-05-01,Consumer
CUST-03794,Anika Mehta,Female,31,Gurgaon,REG-02,2024-11-09,Consumer
CUST-03795,Anushka Kumar,Female,34,Mumbai,REG-01,2024-10-26,Consumer
CUST-03796,Avani Kapoor,Female,30,Chandigarh,REG-02,2024-04-26,Consumer
CUST-03797,Vivaan Aggarwal,Male,32,Raipur,REG-05,2025-10-14,Small Business
CUST-03798,Shaurya Choudhury,Male,36,Indore,REG-05,2025-01-15,Consumer
CUST-03799,Vihaan Shah,Male,23,Gurgaon,REG-02,2024-10-26,Consumer
CUST-03800,Simran Kumar,Female,22,Gurgaon,REG-02,2025-04-03,Consumer
CUST-03801,Advaith Nair,Male,18,Bangalore,REG-03,2024-05-02,Consumer
CUST-03802,Sara Saxena,Female,18,Ujjain,REG-05,2025-11-05,Consumer
CUST-03803,Riya Mehta,Female,20,Jabalpur,REG-05,2023-05-19,Corporate
CUST-03804,Diya Pandey,Female,35,Indore,REG-05,2024-03-26,Consumer
CUST-03805,Anushka Menon,Female,24,Jaipur,REG-02,2024-01-06,Consumer
CUST-03806,Sara Pillai,Female,39,Jaipur,REG-02,2025-06-30,Consumer
CUST-03807,Preeti Patel,Female,34,Surat,REG-01,2025-07-08,Small Business
CUST-03808,Navya Sharma,Female,18,Asansol,REG-04,2024-11-09,Consumer
CUST-03809,Avani Mishra,Female,41,Pune,REG-01,2023-06-29,Small Business
CUST-03810,Rahul Trivedi,Male,42,Gwalior,REG-05,2025-08-09,Small Business
CUST-03811,Nikhil Mehta,Male,23,Bilaspur,REG-05,2023-12-10,Consumer
CUST-03812,Anika Bose,Female,38,Cuttack,REG-04,2025-02-08,Consumer
CUST-03813,Anika Nair,Female,24,Noida,REG-02,2023-09-24,Consumer
CUST-03814,Sunita Bhat,Female,35,Kochi,REG-03,2023-01-15,Consumer
CUST-03815,Angel Bose,Female,20,Bilaspur,REG-05,2023-08-28,Corporate
CUST-03816,Neha Das,Female,18,Ranchi,REG-04,2023-09-17,Consumer
CUST-03817,Swati Chopra,Female,29,Kolkata,REG-04,2024-03-27,Consumer
CUST-03818,Meera Rao,Female,32,Bilaspur,REG-05,2024-12-23,Corporate
CUST-03819,Atharv Choudhury,Male,29,Trivandrum,REG-03,2025-11-15,Consumer
CUST-03820,Tanvi Nair,Female,20,Cuttack,REG-04,2025-08-15,Consumer
CUST-03821,Suresh Shah,Male,29,Bhopal,REG-05,2023-01-09,Consumer
CUST-03822,Ishaan Das,Male,36,Coimbatore,REG-03,2024-07-20,Consumer
CUST-03823,Deepika Malhotra,Female,33,Chandigarh,REG-02,2024-07-21,Consumer
CUST-03824,Avani Bose,Female,36,Hyderabad,REG-03,2025-05-22,Consumer
CUST-03825,Swati Chopra,Female,26,Lucknow,REG-02,2024-09-01,Corporate
CUST-03826,Neha Mehta,Female,46,Kolkata,REG-04,2024-06-14,Consumer
CUST-03827,Swati Bhat,Female,21,Panaji,REG-01,2023-04-21,Consumer
CUST-03828,Aditi Pillai,Female,39,Agartala,REG-06,2025-11-02,Corporate
CUST-03829,Nikhil Reddy,Male,47,Jabalpur,REG-05,2024-11-06,Consumer
CUST-03830,Pari Patel,Other,39,Chandigarh,REG-02,2024-03-22,Small Business
CUST-03831,Riya Pandey,Female,31,Shillong,REG-06,2023-04-27,Small Business
CUST-03832,Aarohi Saxena,Female,28,Visakhapatnam,REG-03,2025-08-11,Small Business
CUST-03833,Deepak Malhotra,Male,45,Kochi,REG-03,2024-10-09,Consumer
CUST-03834,Saanvi Kulkarni,Female,18,Kochi,REG-03,2025-03-05,Consumer
CUST-03835,Reyansh Aggarwal,Male,23,Bhubaneswar,REG-04,2024-08-01,Consumer
CUST-03836,Kavya Pillai,Female,29,Mysore,REG-03,2023-09-24,Small Business
CUST-03837,Nikhil Verma,Male,47,Patna,REG-04,2023-06-28,Corporate
CUST-03838,Swati Pandey,Female,38,Trivandrum,REG-03,2024-10-07,Consumer
CUST-03839,Shaurya Aggarwal,Male,23,Mysore,REG-03,2023-09-01,Consumer
CUST-03840,Krishna Das,Male,30,Patna,REG-04,2023-10-14,Small Business
CUST-03841,Dhruv Kulkarni,Male,27,Nagpur,REG-01,2024-11-06,Corporate
CUST-03842,Anushka Joshi,Female,26,Jaipur,REG-02,2025-07-13,Small Business
CUST-03843,Arjun Verma,Male,44,Pune,REG-01,2025-08-21,Consumer
CUST-03844,Ishaan Nair,Male,18,Ujjain,REG-05,2025-01-08,Consumer
CUST-03845,Aditi Bose,Female,51,Ahmedabad,REG-01,2023-08-09,Consumer
CUST-03846,Anand Das,Male,43,Ahmedabad,REG-01,2025-09-05,Consumer
CUST-03847,Saanvi Pandey,Female,45,Delhi,REG-02,2025-06-15,Corporate
CUST-03848,Arjun Kumar,Male,28,Gwalior,REG-05,2024-04-30,Consumer
CUST-03849,Sara Bose,Female,32,Kanpur,REG-02,2024-12-23,Consumer
CUST-03850,Krishna Joshi,Male,18,Jaipur,REG-02,2024-11-12,Consumer
CUST-03851,Anika Aggarwal,Female,28,Delhi,REG-02,2025-10-20,Consumer
CUST-03852,Priyanka Saxena,Female,39,Kochi,REG-03,2024-04-20,Consumer
CUST-03853,Karan Gupta,Male,48,Bangalore,REG-03,2024-06-22,Consumer
CUST-03854,Aarav Bhat,Male,21,Surat,REG-01,2025-03-30,Consumer
CUST-03855,Simran Pandey,Female,29,Nagpur,REG-01,2023-02-05,Consumer
CUST-03856,Ananya Verma,Female,32,Mysore,REG-03,2024-11-21,Consumer
CUST-03857,Advaith Menon,Male,18,Trivandrum,REG-03,2025-08-04,Consumer
CUST-03858,Myra Malhotra,Female,40,Mumbai,REG-01,2023-04-25,Consumer
CUST-03859,Angel Iyer,Female,26,Visakhapatnam,REG-03,2025-06-12,Consumer
CUST-03860,Swati Mehta,Female,31,Noida,REG-02,2024-02-01,Consumer
CUST-03861,Simran Reddy,Female,29,Chennai,REG-03,2023-11-19,Consumer
CUST-03862,Amit Das,Male,25,Mumbai,REG-01,2024-11-21,Consumer
CUST-03863,Sai Kumar,Male,33,Bhopal,REG-05,2023-04-24,Corporate
CUST-03864,Arjun Bhat,Male,31,Nashik,REG-01,2025-06-29,Corporate
CUST-03865,Nikhil Verma,Male,29,Jaipur,REG-02,2025-10-02,Corporate
CUST-03866,Avani Saxena,Female,25,Ahmedabad,REG-01,2023-05-08,Consumer
CUST-03867,Suresh Malhotra,Male,37,Bangalore,REG-03,2023-06-12,Small Business
CUST-03868,Rahul Rao,Male,52,Vadodara,REG-01,2024-06-13,Consumer
CUST-03869,Kabir Pillai,Male,35,Chandigarh,REG-02,2025-10-02,Consumer
CUST-03870,Kavya Pandey,Female,44,Kolkata,REG-04,2025-05-23,Corporate
CUST-03871,Avani Singh,Female,18,Bhubaneswar,REG-04,2024-12-02,Consumer
CUST-03872,Advaith Rao,Male,35,Chandigarh,REG-02,2025-08-19,Consumer
CUST-03873,Angel Sharma,Female,21,Chandigarh,REG-02,2025-05-03,Consumer
CUST-03874,Nikhil Mishra,Male,18,Nagpur,REG-01,2023-06-26,Consumer
CUST-03875,Sneha Das,Female,25,Gurgaon,REG-02,2024-09-19,Consumer
CUST-03876,Aditi Das,Female,47,Ahmedabad,REG-01,2025-04-01,Consumer
CUST-03877,Amit Menon,Male,44,Noida,REG-02,2025-06-15,Consumer
CUST-03878,Karan Kulkarni,Male,36,Nagpur,REG-01,2023-03-10,Consumer
CUST-03879,Ira Rao,Female,18,Kochi,REG-03,2023-06-02,Consumer
CUST-03880,Ira Bose,Female,31,Ludhiana,REG-02,2025-01-23,Consumer
CUST-03881,Rahul Bhat,Male,37,Pune,REG-01,2023-12-23,Corporate
CUST-03882,Krishna Rao,Other,35,Kochi,REG-03,2025-02-03,Consumer
CUST-03883,Gaurav Bose,Male,18,Kolkata,REG-04,2023-06-25,Small Business
CUST-03884,Angel Rao,Female,24,Nashik,REG-01,2023-01-06,Small Business
CUST-03885,Aarav Aggarwal,Male,33,Trivandrum,REG-03,2025-09-22,Corporate
CUST-03886,Sai Verma,Male,39,Chennai,REG-03,2023-04-23,Consumer
CUST-03887,Ishaan Reddy,Male,18,Panaji,REG-01,2025-06-25,Consumer
CUST-03888,Arjun Kapoor,Male,32,Jabalpur,REG-05,2023-06-20,Consumer
CUST-03889,Aditya Patel,Male,35,Mumbai,REG-01,2023-04-15,Consumer
CUST-03890,Vihaan Kulkarni,Male,43,Mysore,REG-03,2023-02-27,Corporate
CUST-03891,Vivaan Singh,Male,41,Chandigarh,REG-02,2025-08-27,Consumer
CUST-03892,Deepika Reddy,Female,40,Cuttack,REG-04,2023-12-26,Consumer
CUST-03893,Anand Kumar,Male,25,Visakhapatnam,REG-03,2025-01-16,Small Business
CUST-03894,Riya Nair,Female,18,Mysore,REG-03,2024-04-16,Corporate
CUST-03895,Vikram Mishra,Male,29,Ranchi,REG-04,2024-09-25,Consumer
CUST-03896,Sara Singh,Female,45,Chandigarh,REG-02,2023-12-06,Consumer
CUST-03897,Ishaan Mehta,Male,49,Lucknow,REG-02,2025-06-21,Consumer
CUST-03898,Aditi Malhotra,Female,41,Bhopal,REG-05,2024-01-20,Consumer
CUST-03899,Priyanka Menon,Female,38,Nashik,REG-01,2025-05-17,Corporate
CUST-03900,Rahul Menon,Male,38,Cuttack,REG-04,2025-07-05,Consumer
CUST-03901,Anand Trivedi,Male,27,Delhi,REG-02,2024-10-17,Consumer
CUST-03902,Aditi Saxena,Female,32,Delhi,REG-02,2025-01-13,Consumer
CUST-03903,Ira Bhat,Female,52,Coimbatore,REG-03,2024-07-12,Consumer
CUST-03904,Vivaan Gupta,Male,23,Agartala,REG-06,2025-10-27,Consumer
CUST-03905,Vivaan Malhotra,Male,51,Chandigarh,REG-02,2024-06-27,Consumer
CUST-03906,Neha Rao,Female,30,Gurgaon,REG-02,2024-06-13,Consumer
CUST-03907,Arjun Deshmukh,Male,48,Kolkata,REG-04,2023-07-19,Small Business
CUST-03908,Vivaan Shah,Male,18,Bhubaneswar,REG-04,2023-05-26,Small Business
CUST-03909,Anand Mukherjee,Male,40,Gwalior,REG-05,2024-10-20,Consumer
CUST-03910,Aadhya Reddy,Female,25,Kanpur,REG-02,2023-08-30,Consumer
CUST-03911,Gaurav Malhotra,Male,18,Lucknow,REG-02,2024-07-17,Consumer
CUST-03912,Saanvi Trivedi,Female,36,Patna,REG-04,2023-10-30,Consumer
CUST-03913,Arjun Joshi,Male,45,Visakhapatnam,REG-03,2023-10-02,Consumer
CUST-03914,Diya Rao,Female,24,Asansol,REG-04,2025-11-24,Corporate
CUST-03915,Swati Saxena,Female,18,Chennai,REG-03,2023-10-16,Small Business
CUST-03916,Aditi Iyer,Female,32,Chandigarh,REG-02,2024-07-27,Consumer
CUST-03917,Ishaan Kumar,Male,33,Visakhapatnam,REG-03,2023-08-01,Consumer
CUST-03918,Angel Malhotra,Female,40,Gurgaon,REG-02,2023-06-15,Consumer
CUST-03919,Sai Kulkarni,Male,44,Delhi,REG-02,2024-07-09,Consumer
CUST-03920,Gaurav Trivedi,Male,33,Nashik,REG-01,2025-05-26,Consumer
CUST-03921,Amit Das,Male,54,Ludhiana,REG-02,2025-08-21,Consumer
CUST-03922,Kabir Nair,Male,36,Ujjain,REG-05,2024-08-26,Small Business
CUST-03923,Aarav Mehta,Male,30,Indore,REG-05,2024-03-12,Consumer
CUST-03924,Saanvi Aggarwal,Female,18,Kanpur,REG-02,2024-01-08,Consumer
CUST-03925,Aditya Aggarwal,Male,31,Coimbatore,REG-03,2025-02-10,Corporate
CUST-03926,Aarav Mehta,Male,30,Vadodara,REG-01,2024-08-09,Corporate
CUST-03927,Ayaan Mukherjee,Male,44,Howrah,REG-04,2024-12-16,Consumer
CUST-03928,Aadhya Joshi,Female,39,Kanpur,REG-02,2023-10-06,Consumer
CUST-03929,Navya Mishra,Female,21,Ujjain,REG-05,2025-08-11,Consumer
CUST-03930,Vikram Nair,Male,35,Mysore,REG-03,2024-04-20,Consumer
CUST-03931,Suresh Singh,Male,41,Chandigarh,REG-02,2024-05-09,Consumer
CUST-03932,Advaith Malhotra,Male,50,Nashik,REG-01,2023-05-19,Consumer
CUST-03933,Pari Iyer,Female,43,Jaipur,REG-02,2025-05-06,Consumer
CUST-03934,Rajesh Mehta,Male,42,Pune,REG-01,2024-03-05,Consumer
CUST-03935,Rohan Mishra,Male,34,Nashik,REG-01,2023-04-08,Small Business
CUST-03936,Shaurya Aggarwal,Male,38,Raipur,REG-05,2025-11-11,Consumer
CUST-03937,Ayaan Joshi,Male,47,Chandigarh,REG-02,2023-06-13,Consumer
CUST-03938,Amit Mishra,Male,19,Hyderabad,REG-03,2024-11-24,Consumer
CUST-03939,Swati Malhotra,Female,30,Trivandrum,REG-03,2025-06-05,Consumer
CUST-03940,Myra Pandey,Female,25,Agartala,REG-06,2025-03-09,Consumer
CUST-03941,Sneha Menon,Female,38,Gurgaon,REG-02,2024-08-09,Consumer
CUST-03942,Arjun Verma,Male,47,Surat,REG-01,2023-12-10,Corporate
CUST-03943,Preeti Trivedi,Female,27,Gurgaon,REG-02,2024-03-05,Corporate
CUST-03944,Anika Mishra,Female,18,Kanpur,REG-02,2025-06-12,Small Business
CUST-03945,Advaith Shah,Male,29,Jabalpur,REG-05,2025-03-08,Consumer
CUST-03946,Anushka Malhotra,Female,44,Patna,REG-04,2025-08-23,Consumer
CUST-03947,Advik Sharma,Male,39,Patna,REG-04,2023-01-13,Consumer
CUST-03948,Avani Rao,Female,38,Vadodara,REG-01,2025-06-15,Small Business
CUST-03949,Saanvi Mukherjee,Female,30,Surat,REG-01,2024-03-30,Consumer
CUST-03950,Simran Mishra,Female,19,Howrah,REG-04,2025-01-24,Consumer
CUST-03951,Pranav Kumar,Male,39,Ahmedabad,REG-01,2025-07-16,Consumer
CUST-03952,Aanya Verma,Female,24,Lucknow,REG-02,2024-11-26,Consumer
CUST-03953,Riya Gupta,Female,58,Ahmedabad,REG-01,2025-08-04,Consumer
CUST-03954,Simran Singh,Female,40,Panaji,REG-01,2025-07-06,Small Business
CUST-03955,Suresh Kumar,Male,27,Kolkata,REG-04,2023-11-09,Consumer
CUST-03956,Deepak Mukherjee,Male,27,Kochi,REG-03,2025-07-10,Corporate
CUST-03957,Sara Verma,Other,32,Noida,REG-02,2025-05-01,Consumer
CUST-03958,Preeti Patel,Female,31,Kanpur,REG-02,2024-08-07,Consumer
CUST-03959,Navya Bhat,Female,46,Jaipur,REG-02,2025-02-17,Consumer
CUST-03960,Krishna Bhat,Male,36,Coimbatore,REG-03,2025-06-02,Consumer
CUST-03961,Sai Aggarwal,Male,25,Pune,REG-01,2023-11-30,Consumer
CUST-03962,Sara Rao,Female,54,Ludhiana,REG-02,2023-03-01,Consumer
CUST-03963,Sunita Kumar,Female,34,Vadodara,REG-01,2024-10-02,Consumer
CUST-03964,Simran Nair,Female,42,Imphal,REG-06,2024-07-16,Consumer
CUST-03965,Amit Rao,Male,27,Kochi,REG-03,2023-05-02,Consumer
CUST-03966,Aanya Reddy,Female,37,Indore,REG-05,2025-11-13,Consumer
CUST-03967,Manish Bhat,Male,37,Trivandrum,REG-03,2023-10-22,Consumer
CUST-03968,Pranav Rao,Male,18,Mysore,REG-03,2023-06-05,Consumer
CUST-03969,Aarohi Joshi,Female,56,Patna,REG-04,2025-07-25,Consumer
CUST-03970,Myra Bose,Female,48,Gurgaon,REG-02,2025-07-10,Consumer
CUST-03971,Advaith Patel,Male,29,Imphal,REG-06,2025-01-19,Consumer
CUST-03972,Sara Deshmukh,Female,21,Cuttack,REG-04,2024-08-28,Consumer
CUST-03973,Rahul Chopra,Male,37,Mysore,REG-03,2025-01-23,Consumer
CUST-03974,Abhishek Kapoor,Male,34,Nagpur,REG-01,2023-10-02,Consumer
CUST-03975,Avani Mehta,Female,37,Jaipur,REG-02,2024-08-09,Corporate
CUST-03976,Priyanka Joshi,Female,36,Dibrugarh,REG-06,2024-10-02,Consumer
CUST-03977,Sunita Joshi,Female,39,Mumbai,REG-01,2025-07-17,Corporate
CUST-03978,Deepika Bhat,Female,49,Pune,REG-01,2025-03-18,Consumer
CUST-03979,Aditya Das,Male,40,Hyderabad,REG-03,2023-07-09,Consumer
CUST-03980,Riya Iyer,Female,22,Bhubaneswar,REG-04,2023-11-02,Consumer
CUST-03981,Rajesh Saxena,Male,48,Visakhapatnam,REG-03,2025-02-28,Corporate
CUST-03982,Avani Gupta,Female,52,Ahmedabad,REG-01,2024-09-06,Small Business
CUST-03983,Manish Joshi,Male,68,Kochi,REG-03,2023-12-19,Corporate
CUST-03984,Sai Choudhury,Male,21,Agartala,REG-06,2023-01-20,Corporate
CUST-03985,Reyansh Menon,Male,36,Chandigarh,REG-02,2023-02-15,Consumer
CUST-03986,Rajesh Aggarwal,Male,18,Mumbai,REG-01,2025-01-10,Consumer
CUST-03987,Sara Kulkarni,Female,40,Bangalore,REG-03,2023-02-25,Consumer
CUST-03988,Priyanka Shah,Female,27,Gurgaon,REG-02,2024-04-29,Small Business
CUST-03989,Pranav Sharma,Male,55,Pune,REG-01,2023-08-22,Consumer
CUST-03990,Manish Reddy,Male,25,Jaipur,REG-02,2025-08-26,Consumer
CUST-03991,Nikhil Malhotra,Male,18,Hyderabad,REG-03,2025-08-03,Consumer
CUST-03992,Sai Kulkarni,Male,28,Ahmedabad,REG-01,2023-08-26,Corporate
CUST-03993,Nikhil Kumar,Male,18,Kochi,REG-03,2025-10-26,Consumer
CUST-03994,Aditya Iyer,Male,42,Coimbatore,REG-03,2023-03-12,Consumer
CUST-03995,Priyanka Verma,Female,18,Chennai,REG-03,2025-02-16,Consumer
CUST-03996,Atharv Kumar,Male,34,Pune,REG-01,2023-03-15,Consumer
CUST-03997,Reyansh Gupta,Male,18,Lucknow,REG-02,2023-07-12,Consumer
CUST-03998,Nikhil Mukherjee,Male,30,Bilaspur,REG-05,2025-03-27,Consumer
CUST-03999,Swati Aggarwal,Other,52,Bhopal,REG-05,2025-09-18,Consumer
CUST-04000,Anika Aggarwal,Female,37,Chennai,REG-03,2023-08-24,Corporate
CUST-04001,Riya Iyer,Female,24,Mumbai,REG-01,2023-08-18,Consumer
CUST-04002,Sai Sharma,Male,33,Patna,REG-04,2024-07-11,Small Business
CUST-04003,Atharv Mukherjee,Male,34,Nashik,REG-01,2023-06-06,Consumer
CUST-04004,Nikhil Bose,Male,39,Ludhiana,REG-02,2025-07-18,Consumer
CUST-04005,Sara Aggarwal,Female,18,Jabalpur,REG-05,2023-11-08,Consumer
CUST-04006,Tanvi Choudhury,Female,40,Nagpur,REG-01,2023-02-23,Corporate
CUST-04007,Deepika Bhat,Female,18,Kolkata,REG-04,2023-04-23,Consumer
CUST-04008,Tanvi Deshmukh,Female,27,Guwahati,REG-06,2024-01-20,Corporate
CUST-04009,Ira Mishra,Female,28,Kolkata,REG-04,2025-05-19,Consumer
CUST-04010,Aarav Joshi,Male,40,Coimbatore,REG-03,2025-04-04,Small Business
CUST-04011,Ira Bose,Female,34,Kochi,REG-03,2023-10-08,Small Business
CUST-04012,Suresh Deshmukh,Male,18,Nashik,REG-01,2023-08-10,Corporate
CUST-04013,Gaurav Sharma,Male,23,Cuttack,REG-04,2025-10-11,Corporate
CUST-04014,Amit Verma,Male,36,Kochi,REG-03,2024-05-26,Consumer
CUST-04015,Karan Sharma,Male,33,Ranchi,REG-04,2024-11-22,Corporate
CUST-04016,Diya Iyer,Female,27,Gwalior,REG-05,2024-01-30,Consumer
CUST-04017,Navya Deshmukh,Female,28,Delhi,REG-02,2025-10-06,Consumer
CUST-04018,Sunita Chopra,Female,41,Ujjain,REG-05,2023-10-17,Consumer
CUST-04019,Myra Choudhury,Female,28,Jaipur,REG-02,2023-08-19,Consumer
CUST-04020,Sunita Pillai,Female,33,Guwahati,REG-06,2024-03-15,Small Business
CUST-04021,Sai Menon,Male,57,Ranchi,REG-04,2025-10-12,Consumer
CUST-04022,Pooja Aggarwal,Female,18,Trivandrum,REG-03,2024-01-30,Consumer
CUST-04023,Aarav Verma,Male,18,Lucknow,REG-02,2025-04-22,Consumer
CUST-04024,Ishaan Mukherjee,Male,42,Chandigarh,REG-02,2025-11-25,Consumer
CUST-04025,Suresh Nair,Male,26,Surat,REG-01,2025-10-02,Corporate
CUST-04026,Advik Reddy,Male,30,Panaji,REG-01,2024-12-07,Corporate
CUST-04027,Riya Bose,Female,25,Vadodara,REG-01,2025-01-03,Consumer
CUST-04028,Vihaan Mehta,Male,31,Bhubaneswar,REG-04,2024-06-02,Corporate
CUST-04029,Sai Rao,Male,51,Vadodara,REG-01,2024-03-14,Consumer
CUST-04030,Aadhya Mukherjee,Female,42,Chennai,REG-03,2023-07-28,Consumer
CUST-04031,Preeti Gupta,Female,43,Bhopal,REG-05,2023-07-02,Consumer
CUST-04032,Manish Choudhury,Male,18,Panaji,REG-01,2024-11-30,Consumer
CUST-04033,Ira Joshi,Female,21,Indore,REG-05,2025-03-26,Consumer
CUST-04034,Kabir Menon,Male,18,Lucknow,REG-02,2025-10-20,Consumer
CUST-04035,Shreya Sharma,Other,25,Vadodara,REG-01,2024-10-06,Consumer
CUST-04036,Rahul Joshi,Male,44,Trivandrum,REG-03,2023-02-28,Consumer
CUST-04037,Tanvi Patel,Other,39,Nagpur,REG-01,2023-10-09,Consumer
CUST-04038,Navya Bhat,Female,31,Ludhiana,REG-02,2024-06-30,Consumer
CUST-04039,Deepika Mishra,Female,33,Asansol,REG-04,2025-06-30,Corporate
CUST-04040,Ira Saxena,Female,26,Mysore,REG-03,2023-04-24,Small Business
CUST-04041,Anand Kapoor,Male,36,Lucknow,REG-02,2024-06-13,Consumer
CUST-04042,Neha Patel,Female,42,Jaipur,REG-02,2023-03-09,Consumer
CUST-04043,Pranav Saxena,Male,18,Bhubaneswar,REG-04,2023-02-09,Consumer
CUST-04044,Deepika Nair,Female,37,Kochi,REG-03,2025-08-28,Corporate
CUST-04045,Suresh Mukherjee,Male,44,Nashik,REG-01,2024-11-08,Consumer
CUST-04046,Sunita Aggarwal,Female,29,Ahmedabad,REG-01,2024-12-28,Consumer
CUST-04047,Ira Mukherjee,Female,41,Coimbatore,REG-03,2023-10-11,Corporate
CUST-04048,Neha Aggarwal,Other,64,Jaipur,REG-02,2025-06-10,Consumer
CUST-04049,Kabir Sharma,Male,32,Guwahati,REG-06,2025-04-29,Small Business
CUST-04050,Sunita Shah,Female,38,Kolkata,REG-04,2025-07-04,Consumer
CUST-04051,Rahul Malhotra,Male,25,Howrah,REG-04,2024-10-15,Consumer
CUST-04052,Anand Mehta,Male,35,Howrah,REG-04,2024-03-11,Consumer
CUST-04053,Kavya Nair,Female,39,Gwalior,REG-05,2025-09-23,Consumer
CUST-04054,Shreya Mishra,Female,36,Pune,REG-01,2025-06-30,Consumer
CUST-04055,Aarohi Singh,Female,22,Coimbatore,REG-03,2024-11-22,Consumer
CUST-04056,Meera Choudhury,Female,36,Vadodara,REG-01,2024-09-09,Consumer
CUST-04057,Deepak Mishra,Male,50,Lucknow,REG-02,2024-10-03,Consumer
CUST-04058,Aditi Trivedi,Female,38,Cuttack,REG-04,2024-02-18,Consumer
CUST-04059,Anand Rao,Male,44,Howrah,REG-04,2025-01-05,Corporate
CUST-04060,Neha Rao,Female,31,Surat,REG-01,2023-04-09,Small Business
CUST-04061,Shaurya Bose,Male,42,Ludhiana,REG-02,2025-08-25,Consumer
CUST-04062,Kabir Rao,Male,37,Pune,REG-01,2025-08-17,Small Business
CUST-04063,Sneha Saxena,Female,23,Chennai,REG-03,2023-01-05,Consumer
CUST-04064,Aarohi Mukherjee,Female,37,Vadodara,REG-01,2025-04-01,Consumer
CUST-04065,Amit Patel,Male,23,Silchar,REG-06,2025-10-30,Consumer
CUST-04066,Avani Joshi,Female,27,Patna,REG-04,2024-09-10,Corporate
CUST-04067,Manish Pandey,Male,36,Cuttack,REG-04,2024-11-20,Small Business
CUST-04068,Dhruv Choudhury,Male,37,Coimbatore,REG-03,2025-10-11,Consumer
CUST-04069,Rohan Rao,Male,20,Bilaspur,REG-05,2023-10-29,Consumer
CUST-04070,Deepak Mehta,Male,45,Mumbai,REG-01,2023-12-01,Corporate
CUST-04071,Rahul Pillai,Male,40,Nagpur,REG-01,2025-04-11,Consumer
CUST-04072,Rohan Mukherjee,Male,26,Lucknow,REG-02,2024-03-16,Corporate
CUST-04073,Sara Deshmukh,Female,18,Vadodara,REG-01,2025-04-04,Corporate
CUST-04074,Ananya Mehta,Female,32,Kolkata,REG-04,2023-01-29,Consumer
CUST-04075,Saanvi Sharma,Other,29,Howrah,REG-04,2023-02-13,Consumer
CUST-04076,Riya Bhat,Female,35,Cuttack,REG-04,2025-11-14,Corporate
CUST-04077,Suresh Aggarwal,Male,30,Asansol,REG-04,2024-04-05,Consumer
CUST-04078,Gaurav Saxena,Male,18,Kolkata,REG-04,2025-11-20,Consumer
CUST-04079,Vikram Singh,Male,29,Trivandrum,REG-03,2025-10-04,Corporate
CUST-04080,Preeti Mukherjee,Female,30,Indore,REG-05,2025-04-19,Consumer
CUST-04081,Aditi Iyer,Female,40,Coimbatore,REG-03,2024-11-27,Consumer
CUST-04082,Pranav Kulkarni,Male,26,Chandigarh,REG-02,2023-07-03,Corporate
CUST-04083,Kabir Mehta,Male,52,Chandigarh,REG-02,2025-10-17,Consumer
CUST-04084,Karan Shah,Male,18,Patna,REG-04,2024-09-21,Consumer
CUST-04085,Arjun Verma,Male,48,Ahmedabad,REG-01,2025-03-24,Consumer
CUST-04086,Aanya Gupta,Female,31,Nagpur,REG-01,2024-06-07,Consumer
CUST-04087,Sara Deshmukh,Female,43,Mumbai,REG-01,2023-03-09,Small Business
CUST-04088,Nikhil Pandey,Male,34,Delhi,REG-02,2025-02-19,Consumer
CUST-04089,Kabir Chopra,Male,46,Ahmedabad,REG-01,2024-07-10,Consumer
CUST-04090,Sara Mehta,Female,29,Surat,REG-01,2025-09-14,Corporate
CUST-04091,Saanvi Verma,Female,21,Bhubaneswar,REG-04,2024-03-05,Consumer
CUST-04092,Kavya Das,Female,49,Indore,REG-05,2023-10-06,Consumer
CUST-04093,Krishna Singh,Male,32,Panaji,REG-01,2025-03-30,Consumer
CUST-04094,Sneha Reddy,Female,36,Lucknow,REG-02,2025-10-15,Consumer
CUST-04095,Nikhil Pillai,Male,47,Mumbai,REG-01,2024-04-22,Corporate
CUST-04096,Simran Menon,Female,22,Howrah,REG-04,2023-04-19,Consumer
CUST-04097,Diya Singh,Female,40,Coimbatore,REG-03,2023-03-11,Consumer
CUST-04098,Krishna Gupta,Male,27,Surat,REG-01,2023-09-11,Consumer
CUST-04099,Aditi Bhat,Female,32,Vadodara,REG-01,2025-01-21,Consumer
CUST-04100,Aadhya Singh,Female,34,Ludhiana,REG-02,2023-01-26,Consumer
CUST-04101,Vihaan Pillai,Male,18,Mysore,REG-03,2023-08-21,Consumer
CUST-04102,Anand Bose,Male,25,Trivandrum,REG-03,2024-08-28,Consumer
CUST-04103,Diya Iyer,Female,48,Howrah,REG-04,2023-10-23,Consumer
CUST-04104,Suresh Rao,Male,43,Ranchi,REG-04,2023-11-19,Consumer
CUST-04105,Reyansh Aggarwal,Male,33,Nashik,REG-01,2024-02-10,Consumer
CUST-04106,Angel Mukherjee,Other,36,Mysore,REG-03,2024-02-23,Consumer
CUST-04107,Sneha Rao,Female,30,Mumbai,REG-01,2024-03-28,Consumer
CUST-04108,Priyanka Deshmukh,Female,48,Bilaspur,REG-05,2025-11-26,Corporate
CUST-04109,Aadhya Aggarwal,Female,31,Lucknow,REG-02,2023-12-04,Consumer
CUST-04110,Nikhil Pillai,Male,36,Ranchi,REG-04,2024-12-08,Corporate
CUST-04111,Shreya Malhotra,Female,46,Patna,REG-04,2024-11-10,Consumer
CUST-04112,Abhishek Shah,Male,25,Cuttack,REG-04,2025-04-09,Consumer
CUST-04113,Ira Kapoor,Female,51,Chandigarh,REG-02,2025-10-09,Consumer
CUST-04114,Ishaan Pandey,Male,18,Trivandrum,REG-03,2024-05-20,Consumer
CUST-04115,Meera Das,Female,51,Mumbai,REG-01,2024-04-18,Consumer
CUST-04116,Arjun Mishra,Male,29,Gurgaon,REG-02,2023-11-09,Consumer
CUST-04117,Nikhil Bose,Male,31,Nashik,REG-01,2024-08-27,Consumer
CUST-04118,Kavya Reddy,Female,18,Coimbatore,REG-03,2024-11-20,Small Business
CUST-04119,Reyansh Rao,Male,28,Mysore,REG-03,2024-08-08,Consumer
CUST-04120,Anand Kapoor,Male,22,Noida,REG-02,2025-08-20,Consumer
CUST-04121,Vivaan Verma,Male,27,Pune,REG-01,2023-02-02,Consumer
CUST-04122,Avani Gupta,Female,32,Kanpur,REG-02,2024-03-29,Consumer
CUST-04123,Sara Choudhury,Female,44,Ludhiana,REG-02,2024-02-24,Consumer
CUST-04124,Pari Choudhury,Female,36,Nashik,REG-01,2024-07-02,Consumer
CUST-04125,Aadhya Mukherjee,Female,37,Bangalore,REG-03,2023-07-16,Consumer
CUST-04126,Aarav Iyer,Male,21,Trivandrum,REG-03,2025-03-22,Consumer
CUST-04127,Meera Deshmukh,Female,24,Ahmedabad,REG-01,2025-04-26,Consumer
CUST-04128,Avani Menon,Female,53,Cuttack,REG-04,2024-02-09,Consumer
CUST-04129,Vikram Joshi,Male,25,Coimbatore,REG-03,2023-07-07,Consumer
CUST-04130,Vivaan Saxena,Male,52,Howrah,REG-04,2023-02-17,Consumer
CUST-04131,Deepak Mukherjee,Male,31,Jaipur,REG-02,2023-08-09,Consumer
CUST-04132,Dhruv Pandey,Male,34,Vadodara,REG-01,2025-05-07,Consumer
CUST-04133,Diya Nair,Female,45,Ujjain,REG-05,2024-03-13,Consumer
CUST-04134,Pooja Deshmukh,Female,47,Kolkata,REG-04,2024-10-28,Consumer
CUST-04135,Saanvi Malhotra,Female,32,Kanpur,REG-02,2024-12-07,Small Business
CUST-04136,Reyansh Deshmukh,Male,29,Coimbatore,REG-03,2025-07-09,Consumer
CUST-04137,Swati Menon,Female,33,Kochi,REG-03,2025-06-30,Consumer
CUST-04138,Sara Verma,Female,37,Trivandrum,REG-03,2025-11-06,Consumer
CUST-04139,Vivaan Bose,Male,43,Panaji,REG-01,2023-04-29,Consumer
CUST-04140,Karan Pillai,Male,34,Trivandrum,REG-03,2024-07-28,Consumer
CUST-04141,Deepika Kumar,Female,40,Lucknow,REG-02,2024-09-02,Corporate
CUST-04142,Krishna Bhat,Male,52,Jaipur,REG-02,2023-12-29,Small Business
CUST-04143,Vihaan Malhotra,Male,38,Delhi,REG-02,2024-04-26,Consumer
CUST-04144,Kabir Rao,Male,37,Panaji,REG-01,2024-09-27,Consumer
CUST-04145,Pranav Sharma,Male,18,Gwalior,REG-05,2023-05-01,Consumer
CUST-04146,Advaith Nair,Male,18,Noida,REG-02,2023-06-17,Consumer
CUST-04147,Vihaan Saxena,Male,38,Lucknow,REG-02,2025-04-09,Consumer
CUST-04148,Pooja Saxena,Female,32,Noida,REG-02,2023-04-01,Consumer
CUST-04149,Aarohi Chopra,Female,28,Kochi,REG-03,2024-03-16,Consumer
CUST-04150,Rohan Mukherjee,Male,36,Howrah,REG-04,2025-04-01,Consumer
CUST-04151,Sneha Chopra,Female,33,Delhi,REG-02,2023-02-23,Consumer
CUST-04152,Karan Kulkarni,Male,46,Mumbai,REG-01,2023-08-05,Small Business
CUST-04153,Aadhya Kumar,Female,34,Ujjain,REG-05,2024-12-25,Corporate
CUST-04154,Rohan Patel,Male,25,Gwalior,REG-05,2023-04-23,Consumer
CUST-04155,Aditi Patel,Female,44,Chennai,REG-03,2024-01-24,Small Business
CUST-04156,Meera Joshi,Female,31,Panaji,REG-01,2024-11-19,Consumer
CUST-04157,Gaurav Choudhury,Male,39,Patna,REG-04,2025-04-23,Consumer
CUST-04158,Pranav Saxena,Male,28,Chennai,REG-03,2025-09-16,Consumer
CUST-04159,Ishaan Das,Male,26,Silchar,REG-06,2024-02-22,Consumer
CUST-04160,Preeti Rao,Female,34,Ujjain,REG-05,2025-01-18,Consumer
CUST-04161,Anushka Mehta,Female,34,Chennai,REG-03,2023-11-11,Small Business
CUST-04162,Gaurav Singh,Male,39,Surat,REG-01,2024-07-26,Consumer
CUST-04163,Arjun Verma,Male,31,Coimbatore,REG-03,2023-03-26,Consumer
CUST-04164,Simran Gupta,Female,18,Chennai,REG-03,2025-08-22,Consumer
CUST-04165,Sara Bose,Female,29,Nashik,REG-01,2024-06-06,Consumer
CUST-04166,Vihaan Patel,Male,42,Patna,REG-04,2025-04-28,Corporate
CUST-04167,Meera Verma,Female,30,Bangalore,REG-03,2025-03-06,Consumer
CUST-04168,Aadhya Mukherjee,Female,31,Noida,REG-02,2023-12-11,Consumer
CUST-04169,Aanya Pandey,Female,44,Chennai,REG-03,2023-09-06,Consumer
CUST-04170,Anand Aggarwal,Male,26,Kochi,REG-03,2024-03-29,Consumer
CUST-04171,Atharv Pillai,Male,18,Gwalior,REG-05,2025-10-11,Consumer
CUST-04172,Aanya Mukherjee,Female,32,Patna,REG-04,2023-08-24,Corporate
CUST-04173,Myra Das,Female,28,Noida,REG-02,2023-02-11,Corporate
CUST-04174,Deepika Mehta,Female,23,Trivandrum,REG-03,2023-04-10,Small Business
CUST-04175,Atharv Kumar,Male,32,Ahmedabad,REG-01,2023-04-11,Corporate
CUST-04176,Saanvi Bhat,Female,39,Vadodara,REG-01,2023-07-31,Small Business
CUST-04177,Tanvi Sharma,Female,33,Kanpur,REG-02,2023-03-29,Corporate
CUST-04178,Anushka Das,Female,37,Chennai,REG-03,2024-06-09,Consumer
CUST-04179,Simran Reddy,Female,53,Jaipur,REG-02,2024-06-23,Consumer
CUST-04180,Saanvi Pandey,Female,30,Jaipur,REG-02,2025-10-24,Consumer
CUST-04181,Anushka Deshmukh,Female,37,Kanpur,REG-02,2025-06-04,Consumer
CUST-04182,Vikram Kapoor,Male,28,Mysore,REG-03,2023-03-25,Consumer
CUST-04183,Krishna Patel,Male,24,Delhi,REG-02,2024-08-17,Consumer
CUST-04184,Karan Kapoor,Male,27,Kanpur,REG-02,2024-01-02,Consumer
CUST-04185,Nikhil Kapoor,Male,28,Visakhapatnam,REG-03,2025-04-11,Corporate
CUST-04186,Sunita Das,Female,37,Patna,REG-04,2023-04-02,Consumer
CUST-04187,Diya Kulkarni,Female,59,Nagpur,REG-01,2023-09-10,Consumer
CUST-04188,Suresh Bose,Male,26,Raipur,REG-05,2023-01-30,Consumer
CUST-04189,Shreya Bose,Female,29,Nashik,REG-01,2025-03-05,Consumer
CUST-04190,Ira Singh,Female,33,Cuttack,REG-04,2025-03-28,Consumer
CUST-04191,Diya Das,Female,38,Coimbatore,REG-03,2025-03-30,Corporate
CUST-04192,Deepika Saxena,Female,36,Visakhapatnam,REG-03,2023-04-05,Consumer
CUST-04193,Sai Pandey,Male,48,Visakhapatnam,REG-03,2024-08-27,Consumer
CUST-04194,Atharv Pandey,Male,18,Indore,REG-05,2024-02-27,Consumer
CUST-04195,Myra Singh,Female,18,Lucknow,REG-02,2024-11-27,Consumer
CUST-04196,Ira Pandey,Female,28,Panaji,REG-01,2024-09-24,Consumer
CUST-04197,Avani Kumar,Female,46,Mumbai,REG-01,2024-11-26,Corporate
CUST-04198,Atharv Shah,Male,18,Patna,REG-04,2024-11-07,Consumer
CUST-04199,Manish Mehta,Male,18,Mysore,REG-03,2025-04-27,Consumer
CUST-04200,Simran Das,Female,40,Ahmedabad,REG-01,2024-05-11,Consumer
CUST-04201,Anushka Mehta,Female,36,Pune,REG-01,2023-10-28,Small Business
CUST-04202,Swati Nair,Female,22,Indore,REG-05,2023-08-12,Corporate
CUST-04203,Suresh Kapoor,Male,23,Bhubaneswar,REG-04,2023-03-05,Corporate
CUST-04204,Aditi Kulkarni,Female,23,Coimbatore,REG-03,2024-02-08,Consumer
CUST-04205,Sunita Pandey,Female,35,Hyderabad,REG-03,2024-09-14,Consumer
CUST-04206,Deepak Mehta,Male,27,Gurgaon,REG-02,2024-04-12,Consumer
CUST-04207,Rahul Mishra,Male,39,Chennai,REG-03,2025-10-25,Consumer
CUST-04208,Vivaan Saxena,Male,18,Trivandrum,REG-03,2023-11-05,Corporate
CUST-04209,Pranav Joshi,Male,24,Silchar,REG-06,2025-06-10,Corporate
CUST-04210,Sara Bhat,Female,21,Chandigarh,REG-02,2024-12-11,Corporate
CUST-04211,Nikhil Aggarwal,Male,31,Gurgaon,REG-02,2024-02-05,Corporate
CUST-04212,Anushka Kapoor,Other,28,Vadodara,REG-01,2024-08-28,Corporate
CUST-04213,Shaurya Gupta,Male,42,Noida,REG-02,2025-08-12,Small Business
CUST-04214,Tanvi Kumar,Female,18,Mysore,REG-03,2023-04-05,Small Business
CUST-04215,Atharv Reddy,Male,34,Hyderabad,REG-03,2025-11-12,Small Business
CUST-04216,Krishna Deshmukh,Male,40,Kanpur,REG-02,2025-02-16,Small Business
CUST-04217,Pooja Singh,Female,54,Visakhapatnam,REG-03,2024-09-04,Consumer
CUST-04218,Sneha Deshmukh,Female,28,Ahmedabad,REG-01,2023-04-24,Consumer
CUST-04219,Aditya Malhotra,Male,37,Indore,REG-05,2025-03-09,Consumer
CUST-04220,Aarohi Joshi,Female,18,Howrah,REG-04,2023-10-07,Consumer
CUST-04221,Amit Verma,Male,18,Coimbatore,REG-03,2023-06-18,Consumer
CUST-04222,Navya Sharma,Female,43,Chennai,REG-03,2023-02-01,Corporate
CUST-04223,Deepak Iyer,Male,33,Kanpur,REG-02,2024-09-18,Consumer
CUST-04224,Krishna Shah,Male,46,Pune,REG-01,2025-09-07,Consumer
CUST-04225,Karan Joshi,Male,18,Surat,REG-01,2024-07-20,Corporate
CUST-04226,Pari Das,Female,39,Ludhiana,REG-02,2023-02-28,Consumer
CUST-04227,Meera Gupta,Female,54,Bhubaneswar,REG-04,2024-04-08,Consumer
CUST-04228,Riya Joshi,Female,38,Cuttack,REG-04,2024-12-29,Corporate
CUST-04229,Deepika Patel,Female,37,Cuttack,REG-04,2025-11-03,Consumer
CUST-04230,Sneha Bose,Female,34,Ahmedabad,REG-01,2023-08-25,Consumer
CUST-04231,Riya Das,Female,18,Ludhiana,REG-02,2025-06-14,Small Business
CUST-04232,Arjun Kulkarni,Male,48,Gwalior,REG-05,2023-04-03,Small Business
CUST-04233,Vihaan Kumar,Male,27,Surat,REG-01,2024-10-20,Consumer
CUST-04234,Abhishek Deshmukh,Male,39,Nashik,REG-01,2024-02-28,Consumer
CUST-04235,Sneha Trivedi,Other,18,Cuttack,REG-04,2024-03-23,Corporate
CUST-04236,Diya Deshmukh,Female,21,Ludhiana,REG-02,2024-06-07,Consumer
CUST-04237,Advik Bose,Male,49,Jaipur,REG-02,2025-04-03,Consumer
CUST-04238,Avani Bose,Female,30,Shillong,REG-06,2023-11-28,Corporate
CUST-04239,Ananya Mehta,Female,49,Indore,REG-05,2023-09-18,Consumer
CUST-04240,Anika Mishra,Female,33,Jabalpur,REG-05,2023-12-04,Consumer
CUST-04241,Tanvi Deshmukh,Female,18,Vadodara,REG-01,2024-03-17,Consumer
CUST-04242,Aarav Shah,Male,43,Jaipur,REG-02,2025-06-01,Consumer
CUST-04243,Aanya Trivedi,Female,27,Kanpur,REG-02,2023-03-08,Corporate
CUST-04244,Navya Mehta,Female,41,Vadodara,REG-01,2024-06-25,Consumer
CUST-04245,Rajesh Choudhury,Male,34,Noida,REG-02,2023-08-19,Small Business
CUST-04246,Preeti Saxena,Female,18,Noida,REG-02,2023-11-12,Small Business
CUST-04247,Aarav Mishra,Male,35,Lucknow,REG-02,2025-08-15,Consumer
CUST-04248,Nikhil Aggarwal,Male,58,Surat,REG-01,2025-02-09,Consumer
CUST-04249,Aarohi Patel,Female,39,Howrah,REG-04,2024-11-23,Consumer
CUST-04250,Meera Pandey,Female,33,Mysore,REG-03,2024-06-12,Consumer
CUST-04251,Riya Pillai,Female,45,Kolkata,REG-04,2024-03-03,Corporate
CUST-04252,Deepak Aggarwal,Male,36,Ludhiana,REG-02,2023-12-30,Consumer
CUST-04253,Kabir Kulkarni,Male,36,Mysore,REG-03,2024-03-05,Consumer
CUST-04254,Aadhya Gupta,Female,21,Raipur,REG-05,2023-07-02,Consumer
CUST-04255,Arjun Pillai,Other,36,Delhi,REG-02,2024-09-01,Consumer
CUST-04256,Preeti Singh,Female,45,Mumbai,REG-01,2025-09-30,Corporate
CUST-04257,Karan Sharma,Male,24,Pune,REG-01,2023-06-17,Consumer
CUST-04258,Ishaan Bhat,Male,49,Agartala,REG-06,2024-08-02,Consumer
CUST-04259,Krishna Kulkarni,Male,32,Chennai,REG-03,2024-06-19,Small Business
CUST-04260,Aadhya Sharma,Female,24,Gwalior,REG-05,2025-03-17,Consumer
CUST-04261,Tanvi Pandey,Female,44,Raipur,REG-05,2025-07-31,Consumer
CUST-04262,Gaurav Kapoor,Male,30,Dibrugarh,REG-06,2023-07-03,Consumer
CUST-04263,Navya Bhat,Female,42,Bangalore,REG-03,2025-02-20,Consumer
CUST-04264,Ira Deshmukh,Female,30,Trivandrum,REG-03,2025-07-14,Consumer
CUST-04265,Anand Bose,Male,33,Ahmedabad,REG-01,2024-02-01,Consumer
CUST-04266,Ayaan Malhotra,Male,39,Panaji,REG-01,2025-11-08,Corporate
CUST-04267,Avani Kumar,Female,37,Raipur,REG-05,2025-08-18,Consumer
CUST-04268,Deepika Joshi,Female,18,Ludhiana,REG-02,2024-02-05,Consumer
CUST-04269,Avani Sharma,Female,21,Panaji,REG-01,2024-09-23,Consumer
CUST-04270,Advaith Malhotra,Male,44,Hyderabad,REG-03,2025-04-27,Consumer
CUST-04271,Kavya Bhat,Female,32,Kanpur,REG-02,2023-05-09,Consumer
CUST-04272,Myra Malhotra,Female,28,Kochi,REG-03,2024-12-11,Consumer
CUST-04273,Saanvi Mishra,Other,19,Asansol,REG-04,2024-08-23,Corporate
CUST-04274,Swati Gupta,Female,22,Imphal,REG-06,2024-07-14,Consumer
CUST-04275,Sai Bose,Male,18,Nashik,REG-01,2025-03-21,Corporate
CUST-04276,Sunita Saxena,Female,32,Bhubaneswar,REG-04,2025-03-17,Corporate
CUST-04277,Meera Chopra,Female,27,Trivandrum,REG-03,2025-02-27,Consumer
CUST-04278,Deepika Nair,Female,23,Dibrugarh,REG-06,2023-06-10,Consumer
CUST-04279,Aditi Choudhury,Female,33,Nashik,REG-01,2024-06-01,Corporate
CUST-04280,Anushka Kapoor,Female,38,Mumbai,REG-01,2025-01-16,Consumer
CUST-04281,Vikram Kapoor,Male,57,Vadodara,REG-01,2025-03-26,Consumer
CUST-04282,Vikram Nair,Male,18,Delhi,REG-02,2024-04-30,Consumer
CUST-04283,Angel Rao,Female,46,Bhopal,REG-05,2025-09-14,Consumer
CUST-04284,Rohan Gupta,Male,44,Panaji,REG-01,2025-04-05,Consumer
CUST-04285,Vikram Mehta,Male,25,Nagpur,REG-01,2024-09-12,Small Business
CUST-04286,Anushka Shah,Female,36,Delhi,REG-02,2025-08-30,Consumer
CUST-04287,Rajesh Trivedi,Male,28,Jaipur,REG-02,2023-01-03,Corporate
CUST-04288,Sai Saxena,Male,36,Agartala,REG-06,2023-03-02,Consumer
CUST-04289,Manish Trivedi,Male,50,Panaji,REG-01,2025-11-23,Consumer
CUST-04290,Deepika Pillai,Female,40,Lucknow,REG-02,2024-08-19,Small Business
CUST-04291,Amit Mukherjee,Male,39,Kanpur,REG-02,2025-06-03,Corporate
CUST-04292,Karan Mishra,Male,29,Imphal,REG-06,2024-02-07,Corporate
CUST-04293,Riya Nair,Female,18,Ahmedabad,REG-01,2023-04-20,Consumer
CUST-04294,Diya Pandey,Female,31,Kolkata,REG-04,2023-07-01,Consumer
CUST-04295,Kavya Verma,Female,47,Chennai,REG-03,2024-11-02,Consumer
CUST-04296,Kabir Nair,Male,18,Visakhapatnam,REG-03,2025-09-01,Consumer
CUST-04297,Kabir Gupta,Male,22,Guwahati,REG-06,2025-05-24,Consumer
CUST-04298,Abhishek Chopra,Male,35,Jaipur,REG-02,2024-07-06,Consumer
CUST-04299,Rahul Gupta,Male,23,Bhopal,REG-05,2024-12-05,Consumer
CUST-04300,Shreya Kumar,Female,25,Gurgaon,REG-02,2025-08-15,Consumer
CUST-04301,Kabir Kulkarni,Male,29,Ludhiana,REG-02,2023-05-04,Consumer
CUST-04302,Swati Aggarwal,Female,18,Chennai,REG-03,2023-11-24,Consumer
CUST-04303,Manish Bose,Male,23,Ujjain,REG-05,2024-03-23,Consumer
CUST-04304,Dhruv Deshmukh,Male,41,Chandigarh,REG-02,2023-07-29,Consumer
CUST-04305,Swati Shah,Female,19,Nagpur,REG-01,2025-10-22,Consumer
CUST-04306,Suresh Bhat,Male,18,Kolkata,REG-04,2025-09-29,Consumer
CUST-04307,Deepika Saxena,Female,27,Asansol,REG-04,2025-01-14,Consumer
CUST-04308,Pranav Nair,Male,42,Mumbai,REG-01,2025-07-20,Consumer
CUST-04309,Shreya Kapoor,Female,31,Chandigarh,REG-02,2025-11-15,Small Business
CUST-04310,Navya Nair,Female,28,Mysore,REG-03,2025-08-05,Consumer
CUST-04311,Myra Malhotra,Female,34,Delhi,REG-02,2024-08-19,Corporate
CUST-04312,Riya Kumar,Female,18,Bangalore,REG-03,2024-01-23,Consumer
CUST-04313,Karan Pandey,Male,39,Trivandrum,REG-03,2024-06-08,Consumer
CUST-04314,Kavya Kulkarni,Female,38,Bhubaneswar,REG-04,2025-10-26,Corporate
CUST-04315,Angel Trivedi,Female,29,Panaji,REG-01,2024-03-17,Consumer
CUST-04316,Myra Verma,Other,45,Jaipur,REG-02,2025-06-11,Consumer
CUST-04317,Myra Singh,Female,21,Delhi,REG-02,2023-09-12,Corporate
CUST-04318,Gaurav Shah,Male,46,Hyderabad,REG-03,2025-04-03,Consumer
CUST-04319,Vikram Pandey,Male,35,Indore,REG-05,2025-01-03,Corporate
CUST-04320,Krishna Sharma,Male,30,Guwahati,REG-06,2025-06-20,Consumer
CUST-04321,Aditi Joshi,Female,33,Delhi,REG-02,2024-01-04,Consumer
CUST-04322,Sai Sharma,Male,32,Panaji,REG-01,2024-03-16,Consumer
CUST-04323,Myra Sharma,Female,47,Ahmedabad,REG-01,2024-02-15,Consumer
CUST-04324,Ananya Aggarwal,Female,22,Nagpur,REG-01,2025-11-25,Consumer
CUST-04325,Diya Bhat,Female,25,Ujjain,REG-05,2023-03-08,Consumer
CUST-04326,Aanya Shah,Female,45,Agartala,REG-06,2024-08-12,Consumer
CUST-04327,Kabir Joshi,Male,27,Ludhiana,REG-02,2025-07-04,Corporate
CUST-04328,Sneha Choudhury,Female,43,Panaji,REG-01,2024-11-01,Consumer
CUST-04329,Sara Mishra,Female,52,Ahmedabad,REG-01,2025-09-22,Consumer
CUST-04330,Tanvi Bhat,Female,29,Jabalpur,REG-05,2024-07-16,Corporate
CUST-04331,Preeti Mehta,Female,41,Hyderabad,REG-03,2025-01-12,Consumer
CUST-04332,Pranav Menon,Male,21,Chennai,REG-03,2024-11-20,Small Business
CUST-04333,Navya Verma,Female,42,Bhopal,REG-05,2025-05-16,Corporate
CUST-04334,Priyanka Chopra,Female,36,Raipur,REG-05,2025-10-24,Consumer
CUST-04335,Rajesh Chopra,Male,39,Vadodara,REG-01,2025-11-15,Consumer
CUST-04336,Aarohi Trivedi,Female,26,Bhubaneswar,REG-04,2023-03-04,Consumer
CUST-04337,Krishna Iyer,Male,18,Chandigarh,REG-02,2023-03-26,Consumer
CUST-04338,Advaith Shah,Male,39,Gwalior,REG-05,2025-01-09,Consumer
CUST-04339,Suresh Saxena,Male,18,Patna,REG-04,2025-01-24,Corporate
CUST-04340,Aditya Mishra,Male,30,Ahmedabad,REG-01,2023-11-09,Consumer
CUST-04341,Diya Deshmukh,Female,44,Ranchi,REG-04,2025-10-14,Small Business
CUST-04342,Rahul Mishra,Male,36,Vadodara,REG-01,2023-08-29,Consumer
CUST-04343,Arjun Mishra,Male,55,Lucknow,REG-02,2025-09-15,Consumer
CUST-04344,Saanvi Kulkarni,Female,45,Vadodara,REG-01,2024-11-08,Corporate
CUST-04345,Diya Rao,Female,26,Gwalior,REG-05,2025-05-02,Consumer
CUST-04346,Manish Mishra,Male,34,Jabalpur,REG-05,2025-05-23,Consumer
CUST-04347,Myra Saxena,Female,33,Ludhiana,REG-02,2023-08-29,Consumer
CUST-04348,Ayaan Chopra,Male,18,Indore,REG-05,2025-07-11,Consumer
CUST-04349,Manish Saxena,Male,23,Vadodara,REG-01,2023-09-11,Corporate
CUST-04350,Ananya Kulkarni,Female,27,Nashik,REG-01,2025-03-24,Consumer
CUST-04351,Diya Pandey,Female,18,Noida,REG-02,2024-02-18,Consumer
CUST-04352,Deepak Kapoor,Male,34,Kolkata,REG-04,2024-11-25,Consumer
CUST-04353,Rohan Reddy,Male,31,Bhubaneswar,REG-04,2024-12-29,Consumer
CUST-04354,Gaurav Joshi,Male,18,Ujjain,REG-05,2024-01-19,Small Business
CUST-04355,Rohan Malhotra,Male,38,Panaji,REG-01,2025-09-17,Consumer
CUST-04356,Kavya Mukherjee,Female,41,Mysore,REG-03,2023-01-16,Consumer
CUST-04357,Neha Patel,Female,36,Nagpur,REG-01,2023-04-15,Consumer
CUST-04358,Aditya Joshi,Male,30,Bilaspur,REG-05,2025-08-23,Consumer
CUST-04359,Aadhya Kapoor,Female,40,Ranchi,REG-04,2024-04-19,Consumer
CUST-04360,Sunita Verma,Female,41,Cuttack,REG-04,2024-05-11,Corporate
CUST-04361,Kavya Verma,Female,37,Mysore,REG-03,2023-02-20,Small Business
CUST-04362,Atharv Saxena,Male,24,Patna,REG-04,2023-06-10,Consumer
CUST-04363,Reyansh Kumar,Male,37,Nagpur,REG-01,2024-08-06,Consumer
CUST-04364,Anika Malhotra,Female,47,Kochi,REG-03,2024-03-20,Small Business
CUST-04365,Dhruv Pillai,Male,27,Mumbai,REG-01,2024-04-28,Consumer
CUST-04366,Sneha Kumar,Female,57,Guwahati,REG-06,2024-03-08,Consumer
CUST-04367,Advaith Bhat,Male,28,Nagpur,REG-01,2025-07-16,Consumer
CUST-04368,Abhishek Nair,Male,34,Ujjain,REG-05,2023-10-04,Corporate
CUST-04369,Diya Bhat,Female,26,Patna,REG-04,2024-08-25,Consumer
CUST-04370,Kavya Iyer,Female,36,Hyderabad,REG-03,2025-04-25,Consumer
CUST-04371,Angel Deshmukh,Female,18,Kochi,REG-03,2023-12-07,Corporate
CUST-04372,Kavya Mukherjee,Female,27,Panaji,REG-01,2025-11-27,Consumer
CUST-04373,Riya Deshmukh,Female,21,Bhubaneswar,REG-04,2024-07-12,Consumer
CUST-04374,Advik Bhat,Male,35,Noida,REG-02,2024-09-18,Small Business
CUST-04375,Gaurav Das,Male,44,Panaji,REG-01,2024-05-25,Consumer
CUST-04376,Rajesh Mukherjee,Male,41,Gurgaon,REG-02,2024-02-06,Consumer
CUST-04377,Arjun Kapoor,Male,18,Delhi,REG-02,2025-02-07,Consumer
CUST-04378,Ira Bose,Female,56,Noida,REG-02,2023-09-07,Consumer
CUST-04379,Simran Singh,Female,37,Hyderabad,REG-03,2024-05-12,Consumer
CUST-04380,Sunita Kapoor,Female,25,Nagpur,REG-01,2025-10-01,Consumer
CUST-04381,Navya Deshmukh,Female,35,Nashik,REG-01,2024-07-06,Consumer
CUST-04382,Suresh Patel,Male,35,Nagpur,REG-01,2025-10-04,Small Business
CUST-04383,Sneha Chopra,Female,26,Kochi,REG-03,2023-04-16,Small Business
CUST-04384,Myra Pillai,Female,36,Jaipur,REG-02,2025-07-09,Consumer
CUST-04385,Shreya Shah,Female,27,Bhubaneswar,REG-04,2025-07-31,Consumer
CUST-04386,Saanvi Verma,Female,29,Raipur,REG-05,2023-05-18,Corporate
CUST-04387,Advik Kapoor,Male,26,Howrah,REG-04,2025-05-19,Consumer
CUST-04388,Vikram Nair,Male,18,Nagpur,REG-01,2024-04-04,Consumer
CUST-04389,Pranav Mehta,Male,35,Kanpur,REG-02,2024-12-28,Consumer
CUST-04390,Krishna Kumar,Male,40,Vadodara,REG-01,2023-11-06,Consumer
CUST-04391,Kavya Deshmukh,Female,39,Pune,REG-01,2025-01-25,Consumer
CUST-04392,Aditya Kapoor,Male,43,Mysore,REG-03,2023-02-14,Corporate
CUST-04393,Amit Mehta,Male,37,Panaji,REG-01,2024-10-16,Consumer
CUST-04394,Krishna Gupta,Male,28,Ujjain,REG-05,2024-01-16,Consumer
CUST-04395,Deepak Kulkarni,Male,43,Jabalpur,REG-05,2024-02-24,Consumer
CUST-04396,Rahul Aggarwal,Male,19,Asansol,REG-04,2024-07-25,Consumer
CUST-04397,Vihaan Sharma,Male,24,Noida,REG-02,2025-10-02,Consumer
CUST-04398,Arjun Das,Male,23,Vadodara,REG-01,2024-12-16,Consumer
CUST-04399,Tanvi Pandey,Female,45,Gwalior,REG-05,2025-04-12,Consumer
CUST-04400,Myra Mishra,Female,44,Mumbai,REG-01,2024-01-05,Consumer
CUST-04401,Aarohi Mehta,Female,39,Patna,REG-04,2024-10-10,Small Business
CUST-04402,Reyansh Verma,Male,45,Delhi,REG-02,2025-09-18,Consumer
CUST-04403,Meera Joshi,Female,24,Mumbai,REG-01,2025-05-26,Consumer
CUST-04404,Ananya Trivedi,Female,37,Indore,REG-05,2023-08-11,Consumer
CUST-04405,Diya Chopra,Female,32,Patna,REG-04,2025-07-30,Consumer
CUST-04406,Dhruv Pandey,Other,43,Vadodara,REG-01,2024-05-18,Consumer
CUST-04407,Ishaan Reddy,Male,32,Patna,REG-04,2025-04-27,Consumer
CUST-04408,Karan Verma,Male,29,Surat,REG-01,2025-04-02,Consumer
CUST-04409,Atharv Chopra,Male,39,Trivandrum,REG-03,2023-10-26,Consumer
CUST-04410,Shaurya Singh,Male,43,Gurgaon,REG-02,2023-04-21,Consumer
CUST-04411,Abhishek Kulkarni,Male,26,Patna,REG-04,2025-07-20,Corporate
CUST-04412,Aarav Trivedi,Male,33,Dibrugarh,REG-06,2025-06-13,Consumer
CUST-04413,Rahul Sharma,Male,22,Noida,REG-02,2023-05-26,Small Business
CUST-04414,Kabir Patel,Male,18,Jabalpur,REG-05,2024-02-19,Corporate
CUST-04415,Sara Saxena,Female,36,Cuttack,REG-04,2024-04-15,Corporate
CUST-04416,Saanvi Kapoor,Female,40,Raipur,REG-05,2024-07-31,Corporate
CUST-04417,Aadhya Mishra,Female,36,Raipur,REG-05,2025-08-26,Corporate
CUST-04418,Neha Iyer,Female,18,Pune,REG-01,2024-04-10,Consumer
CUST-04419,Advik Malhotra,Male,30,Jaipur,REG-02,2024-11-08,Corporate
CUST-04420,Ananya Choudhury,Female,18,Pune,REG-01,2023-05-13,Consumer
CUST-04421,Kabir Verma,Male,49,Kolkata,REG-04,2023-04-13,Consumer
CUST-04422,Advik Menon,Male,22,Lucknow,REG-02,2024-04-04,Small Business
CUST-04423,Ayaan Sharma,Male,47,Jaipur,REG-02,2024-09-11,Consumer
CUST-04424,Aanya Sharma,Female,44,Coimbatore,REG-03,2023-09-02,Consumer
CUST-04425,Advaith Deshmukh,Other,24,Bhopal,REG-05,2023-10-28,Consumer
CUST-04426,Gaurav Choudhury,Male,21,Delhi,REG-02,2023-08-16,Corporate
CUST-04427,Suresh Mishra,Male,37,Kochi,REG-03,2024-03-10,Small Business
CUST-04428,Neha Choudhury,Female,24,Ludhiana,REG-02,2025-02-05,Consumer
CUST-04429,Advik Das,Male,35,Delhi,REG-02,2024-12-27,Consumer
CUST-04430,Manish Reddy,Male,28,Silchar,REG-06,2024-05-04,Consumer
CUST-04431,Aanya Malhotra,Female,18,Jaipur,REG-02,2023-06-21,Corporate
CUST-04432,Pooja Gupta,Female,18,Pune,REG-01,2025-09-26,Consumer
CUST-04433,Nikhil Iyer,Other,36,Bangalore,REG-03,2025-11-29,Consumer
CUST-04434,Meera Iyer,Female,27,Panaji,REG-01,2024-08-29,Small Business
CUST-04435,Simran Singh,Female,27,Agartala,REG-06,2024-02-19,Small Business
CUST-04436,Aarav Malhotra,Male,41,Trivandrum,REG-03,2025-01-25,Consumer
CUST-04437,Sai Mishra,Male,46,Panaji,REG-01,2025-05-21,Consumer
CUST-04438,Pari Deshmukh,Female,31,Ahmedabad,REG-01,2025-04-21,Consumer
CUST-04439,Deepak Pandey,Male,30,Trivandrum,REG-03,2023-05-13,Consumer
CUST-04440,Karan Mishra,Male,39,Pune,REG-01,2023-02-24,Small Business
CUST-04441,Aditi Reddy,Female,19,Delhi,REG-02,2023-05-20,Consumer
CUST-04442,Saanvi Pandey,Female,36,Visakhapatnam,REG-03,2023-04-11,Consumer
CUST-04443,Arjun Kulkarni,Male,40,Howrah,REG-04,2023-12-11,Consumer
CUST-04444,Karan Saxena,Male,41,Visakhapatnam,REG-03,2025-08-10,Corporate
CUST-04445,Aditi Verma,Female,18,Nashik,REG-01,2023-10-02,Consumer
CUST-04446,Abhishek Mehta,Male,25,Panaji,REG-01,2025-05-24,Consumer
CUST-04447,Priyanka Shah,Female,24,Kanpur,REG-02,2023-02-27,Small Business
CUST-04448,Amit Chopra,Male,35,Agartala,REG-06,2025-03-10,Consumer
CUST-04449,Aarohi Pillai,Female,39,Patna,REG-04,2023-03-17,Consumer
CUST-04450,Preeti Mehta,Female,50,Agartala,REG-06,2025-04-01,Consumer
CUST-04451,Simran Pillai,Female,28,Bilaspur,REG-05,2025-07-30,Corporate
CUST-04452,Aditi Malhotra,Female,28,Mysore,REG-03,2023-04-02,Consumer
CUST-04453,Pranav Deshmukh,Male,46,Asansol,REG-04,2025-05-02,Consumer
CUST-04454,Rohan Mehta,Male,37,Chennai,REG-03,2025-09-30,Corporate
CUST-04455,Advaith Iyer,Male,47,Kochi,REG-03,2025-02-04,Corporate
CUST-04456,Priyanka Malhotra,Female,37,Mysore,REG-03,2024-09-20,Consumer
CUST-04457,Advik Das,Male,21,Visakhapatnam,REG-03,2023-09-12,Consumer
CUST-04458,Vivaan Pandey,Male,19,Surat,REG-01,2023-05-07,Consumer
CUST-04459,Kavya Kapoor,Female,18,Hyderabad,REG-03,2025-02-20,Corporate
CUST-04460,Aditya Pillai,Male,41,Lucknow,REG-02,2024-03-07,Consumer
CUST-04461,Anika Kapoor,Female,47,Nashik,REG-01,2024-03-19,Consumer
CUST-04462,Sneha Singh,Female,54,Visakhapatnam,REG-03,2025-02-04,Consumer
CUST-04463,Shaurya Kumar,Male,43,Gurgaon,REG-02,2023-04-20,Consumer
CUST-04464,Tanvi Rao,Female,46,Agartala,REG-06,2025-09-10,Consumer
CUST-04465,Rohan Kumar,Male,27,Lucknow,REG-02,2024-08-17,Corporate
CUST-04466,Ayaan Pillai,Male,21,Shillong,REG-06,2023-10-09,Consumer
CUST-04467,Amit Deshmukh,Male,43,Mysore,REG-03,2023-01-17,Corporate
CUST-04468,Angel Malhotra,Female,38,Asansol,REG-04,2025-06-18,Consumer
CUST-04469,Deepika Verma,Female,35,Ludhiana,REG-02,2025-10-10,Corporate
CUST-04470,Neha Patel,Female,38,Lucknow,REG-02,2023-06-01,Small Business
CUST-04471,Anika Iyer,Female,37,Kochi,REG-03,2024-12-17,Consumer
CUST-04472,Aadhya Patel,Female,48,Ranchi,REG-04,2024-12-21,Consumer
CUST-04473,Sunita Deshmukh,Female,48,Vadodara,REG-01,2025-11-21,Consumer
CUST-04474,Ira Pillai,Female,39,Bhubaneswar,REG-04,2025-07-12,Consumer
CUST-04475,Atharv Trivedi,Other,43,Kochi,REG-03,2024-02-13,Consumer
CUST-04476,Advik Trivedi,Male,39,Ranchi,REG-04,2023-01-10,Corporate
CUST-04477,Myra Sharma,Female,28,Chandigarh,REG-02,2024-04-11,Corporate
CUST-04478,Swati Nair,Female,42,Noida,REG-02,2023-05-04,Corporate
CUST-04479,Ishaan Singh,Male,18,Ujjain,REG-05,2025-08-28,Consumer
CUST-04480,Krishna Pandey,Male,45,Chennai,REG-03,2023-01-03,Consumer
CUST-04481,Aadhya Bhat,Female,20,Trivandrum,REG-03,2023-08-21,Consumer
CUST-04482,Karan Mishra,Male,37,Kochi,REG-03,2025-01-27,Consumer
CUST-04483,Anika Bhat,Female,24,Noida,REG-02,2023-07-26,Consumer
CUST-04484,Aanya Mishra,Female,40,Nashik,REG-01,2025-01-26,Consumer
CUST-04485,Preeti Pandey,Female,33,Gurgaon,REG-02,2025-02-26,Consumer
CUST-04486,Myra Shah,Female,18,Kanpur,REG-02,2023-11-30,Consumer
CUST-04487,Vihaan Pandey,Male,38,Vadodara,REG-01,2025-03-08,Consumer
CUST-04488,Ananya Malhotra,Female,27,Vadodara,REG-01,2023-01-09,Consumer
CUST-04489,Tanvi Deshmukh,Female,43,Vadodara,REG-01,2024-04-14,Consumer
CUST-04490,Vivaan Shah,Male,34,Silchar,REG-06,2024-11-28,Corporate
CUST-04491,Anand Verma,Male,38,Kolkata,REG-04,2025-05-04,Consumer
CUST-04492,Swati Pillai,Female,23,Chennai,REG-03,2023-04-16,Consumer
CUST-04493,Suresh Mehta,Other,27,Jaipur,REG-02,2023-10-01,Consumer
CUST-04494,Meera Patel,Female,28,Kolkata,REG-04,2023-12-16,Consumer
CUST-04495,Riya Chopra,Female,43,Kanpur,REG-02,2025-11-19,Consumer
CUST-04496,Kavya Nair,Female,52,Chennai,REG-03,2024-11-18,Consumer
CUST-04497,Anand Gupta,Male,25,Jaipur,REG-02,2023-01-26,Consumer
CUST-04498,Vikram Saxena,Male,45,Raipur,REG-05,2025-06-01,Consumer
CUST-04499,Pooja Mehta,Female,18,Noida,REG-02,2025-02-03,Corporate
CUST-04500,Neha Verma,Female,20,Patna,REG-04,2024-09-14,Consumer
CUST-04501,Gaurav Pillai,Male,23,Bilaspur,REG-05,2023-07-30,Consumer
CUST-04502,Rahul Shah,Male,19,Chennai,REG-03,2024-08-17,Consumer
CUST-04503,Aditya Gupta,Male,18,Bhubaneswar,REG-04,2025-03-23,Small Business
CUST-04504,Neha Mehta,Female,38,Gurgaon,REG-02,2025-04-24,Consumer
CUST-04505,Vihaan Pandey,Male,31,Mumbai,REG-01,2023-08-10,Consumer
CUST-04506,Ananya Verma,Female,38,Coimbatore,REG-03,2024-09-21,Consumer
CUST-04507,Sneha Bhat,Female,41,Jaipur,REG-02,2024-08-31,Consumer
CUST-04508,Ananya Deshmukh,Female,36,Pune,REG-01,2024-05-21,Consumer
CUST-04509,Anand Chopra,Male,41,Guwahati,REG-06,2025-05-02,Consumer
CUST-04510,Amit Pillai,Male,33,Panaji,REG-01,2024-01-27,Corporate
CUST-04511,Pooja Kapoor,Female,20,Pune,REG-01,2023-07-21,Consumer
CUST-04512,Abhishek Singh,Male,45,Panaji,REG-01,2025-04-04,Corporate
CUST-04513,Pari Trivedi,Female,27,Agartala,REG-06,2024-01-10,Consumer
CUST-04514,Saanvi Choudhury,Female,23,Vadodara,REG-01,2025-03-19,Consumer
CUST-04515,Gaurav Patel,Male,32,Hyderabad,REG-03,2023-01-21,Small Business
CUST-04516,Deepak Pandey,Male,23,Agartala,REG-06,2023-11-22,Consumer
CUST-04517,Rajesh Verma,Male,29,Ranchi,REG-04,2025-02-27,Consumer
CUST-04518,Priyanka Shah,Female,37,Howrah,REG-04,2025-10-07,Consumer
CUST-04519,Kavya Aggarwal,Female,37,Ludhiana,REG-02,2024-09-11,Consumer
CUST-04520,Sunita Trivedi,Female,24,Jabalpur,REG-05,2023-10-02,Consumer
CUST-04521,Shaurya Kumar,Male,28,Asansol,REG-04,2023-04-17,Consumer
CUST-04522,Anushka Verma,Female,45,Raipur,REG-05,2023-05-30,Consumer
CUST-04523,Aditi Menon,Female,39,Visakhapatnam,REG-03,2023-10-24,Consumer
CUST-04524,Arjun Joshi,Male,56,Kanpur,REG-02,2024-12-10,Consumer
CUST-04525,Manish Saxena,Male,46,Kochi,REG-03,2023-12-31,Consumer
CUST-04526,Tanvi Choudhury,Female,46,Dibrugarh,REG-06,2024-04-24,Consumer
CUST-04527,Sai Reddy,Male,18,Chennai,REG-03,2023-12-13,Corporate
CUST-04528,Reyansh Shah,Male,42,Lucknow,REG-02,2023-12-07,Corporate
CUST-04529,Amit Mukherjee,Male,33,Visakhapatnam,REG-03,2023-03-23,Consumer
CUST-04530,Navya Joshi,Female,27,Jabalpur,REG-05,2024-04-18,Consumer
CUST-04531,Sara Pillai,Female,35,Pune,REG-01,2025-05-23,Consumer
CUST-04532,Shreya Patel,Female,44,Mysore,REG-03,2024-05-25,Consumer
CUST-04533,Vivaan Joshi,Male,39,Nashik,REG-01,2023-01-07,Consumer
CUST-04534,Manish Rao,Male,24,Coimbatore,REG-03,2024-08-01,Consumer
CUST-04535,Aditi Shah,Female,42,Jaipur,REG-02,2025-07-23,Consumer
CUST-04536,Pranav Singh,Male,26,Patna,REG-04,2023-01-24,Corporate
CUST-04537,Sara Patel,Female,36,Coimbatore,REG-03,2024-07-26,Corporate
CUST-04538,Sai Kumar,Male,30,Gwalior,REG-05,2024-11-12,Consumer
CUST-04539,Karan Pandey,Male,31,Mumbai,REG-01,2024-11-01,Consumer
CUST-04540,Vihaan Pillai,Male,42,Jaipur,REG-02,2023-08-13,Small Business
CUST-04541,Swati Mehta,Female,22,Nagpur,REG-01,2025-10-16,Consumer
CUST-04542,Ayaan Mishra,Male,55,Ranchi,REG-04,2024-04-14,Consumer
CUST-04543,Vikram Sharma,Male,18,Agartala,REG-06,2023-03-04,Consumer
CUST-04544,Dhruv Trivedi,Male,27,Indore,REG-05,2023-10-16,Consumer
CUST-04545,Karan Aggarwal,Male,38,Visakhapatnam,REG-03,2023-03-22,Small Business
CUST-04546,Gaurav Malhotra,Male,40,Pune,REG-01,2023-10-14,Consumer
CUST-04547,Abhishek Saxena,Male,32,Ujjain,REG-05,2024-04-16,Consumer
CUST-04548,Shreya Deshmukh,Female,33,Asansol,REG-04,2024-10-17,Corporate
CUST-04549,Aarohi Patel,Female,38,Jabalpur,REG-05,2024-10-11,Small Business
CUST-04550,Nikhil Mishra,Male,31,Kochi,REG-03,2023-05-25,Consumer
CUST-04551,Anika Reddy,Female,49,Guwahati,REG-06,2023-02-03,Small Business
CUST-04552,Sai Reddy,Male,43,Nagpur,REG-01,2024-11-15,Corporate
CUST-04553,Angel Malhotra,Female,43,Kolkata,REG-04,2024-04-26,Corporate
CUST-04554,Sneha Saxena,Female,23,Nagpur,REG-01,2024-09-01,Consumer
CUST-04555,Aditya Malhotra,Male,33,Mumbai,REG-01,2023-09-22,Consumer
CUST-04556,Aditya Aggarwal,Male,30,Noida,REG-02,2025-07-05,Consumer
CUST-04557,Pranav Patel,Male,22,Ludhiana,REG-02,2025-07-01,Consumer
CUST-04558,Pari Menon,Female,37,Nashik,REG-01,2023-01-23,Consumer
CUST-04559,Aarav Nair,Male,28,Vadodara,REG-01,2025-10-11,Consumer
CUST-04560,Diya Iyer,Female,41,Mumbai,REG-01,2025-04-22,Consumer
CUST-04561,Aditi Sharma,Female,22,Kanpur,REG-02,2023-01-04,Consumer
CUST-04562,Aarohi Gupta,Female,52,Panaji,REG-01,2025-01-20,Consumer
CUST-04563,Neha Iyer,Female,24,Nashik,REG-01,2023-10-28,Consumer
CUST-04564,Ayaan Das,Male,36,Imphal,REG-06,2025-08-08,Consumer
CUST-04565,Advik Saxena,Male,42,Howrah,REG-04,2025-10-14,Consumer
CUST-04566,Simran Deshmukh,Female,27,Visakhapatnam,REG-03,2025-06-15,Small Business
CUST-04567,Anika Bhat,Female,43,Chennai,REG-03,2023-09-21,Corporate
CUST-04568,Aadhya Rao,Female,20,Shillong,REG-06,2025-07-23,Consumer
CUST-04569,Aanya Nair,Female,49,Kochi,REG-03,2023-03-21,Consumer
CUST-04570,Krishna Chopra,Male,34,Kanpur,REG-02,2025-11-10,Corporate
CUST-04571,Manish Saxena,Male,27,Lucknow,REG-02,2024-07-28,Consumer
CUST-04572,Shreya Sharma,Female,30,Trivandrum,REG-03,2024-09-30,Corporate
CUST-04573,Amit Kapoor,Male,42,Bhubaneswar,REG-04,2025-09-19,Corporate
CUST-04574,Vikram Gupta,Male,27,Bhopal,REG-05,2024-10-28,Consumer
CUST-04575,Arjun Verma,Male,25,Chandigarh,REG-02,2024-09-18,Consumer
CUST-04576,Neha Kumar,Female,31,Jaipur,REG-02,2024-05-30,Consumer
CUST-04577,Kabir Chopra,Male,21,Jabalpur,REG-05,2023-01-18,Consumer
CUST-04578,Advaith Kapoor,Male,54,Panaji,REG-01,2024-02-08,Consumer
CUST-04579,Pari Verma,Female,27,Mysore,REG-03,2025-01-05,Consumer
CUST-04580,Shaurya Menon,Male,43,Panaji,REG-01,2024-06-30,Consumer
CUST-04581,Aanya Deshmukh,Female,36,Cuttack,REG-04,2025-04-26,Consumer
CUST-04582,Sneha Mishra,Female,23,Hyderabad,REG-03,2023-10-05,Small Business
CUST-04583,Tanvi Shah,Female,33,Mumbai,REG-01,2025-07-21,Corporate
CUST-04584,Saanvi Shah,Female,42,Chandigarh,REG-02,2025-10-09,Corporate
CUST-04585,Vihaan Saxena,Male,31,Nagpur,REG-01,2023-08-05,Consumer
CUST-04586,Dhruv Rao,Male,47,Bhubaneswar,REG-04,2023-07-14,Small Business
CUST-04587,Suresh Iyer,Male,45,Trivandrum,REG-03,2025-09-17,Consumer
CUST-04588,Krishna Singh,Male,44,Shillong,REG-06,2024-08-21,Consumer
CUST-04589,Riya Verma,Female,28,Cuttack,REG-04,2025-04-28,Consumer
CUST-04590,Aarav Mehta,Male,22,Visakhapatnam,REG-03,2023-01-29,Consumer
CUST-04591,Advaith Menon,Male,27,Vadodara,REG-01,2024-08-24,Consumer
CUST-04592,Avani Reddy,Female,36,Nagpur,REG-01,2025-05-16,Corporate
CUST-04593,Priyanka Mishra,Female,40,Coimbatore,REG-03,2023-05-03,Corporate
CUST-04594,Aanya Nair,Female,18,Patna,REG-04,2025-11-17,Small Business
CUST-04595,Avani Das,Female,33,Hyderabad,REG-03,2024-06-18,Consumer
CUST-04596,Diya Deshmukh,Female,35,Pune,REG-01,2023-08-04,Small Business
CUST-04597,Aanya Patel,Female,30,Coimbatore,REG-03,2024-05-16,Consumer
CUST-04598,Krishna Shah,Male,48,Kanpur,REG-02,2025-01-31,Consumer
CUST-04599,Pari Deshmukh,Female,38,Noida,REG-02,2025-08-30,Consumer
CUST-04600,Ayaan Trivedi,Male,48,Bhubaneswar,REG-04,2024-02-10,Corporate
CUST-04601,Abhishek Bose,Male,31,Ranchi,REG-04,2024-08-29,Consumer
CUST-04602,Aditi Aggarwal,Female,44,Kanpur,REG-02,2023-10-10,Consumer
CUST-04603,Shreya Singh,Female,51,Pune,REG-01,2024-11-20,Consumer
CUST-04604,Aarohi Pillai,Female,48,Bhopal,REG-05,2023-10-09,Consumer
CUST-04605,Vihaan Reddy,Male,21,Howrah,REG-04,2024-02-22,Consumer
CUST-04606,Karan Singh,Male,31,Vadodara,REG-01,2024-06-26,Consumer
CUST-04607,Aditi Shah,Female,30,Lucknow,REG-02,2025-01-18,Corporate
CUST-04608,Shreya Singh,Female,39,Kanpur,REG-02,2023-09-03,Consumer
CUST-04609,Anand Chopra,Male,41,Coimbatore,REG-03,2024-07-07,Corporate
CUST-04610,Suresh Patel,Male,24,Mysore,REG-03,2024-10-06,Consumer
CUST-04611,Sunita Chopra,Female,34,Hyderabad,REG-03,2025-04-02,Consumer
CUST-04612,Priyanka Joshi,Female,18,Pune,REG-01,2024-07-06,Corporate
CUST-04613,Preeti Malhotra,Female,49,Delhi,REG-02,2024-01-10,Corporate
CUST-04614,Atharv Rao,Male,28,Lucknow,REG-02,2024-12-13,Consumer
CUST-04615,Shreya Choudhury,Female,34,Raipur,REG-05,2023-12-18,Consumer
CUST-04616,Aarav Shah,Male,30,Bhubaneswar,REG-04,2023-04-04,Corporate
CUST-04617,Sneha Patel,Female,46,Visakhapatnam,REG-03,2024-03-09,Consumer
CUST-04618,Simran Iyer,Female,18,Raipur,REG-05,2024-01-06,Consumer
CUST-04619,Riya Kulkarni,Female,33,Coimbatore,REG-03,2024-07-14,Consumer
CUST-04620,Rahul Reddy,Male,32,Nagpur,REG-01,2024-08-01,Corporate
CUST-04621,Aarav Bose,Male,29,Hyderabad,REG-03,2025-03-10,Consumer
CUST-04622,Manish Malhotra,Male,52,Jaipur,REG-02,2024-03-01,Consumer
CUST-04623,Aditi Trivedi,Female,24,Cuttack,REG-04,2024-12-21,Small Business
CUST-04624,Deepika Saxena,Female,42,Noida,REG-02,2023-10-14,Consumer
CUST-04625,Angel Sharma,Female,37,Jaipur,REG-02,2024-06-02,Corporate
CUST-04626,Reyansh Das,Male,47,Noida,REG-02,2025-06-08,Consumer
CUST-04627,Priyanka Mishra,Female,26,Shillong,REG-06,2023-10-17,Corporate
CUST-04628,Avani Sharma,Female,25,Gurgaon,REG-02,2025-03-24,Small Business
CUST-04629,Abhishek Saxena,Male,46,Nashik,REG-01,2024-08-30,Consumer
CUST-04630,Tanvi Verma,Female,38,Panaji,REG-01,2023-05-01,Consumer
CUST-04631,Anand Aggarwal,Male,18,Bhubaneswar,REG-04,2024-05-19,Consumer
CUST-04632,Swati Bhat,Female,28,Chandigarh,REG-02,2023-11-13,Consumer
CUST-04633,Ananya Malhotra,Female,38,Jabalpur,REG-05,2023-07-05,Corporate
CUST-04634,Deepak Nair,Male,43,Coimbatore,REG-03,2024-11-19,Small Business
CUST-04635,Suresh Choudhury,Male,26,Bilaspur,REG-05,2024-12-26,Corporate
CUST-04636,Sunita Mehta,Female,18,Surat,REG-01,2023-08-12,Consumer
CUST-04637,Shreya Choudhury,Female,39,Ujjain,REG-05,2023-10-22,Consumer
CUST-04638,Ayaan Singh,Male,20,Bilaspur,REG-05,2024-07-27,Small Business
CUST-04639,Vikram Gupta,Male,18,Gurgaon,REG-02,2025-09-01,Consumer
CUST-04640,Deepak Pandey,Male,18,Delhi,REG-02,2024-07-20,Small Business
CUST-04641,Deepak Bose,Male,42,Jaipur,REG-02,2023-07-23,Consumer
CUST-04642,Navya Bhat,Female,35,Pune,REG-01,2023-02-02,Consumer
CUST-04643,Anushka Mishra,Female,31,Cuttack,REG-04,2023-11-28,Consumer
CUST-04644,Diya Malhotra,Female,49,Mysore,REG-03,2023-12-14,Corporate
CUST-04645,Anushka Singh,Female,41,Kanpur,REG-02,2025-10-01,Consumer
CUST-04646,Reyansh Das,Male,51,Vadodara,REG-01,2024-03-20,Small Business
CUST-04647,Amit Trivedi,Male,18,Gurgaon,REG-02,2025-06-21,Consumer
CUST-04648,Pranav Menon,Male,33,Patna,REG-04,2023-06-13,Corporate
CUST-04649,Vivaan Sharma,Male,18,Mumbai,REG-01,2025-09-29,Consumer
CUST-04650,Krishna Gupta,Male,31,Bilaspur,REG-05,2024-05-29,Small Business
CUST-04651,Ira Trivedi,Female,31,Trivandrum,REG-03,2024-12-04,Consumer
CUST-04652,Atharv Trivedi,Male,40,Lucknow,REG-02,2023-08-17,Small Business
CUST-04653,Aarav Rao,Male,34,Kochi,REG-03,2023-05-15,Consumer
CUST-04654,Anand Saxena,Male,40,Mysore,REG-03,2023-04-16,Consumer
CUST-04655,Ayaan Deshmukh,Male,41,Lucknow,REG-02,2023-08-04,Small Business
CUST-04656,Anika Trivedi,Female,57,Guwahati,REG-06,2024-09-29,Consumer
CUST-04657,Nikhil Kumar,Male,30,Visakhapatnam,REG-03,2025-02-03,Consumer
CUST-04658,Anushka Sharma,Female,23,Trivandrum,REG-03,2023-02-07,Consumer
CUST-04659,Arjun Kumar,Male,36,Nashik,REG-01,2023-06-24,Corporate
CUST-04660,Aarohi Bhat,Female,25,Coimbatore,REG-03,2024-12-12,Consumer
CUST-04661,Deepika Aggarwal,Female,50,Kanpur,REG-02,2023-03-19,Consumer
CUST-04662,Gaurav Chopra,Male,30,Asansol,REG-04,2025-11-22,Corporate
CUST-04663,Aarohi Deshmukh,Female,27,Delhi,REG-02,2024-02-09,Consumer
CUST-04664,Deepak Rao,Male,28,Bangalore,REG-03,2025-06-07,Corporate
CUST-04665,Diya Patel,Female,41,Delhi,REG-02,2023-12-13,Small Business
CUST-04666,Aarohi Reddy,Female,32,Bhopal,REG-05,2025-06-27,Consumer
CUST-04667,Riya Kapoor,Female,26,Ludhiana,REG-02,2024-10-26,Consumer
CUST-04668,Saanvi Pillai,Female,52,Noida,REG-02,2024-09-13,Consumer
CUST-04669,Gaurav Shah,Male,24,Lucknow,REG-02,2025-03-11,Consumer
CUST-04670,Advik Singh,Male,34,Kanpur,REG-02,2024-11-25,Consumer
CUST-04671,Diya Menon,Female,41,Kolkata,REG-04,2024-09-23,Corporate
CUST-04672,Deepika Rao,Female,18,Jaipur,REG-02,2023-04-05,Consumer
CUST-04673,Swati Bose,Female,39,Nashik,REG-01,2025-03-01,Consumer
CUST-04674,Ishaan Das,Male,22,Ujjain,REG-05,2024-08-09,Consumer
CUST-04675,Swati Aggarwal,Female,43,Ranchi,REG-04,2025-07-08,Consumer
CUST-04676,Rohan Trivedi,Male,23,Trivandrum,REG-03,2025-11-12,Corporate
CUST-04677,Anushka Trivedi,Female,41,Raipur,REG-05,2024-10-06,Consumer
CUST-04678,Tanvi Patel,Female,46,Nagpur,REG-01,2025-07-26,Consumer
CUST-04679,Diya Patel,Female,43,Kochi,REG-03,2025-07-10,Consumer
CUST-04680,Anika Deshmukh,Female,36,Noida,REG-02,2023-11-24,Consumer
CUST-04681,Gaurav Mehta,Male,31,Chandigarh,REG-02,2024-12-30,Consumer
CUST-04682,Ananya Shah,Female,27,Indore,REG-05,2025-06-17,Consumer
CUST-04683,Aarav Iyer,Male,50,Surat,REG-01,2025-03-07,Consumer
CUST-04684,Simran Deshmukh,Female,26,Gurgaon,REG-02,2025-06-03,Corporate
CUST-04685,Ananya Menon,Female,22,Surat,REG-01,2023-11-22,Consumer
CUST-04686,Shaurya Menon,Male,41,Hyderabad,REG-03,2025-01-15,Consumer
CUST-04687,Sai Patel,Male,25,Surat,REG-01,2023-01-10,Consumer
CUST-04688,Avani Malhotra,Female,23,Mysore,REG-03,2023-08-24,Consumer
CUST-04689,Ishaan Kumar,Male,18,Kanpur,REG-02,2025-02-18,Consumer
CUST-04690,Aditi Choudhury,Female,28,Ujjain,REG-05,2024-11-14,Small Business
CUST-04691,Anika Mukherjee,Female,33,Bangalore,REG-03,2024-02-25,Consumer
CUST-04692,Angel Patel,Female,36,Patna,REG-04,2025-04-10,Consumer
CUST-04693,Rahul Bhat,Male,44,Chandigarh,REG-02,2025-06-27,Corporate
CUST-04694,Simran Sharma,Female,39,Asansol,REG-04,2023-03-31,Consumer
CUST-04695,Krishna Bose,Male,31,Vadodara,REG-01,2024-05-05,Consumer
CUST-04696,Vivaan Saxena,Male,31,Noida,REG-02,2025-09-26,Small Business
CUST-04697,Diya Gupta,Female,39,Ludhiana,REG-02,2023-06-18,Consumer
CUST-04698,Preeti Trivedi,Female,47,Ludhiana,REG-02,2025-06-13,Consumer
CUST-04699,Atharv Trivedi,Male,35,Visakhapatnam,REG-03,2024-09-08,Corporate
CUST-04700,Angel Joshi,Female,28,Jabalpur,REG-05,2025-05-28,Consumer
CUST-04701,Nikhil Rao,Male,23,Bhubaneswar,REG-04,2023-05-18,Consumer
CUST-04702,Atharv Trivedi,Male,18,Pune,REG-01,2024-05-28,Consumer
CUST-04703,Sneha Bhat,Female,41,Kanpur,REG-02,2024-02-29,Consumer
CUST-04704,Pari Patel,Female,40,Hyderabad,REG-03,2024-02-24,Consumer
CUST-04705,Neha Pandey,Female,40,Asansol,REG-04,2023-11-23,Consumer
CUST-04706,Saanvi Sharma,Female,32,Noida,REG-02,2024-03-09,Corporate
CUST-04707,Suresh Sharma,Male,49,Chandigarh,REG-02,2025-11-13,Consumer
CUST-04708,Kavya Deshmukh,Female,28,Jabalpur,REG-05,2023-05-26,Consumer
CUST-04709,Angel Mehta,Female,44,Ranchi,REG-04,2025-02-16,Consumer
CUST-04710,Pranav Rao,Male,33,Kochi,REG-03,2023-06-23,Corporate
CUST-04711,Gaurav Choudhury,Male,27,Ludhiana,REG-02,2025-03-31,Consumer
CUST-04712,Shreya Deshmukh,Female,40,Ranchi,REG-04,2025-02-01,Corporate
CUST-04713,Ira Bose,Female,38,Jabalpur,REG-05,2025-03-18,Consumer
CUST-04714,Aarav Bhat,Male,37,Mysore,REG-03,2023-10-14,Consumer
CUST-04715,Abhishek Chopra,Male,34,Bhopal,REG-05,2025-10-02,Consumer
CUST-04716,Vikram Rao,Male,33,Hyderabad,REG-03,2025-10-23,Consumer
CUST-04717,Atharv Iyer,Male,60,Patna,REG-04,2023-12-08,Consumer
CUST-04718,Suresh Rao,Male,47,Delhi,REG-02,2025-04-28,Corporate
CUST-04719,Gaurav Rao,Male,41,Lucknow,REG-02,2025-06-03,Corporate
CUST-04720,Vivaan Bose,Male,35,Patna,REG-04,2024-09-17,Consumer
CUST-04721,Anika Pillai,Female,45,Ahmedabad,REG-01,2023-06-29,Consumer
CUST-04722,Aditya Rao,Male,39,Cuttack,REG-04,2024-05-04,Consumer
CUST-04723,Aditya Mehta,Male,34,Ujjain,REG-05,2025-11-07,Consumer
CUST-04724,Atharv Nair,Male,30,Mysore,REG-03,2024-12-03,Consumer
CUST-04725,Arjun Aggarwal,Male,33,Gurgaon,REG-02,2025-03-15,Consumer
CUST-04726,Reyansh Mukherjee,Male,18,Coimbatore,REG-03,2024-12-10,Consumer
CUST-04727,Anika Chopra,Female,36,Nashik,REG-01,2024-02-14,Consumer
CUST-04728,Deepak Patel,Male,28,Mysore,REG-03,2024-12-15,Small Business
CUST-04729,Swati Das,Female,51,Lucknow,REG-02,2024-02-21,Corporate
CUST-04730,Aditi Pillai,Female,34,Kanpur,REG-02,2024-05-27,Consumer
CUST-04731,Swati Singh,Female,20,Kanpur,REG-02,2023-04-05,Consumer
CUST-04732,Meera Pillai,Female,33,Dibrugarh,REG-06,2025-06-04,Consumer
CUST-04733,Swati Das,Female,22,Ludhiana,REG-02,2025-05-12,Consumer
CUST-04734,Reyansh Bose,Male,39,Howrah,REG-04,2024-08-04,Consumer
CUST-04735,Sara Pandey,Female,37,Nashik,REG-01,2024-01-27,Consumer
CUST-04736,Simran Das,Female,44,Bhopal,REG-05,2023-07-05,Corporate
CUST-04737,Amit Shah,Male,25,Ranchi,REG-04,2023-06-07,Consumer
CUST-04738,Rajesh Das,Male,34,Gurgaon,REG-02,2023-01-19,Consumer
CUST-04739,Avani Kumar,Female,18,Ahmedabad,REG-01,2023-09-12,Corporate
CUST-04740,Deepika Patel,Female,41,Coimbatore,REG-03,2024-12-21,Corporate
CUST-04741,Gaurav Iyer,Male,39,Howrah,REG-04,2024-07-08,Consumer
CUST-04742,Vivaan Mehta,Male,39,Kanpur,REG-02,2025-04-15,Consumer
CUST-04743,Priyanka Gupta,Female,34,Agartala,REG-06,2023-03-16,Consumer
CUST-04744,Manish Singh,Male,38,Jaipur,REG-02,2024-05-07,Consumer
CUST-04745,Krishna Sharma,Male,51,Nashik,REG-01,2024-10-04,Consumer
CUST-04746,Tanvi Bhat,Female,30,Bhopal,REG-05,2024-07-14,Corporate
CUST-04747,Abhishek Iyer,Male,35,Kochi,REG-03,2024-12-10,Consumer
CUST-04748,Aarav Menon,Male,22,Silchar,REG-06,2024-03-10,Corporate
CUST-04749,Sai Bhat,Male,24,Nashik,REG-01,2023-02-20,Consumer
CUST-04750,Ishaan Shah,Male,35,Kolkata,REG-04,2023-02-19,Small Business
CUST-04751,Dhruv Mehta,Male,46,Hyderabad,REG-03,2024-04-27,Consumer
CUST-04752,Navya Shah,Female,31,Nashik,REG-01,2025-08-30,Consumer
CUST-04753,Pranav Joshi,Male,31,Ludhiana,REG-02,2025-03-25,Consumer
CUST-04754,Atharv Kulkarni,Male,29,Agartala,REG-06,2024-10-18,Consumer
CUST-04755,Diya Deshmukh,Female,28,Indore,REG-05,2025-03-08,Consumer
CUST-04756,Abhishek Malhotra,Male,37,Surat,REG-01,2023-09-19,Consumer
CUST-04757,Suresh Verma,Male,18,Bhopal,REG-05,2024-12-09,Consumer
CUST-04758,Anika Trivedi,Female,48,Lucknow,REG-02,2024-05-26,Consumer
CUST-04759,Dhruv Das,Male,26,Gwalior,REG-05,2024-11-07,Consumer
CUST-04760,Aditi Deshmukh,Female,41,Lucknow,REG-02,2023-05-24,Corporate
CUST-04761,Priyanka Mishra,Female,20,Nashik,REG-01,2023-08-18,Consumer
CUST-04762,Advaith Joshi,Male,41,Mysore,REG-03,2024-10-07,Consumer
CUST-04763,Diya Saxena,Female,41,Pune,REG-01,2025-05-13,Small Business
CUST-04764,Sai Verma,Male,38,Bilaspur,REG-05,2025-03-12,Corporate
CUST-04765,Myra Das,Female,23,Mumbai,REG-01,2024-07-19,Corporate
CUST-04766,Krishna Trivedi,Male,36,Vadodara,REG-01,2024-08-17,Consumer
CUST-04767,Meera Menon,Female,20,Trivandrum,REG-03,2023-07-10,Consumer
CUST-04768,Nikhil Shah,Male,31,Howrah,REG-04,2023-04-26,Consumer
CUST-04769,Deepak Trivedi,Male,45,Imphal,REG-06,2025-10-21,Consumer
CUST-04770,Kabir Verma,Male,42,Gwalior,REG-05,2025-07-02,Small Business
CUST-04771,Dhruv Mehta,Male,34,Surat,REG-01,2024-01-21,Consumer
CUST-04772,Vivaan Sharma,Male,23,Mumbai,REG-01,2023-05-03,Consumer
CUST-04773,Arjun Chopra,Male,41,Trivandrum,REG-03,2025-09-01,Small Business
CUST-04774,Diya Bose,Female,34,Kanpur,REG-02,2023-09-04,Consumer
CUST-04775,Diya Deshmukh,Female,18,Kochi,REG-03,2024-08-15,Consumer
CUST-04776,Reyansh Reddy,Male,42,Vadodara,REG-01,2025-02-14,Consumer
CUST-04777,Tanvi Malhotra,Female,33,Chandigarh,REG-02,2023-05-14,Consumer
CUST-04778,Meera Gupta,Female,47,Ludhiana,REG-02,2024-10-02,Consumer
CUST-04779,Nikhil Patel,Male,21,Cuttack,REG-04,2025-01-20,Consumer
CUST-04780,Riya Bose,Female,18,Trivandrum,REG-03,2025-01-05,Consumer
CUST-04781,Swati Pillai,Female,37,Kanpur,REG-02,2023-01-26,Consumer
CUST-04782,Swati Menon,Female,37,Indore,REG-05,2024-03-24,Consumer
CUST-04783,Sai Pillai,Male,18,Bilaspur,REG-05,2024-07-11,Consumer
CUST-04784,Aadhya Sharma,Female,23,Hyderabad,REG-03,2023-09-19,Consumer
CUST-04785,Myra Joshi,Female,64,Mysore,REG-03,2024-02-10,Consumer
CUST-04786,Dhruv Bose,Male,30,Chandigarh,REG-02,2023-05-24,Consumer
CUST-04787,Diya Gupta,Female,42,Nashik,REG-01,2023-04-05,Consumer
CUST-04788,Dhruv Singh,Male,26,Ahmedabad,REG-01,2023-09-07,Consumer
CUST-04789,Sara Kapoor,Female,18,Bhubaneswar,REG-04,2024-01-25,Consumer
CUST-04790,Amit Joshi,Male,32,Vadodara,REG-01,2025-03-18,Corporate
CUST-04791,Saanvi Deshmukh,Female,31,Howrah,REG-04,2024-11-03,Consumer
CUST-04792,Rohan Deshmukh,Male,29,Kochi,REG-03,2024-08-25,Corporate
CUST-04793,Anand Das,Male,32,Nashik,REG-01,2025-11-01,Consumer
CUST-04794,Pranav Bose,Male,36,Chandigarh,REG-02,2024-03-30,Consumer
CUST-04795,Saanvi Malhotra,Female,32,Dibrugarh,REG-06,2024-09-25,Consumer
CUST-04796,Sai Trivedi,Male,20,Mysore,REG-03,2023-02-03,Consumer
CUST-04797,Sai Chopra,Male,39,Ranchi,REG-04,2023-12-05,Consumer
CUST-04798,Ira Bose,Female,18,Hyderabad,REG-03,2024-03-07,Corporate
CUST-04799,Myra Deshmukh,Female,18,Patna,REG-04,2025-09-26,Consumer
CUST-04800,Anushka Pandey,Female,42,Gwalior,REG-05,2023-12-06,Consumer
CUST-04801,Anand Nair,Male,39,Lucknow,REG-02,2024-05-08,Consumer
CUST-04802,Abhishek Mukherjee,Male,33,Noida,REG-02,2023-04-05,Consumer
CUST-04803,Diya Das,Female,18,Ranchi,REG-04,2023-06-28,Consumer
CUST-04804,Aditi Bhat,Other,26,Kanpur,REG-02,2025-11-30,Consumer
CUST-04805,Priyanka Kumar,Female,31,Chandigarh,REG-02,2024-06-05,Corporate
CUST-04806,Shreya Shah,Female,18,Howrah,REG-04,2025-01-07,Consumer
CUST-04807,Priyanka Aggarwal,Female,25,Noida,REG-02,2024-04-15,Consumer
CUST-04808,Karan Rao,Male,41,Shillong,REG-06,2024-04-26,Corporate
CUST-04809,Pooja Sharma,Female,49,Surat,REG-01,2024-07-02,Consumer
CUST-04810,Aditi Singh,Female,29,Kochi,REG-03,2025-10-08,Small Business
CUST-04811,Aditi Reddy,Female,42,Bangalore,REG-03,2023-07-06,Corporate
CUST-04812,Pari Shah,Female,18,Kolkata,REG-04,2025-02-28,Consumer
CUST-04813,Atharv Kumar,Male,41,Ahmedabad,REG-01,2024-05-07,Consumer
CUST-04814,Reyansh Patel,Male,25,Indore,REG-05,2025-03-19,Consumer
CUST-04815,Shreya Patel,Female,37,Delhi,REG-02,2023-12-30,Consumer
CUST-04816,Sai Reddy,Male,31,Nagpur,REG-01,2025-09-18,Consumer
CUST-04817,Pari Das,Female,48,Delhi,REG-02,2024-05-16,Consumer
CUST-04818,Riya Kapoor,Female,24,Delhi,REG-02,2023-01-16,Consumer
CUST-04819,Deepika Pillai,Female,40,Chennai,REG-03,2025-08-06,Consumer
CUST-04820,Abhishek Gupta,Male,30,Patna,REG-04,2024-08-25,Corporate
CUST-04821,Angel Gupta,Female,32,Cuttack,REG-04,2025-09-12,Consumer
CUST-04822,Myra Iyer,Female,31,Bhubaneswar,REG-04,2025-06-10,Consumer
CUST-04823,Amit Verma,Male,24,Bilaspur,REG-05,2025-07-15,Consumer
CUST-04824,Rohan Kumar,Male,33,Ujjain,REG-05,2024-06-05,Consumer
CUST-04825,Shreya Choudhury,Female,33,Kolkata,REG-04,2024-02-18,Consumer
CUST-04826,Deepika Mehta,Female,36,Surat,REG-01,2023-12-10,Consumer
CUST-04827,Saanvi Sharma,Female,34,Lucknow,REG-02,2023-12-31,Consumer
CUST-04828,Ayaan Singh,Male,42,Mysore,REG-03,2024-01-18,Consumer
CUST-04829,Atharv Singh,Male,44,Bangalore,REG-03,2023-12-02,Consumer
CUST-04830,Pranav Deshmukh,Male,22,Coimbatore,REG-03,2023-12-06,Consumer
CUST-04831,Anika Kumar,Female,43,Jabalpur,REG-05,2023-02-24,Consumer
CUST-04832,Ira Deshmukh,Female,20,Chennai,REG-03,2025-06-05,Small Business
CUST-04833,Gaurav Choudhury,Male,40,Hyderabad,REG-03,2023-01-15,Consumer
CUST-04834,Reyansh Bhat,Male,40,Chandigarh,REG-02,2023-12-13,Consumer
CUST-04835,Aarav Kumar,Male,18,Vadodara,REG-01,2023-06-21,Consumer
CUST-04836,Myra Gupta,Female,35,Bangalore,REG-03,2024-08-02,Small Business
CUST-04837,Rajesh Gupta,Male,28,Vadodara,REG-01,2023-06-02,Consumer
CUST-04838,Advaith Chopra,Male,25,Kolkata,REG-04,2024-06-15,Consumer
CUST-04839,Ishaan Mukherjee,Male,48,Jabalpur,REG-05,2023-05-08,Consumer
CUST-04840,Krishna Mukherjee,Male,26,Ludhiana,REG-02,2023-04-12,Corporate
CUST-04841,Meera Reddy,Female,25,Dibrugarh,REG-06,2025-07-09,Consumer
CUST-04842,Simran Verma,Female,34,Lucknow,REG-02,2024-10-21,Consumer
CUST-04843,Aadhya Kulkarni,Female,41,Jabalpur,REG-05,2023-12-09,Consumer
CUST-04844,Avani Reddy,Female,32,Indore,REG-05,2024-01-19,Consumer
CUST-04845,Suresh Rao,Male,46,Indore,REG-05,2023-01-23,Consumer
CUST-04846,Sai Patel,Male,39,Bhubaneswar,REG-04,2023-02-26,Consumer
CUST-04847,Advik Rao,Male,18,Mumbai,REG-01,2025-01-15,Consumer
CUST-04848,Advik Chopra,Male,28,Nashik,REG-01,2024-07-13,Corporate
CUST-04849,Aditya Choudhury,Male,27,Mumbai,REG-01,2025-03-15,Consumer
CUST-04850,Rajesh Mishra,Male,39,Kanpur,REG-02,2025-11-10,Consumer
CUST-04851,Deepika Malhotra,Female,18,Vadodara,REG-01,2023-04-25,Consumer
CUST-04852,Saanvi Iyer,Female,62,Chennai,REG-03,2024-05-19,Consumer
CUST-04853,Aarohi Pillai,Female,39,Pune,REG-01,2023-07-24,Small Business
CUST-04854,Angel Pandey,Female,35,Bilaspur,REG-05,2025-04-13,Consumer
CUST-04855,Avani Deshmukh,Female,46,Noida,REG-02,2024-11-23,Consumer
CUST-04856,Meera Sharma,Female,59,Mumbai,REG-01,2023-11-10,Corporate
CUST-04857,Ishaan Chopra,Male,43,Nashik,REG-01,2025-08-13,Corporate
CUST-04858,Abhishek Singh,Male,44,Bangalore,REG-03,2024-05-30,Consumer
CUST-04859,Ayaan Iyer,Male,35,Gurgaon,REG-02,2025-06-20,Consumer
CUST-04860,Karan Gupta,Male,32,Kolkata,REG-04,2024-12-24,Consumer
CUST-04861,Pari Rao,Female,28,Ludhiana,REG-02,2024-04-27,Consumer
CUST-04862,Sai Deshmukh,Male,24,Silchar,REG-06,2024-01-25,Consumer
CUST-04863,Anushka Kulkarni,Female,26,Bilaspur,REG-05,2023-02-02,Consumer
CUST-04864,Saanvi Trivedi,Female,19,Patna,REG-04,2025-10-27,Consumer
CUST-04865,Suresh Das,Male,33,Bhubaneswar,REG-04,2025-02-25,Consumer
CUST-04866,Arjun Malhotra,Male,18,Lucknow,REG-02,2024-10-15,Corporate
CUST-04867,Anand Joshi,Male,36,Surat,REG-01,2023-06-08,Consumer
CUST-04868,Shreya Deshmukh,Female,33,Gurgaon,REG-02,2025-08-27,Consumer
CUST-04869,Preeti Reddy,Female,35,Asansol,REG-04,2024-09-30,Corporate
CUST-04870,Deepika Kumar,Female,28,Pune,REG-01,2025-04-21,Consumer
CUST-04871,Nikhil Verma,Male,67,Ahmedabad,REG-01,2023-07-08,Consumer
CUST-04872,Angel Trivedi,Female,48,Bhubaneswar,REG-04,2023-12-29,Small Business
CUST-04873,Advik Kumar,Male,20,Cuttack,REG-04,2025-05-09,Consumer
CUST-04874,Atharv Deshmukh,Male,36,Vadodara,REG-01,2024-06-29,Consumer
CUST-04875,Aarohi Choudhury,Female,27,Bilaspur,REG-05,2024-09-19,Consumer
CUST-04876,Swati Singh,Female,22,Pune,REG-01,2025-08-14,Consumer
CUST-04877,Angel Iyer,Female,19,Agartala,REG-06,2025-09-06,Consumer
CUST-04878,Gaurav Patel,Male,38,Coimbatore,REG-03,2024-01-03,Corporate
CUST-04879,Ira Reddy,Female,26,Mysore,REG-03,2023-06-02,Consumer
CUST-04880,Deepak Mukherjee,Male,44,Ludhiana,REG-02,2023-12-22,Small Business
CUST-04881,Diya Kumar,Female,44,Visakhapatnam,REG-03,2023-12-22,Consumer
CUST-04882,Myra Gupta,Female,49,Visakhapatnam,REG-03,2025-02-06,Corporate
CUST-04883,Aarohi Joshi,Female,24,Mumbai,REG-01,2023-05-06,Consumer
CUST-04884,Angel Joshi,Female,39,Dibrugarh,REG-06,2023-06-04,Corporate
CUST-04885,Krishna Kulkarni,Male,40,Indore,REG-05,2024-04-25,Consumer
CUST-04886,Simran Trivedi,Female,28,Coimbatore,REG-03,2024-10-26,Corporate
CUST-04887,Vivaan Choudhury,Other,25,Hyderabad,REG-03,2024-05-29,Consumer
CUST-04888,Ayaan Choudhury,Male,51,Trivandrum,REG-03,2023-12-11,Consumer
CUST-04889,Simran Kapoor,Female,36,Vadodara,REG-01,2025-05-01,Consumer
CUST-04890,Manish Pillai,Male,40,Delhi,REG-02,2025-02-12,Corporate
CUST-04891,Kavya Reddy,Female,24,Bhubaneswar,REG-04,2023-07-29,Corporate
CUST-04892,Karan Saxena,Male,20,Nashik,REG-01,2023-03-17,Consumer
CUST-04893,Aditya Mishra,Male,27,Ranchi,REG-04,2023-06-21,Consumer
CUST-04894,Vihaan Trivedi,Male,32,Mumbai,REG-01,2023-10-12,Corporate
CUST-04895,Pranav Verma,Male,22,Vadodara,REG-01,2023-04-18,Consumer
CUST-04896,Shaurya Rao,Other,33,Gwalior,REG-05,2025-05-01,Corporate
CUST-04897,Sneha Reddy,Female,18,Chennai,REG-03,2023-12-20,Consumer
CUST-04898,Aditya Nair,Male,21,Cuttack,REG-04,2024-08-27,Consumer
CUST-04899,Advaith Das,Male,41,Kanpur,REG-02,2025-07-16,Consumer
CUST-04900,Vivaan Shah,Male,40,Pune,REG-01,2024-08-08,Consumer
CUST-04901,Ananya Nair,Female,29,Ludhiana,REG-02,2024-04-01,Corporate
CUST-04902,Suresh Mishra,Male,22,Trivandrum,REG-03,2023-05-19,Consumer
CUST-04903,Atharv Kumar,Male,22,Mysore,REG-03,2024-07-13,Consumer
CUST-04904,Dhruv Aggarwal,Male,29,Ludhiana,REG-02,2025-10-28,Consumer
CUST-04905,Shaurya Chopra,Male,41,Visakhapatnam,REG-03,2024-03-03,Consumer
CUST-04906,Dhruv Iyer,Male,44,Kolkata,REG-04,2023-03-24,Consumer
CUST-04907,Krishna Choudhury,Male,28,Chennai,REG-03,2024-10-10,Consumer
CUST-04908,Karan Reddy,Male,21,Kochi,REG-03,2024-11-29,Small Business
CUST-04909,Aarav Mishra,Male,36,Panaji,REG-01,2025-04-19,Consumer
CUST-04910,Kavya Aggarwal,Female,24,Nagpur,REG-01,2024-03-09,Consumer
CUST-04911,Swati Shah,Female,28,Ludhiana,REG-02,2024-10-30,Corporate
CUST-04912,Aadhya Verma,Female,48,Vadodara,REG-01,2023-09-23,Consumer
CUST-04913,Ira Iyer,Female,43,Raipur,REG-05,2023-08-01,Consumer
CUST-04914,Ananya Mishra,Female,35,Chandigarh,REG-02,2023-05-05,Consumer
CUST-04915,Angel Kapoor,Other,20,Nagpur,REG-01,2025-02-03,Consumer
CUST-04916,Krishna Kapoor,Male,36,Nashik,REG-01,2024-11-08,Consumer
CUST-04917,Abhishek Mukherjee,Male,45,Raipur,REG-05,2024-10-22,Consumer
CUST-04918,Abhishek Mishra,Male,29,Jaipur,REG-02,2023-11-13,Consumer
CUST-04919,Shaurya Pandey,Male,48,Asansol,REG-04,2024-08-17,Consumer
CUST-04920,Preeti Kapoor,Female,48,Nashik,REG-01,2024-10-26,Corporate
CUST-04921,Preeti Kulkarni,Female,52,Hyderabad,REG-03,2024-07-14,Consumer
CUST-04922,Kavya Chopra,Female,37,Indore,REG-05,2025-03-24,Consumer
CUST-04923,Neha Shah,Female,40,Bangalore,REG-03,2023-10-19,Consumer
CUST-04924,Kabir Chopra,Male,49,Ludhiana,REG-02,2023-01-02,Consumer
CUST-04925,Aditya Chopra,Male,38,Chennai,REG-03,2023-09-21,Consumer
CUST-04926,Manish Chopra,Male,28,Jaipur,REG-02,2024-03-29,Corporate
CUST-04927,Aadhya Aggarwal,Female,29,Dibrugarh,REG-06,2025-09-14,Consumer
CUST-04928,Sai Das,Male,36,Noida,REG-02,2024-10-01,Consumer
CUST-04929,Sai Sharma,Male,19,Jaipur,REG-02,2023-10-16,Consumer
CUST-04930,Anika Nair,Female,32,Bhopal,REG-05,2023-05-22,Consumer
CUST-04931,Dhruv Gupta,Male,46,Gurgaon,REG-02,2025-02-22,Small Business
CUST-04932,Preeti Pandey,Other,18,Surat,REG-01,2025-11-05,Consumer
CUST-04933,Vikram Patel,Male,50,Trivandrum,REG-03,2023-04-09,Small Business
CUST-04934,Gaurav Choudhury,Male,46,Patna,REG-04,2023-05-06,Consumer
CUST-04935,Ishaan Patel,Male,28,Coimbatore,REG-03,2024-05-26,Consumer
CUST-04936,Kavya Verma,Female,39,Bangalore,REG-03,2024-02-12,Consumer
CUST-04937,Rohan Rao,Male,34,Ahmedabad,REG-01,2023-05-17,Consumer
CUST-04938,Pranav Kulkarni,Male,47,Howrah,REG-04,2025-04-26,Consumer
CUST-04939,Advaith Deshmukh,Male,44,Nagpur,REG-01,2024-12-01,Corporate
CUST-04940,Ishaan Joshi,Male,18,Jaipur,REG-02,2023-04-30,Consumer
CUST-04941,Sneha Mehta,Female,40,Coimbatore,REG-03,2024-02-18,Consumer
CUST-04942,Aarohi Mehta,Female,31,Indore,REG-05,2025-02-20,Consumer
CUST-04943,Sara Gupta,Female,34,Mumbai,REG-01,2023-10-05,Consumer
CUST-04944,Amit Trivedi,Male,25,Panaji,REG-01,2023-05-24,Consumer
CUST-04945,Myra Chopra,Female,53,Kolkata,REG-04,2025-08-09,Consumer
CUST-04946,Aarav Mukherjee,Male,45,Nagpur,REG-01,2023-01-30,Consumer
CUST-04947,Vihaan Chopra,Male,25,Chennai,REG-03,2024-08-31,Consumer
CUST-04948,Pranav Kumar,Male,19,Nagpur,REG-01,2024-08-08,Consumer
CUST-04949,Krishna Malhotra,Male,29,Nashik,REG-01,2024-05-25,Consumer
CUST-04950,Aanya Mukherjee,Female,38,Visakhapatnam,REG-03,2023-12-12,Consumer
CUST-04951,Pari Reddy,Female,36,Asansol,REG-04,2025-01-09,Consumer
CUST-04952,Advaith Menon,Male,47,Panaji,REG-01,2024-01-06,Consumer
CUST-04953,Tanvi Rao,Female,42,Chennai,REG-03,2024-09-06,Corporate
CUST-04954,Aditya Bose,Male,44,Mysore,REG-03,2023-05-18,Corporate
CUST-04955,Angel Chopra,Female,37,Jabalpur,REG-05,2024-08-23,Small Business
CUST-04956,Nikhil Chopra,Male,18,Mumbai,REG-01,2023-03-03,Consumer
CUST-04957,Pari Iyer,Female,31,Ujjain,REG-05,2025-02-08,Consumer
CUST-04958,Krishna Kulkarni,Male,45,Ujjain,REG-05,2023-05-22,Consumer
CUST-04959,Dhruv Das,Male,33,Bangalore,REG-03,2023-09-13,Corporate
CUST-04960,Advaith Verma,Male,39,Cuttack,REG-04,2024-04-12,Consumer
CUST-04961,Amit Chopra,Male,30,Bilaspur,REG-05,2023-09-20,Small Business
CUST-04962,Aanya Saxena,Female,22,Howrah,REG-04,2023-06-07,Consumer
CUST-04963,Aanya Pandey,Female,32,Kochi,REG-03,2024-07-06,Consumer
CUST-04964,Anand Reddy,Male,37,Pune,REG-01,2024-03-29,Consumer
CUST-04965,Dhruv Pillai,Male,26,Chennai,REG-03,2025-02-28,Corporate
CUST-04966,Shaurya Pandey,Male,31,Panaji,REG-01,2024-08-14,Consumer
CUST-04967,Anushka Shah,Female,23,Kochi,REG-03,2023-09-15,Corporate
CUST-04968,Riya Malhotra,Female,46,Raipur,REG-05,2023-07-04,Small Business
CUST-04969,Kavya Shah,Female,30,Gwalior,REG-05,2025-11-06,Consumer
CUST-04970,Advaith Mehta,Male,49,Bhubaneswar,REG-04,2025-05-01,Consumer
CUST-04971,Pranav Mukherjee,Male,50,Coimbatore,REG-03,2023-03-30,Consumer
CUST-04972,Manish Reddy,Male,33,Kanpur,REG-02,2023-01-29,Consumer
CUST-04973,Myra Mehta,Female,22,Kolkata,REG-04,2023-05-27,Consumer
CUST-04974,Kavya Gupta,Female,18,Vadodara,REG-01,2025-01-30,Small Business
CUST-04975,Atharv Bose,Male,18,Chennai,REG-03,2023-09-21,Consumer
CUST-04976,Suresh Mukherjee,Male,18,Jabalpur,REG-05,2024-09-30,Consumer
CUST-04977,Sunita Bose,Female,49,Coimbatore,REG-03,2025-09-13,Consumer
CUST-04978,Deepika Das,Female,35,Dibrugarh,REG-06,2024-02-10,Consumer
CUST-04979,Ayaan Verma,Male,38,Ludhiana,REG-02,2023-04-15,Consumer
CUST-04980,Rahul Trivedi,Male,18,Patna,REG-04,2024-01-05,Corporate
CUST-04981,Meera Patel,Female,20,Gurgaon,REG-02,2024-04-26,Consumer
CUST-04982,Dhruv Iyer,Male,43,Delhi,REG-02,2023-08-15,Consumer
CUST-04983,Vihaan Menon,Male,37,Trivandrum,REG-03,2024-05-14,Consumer
CUST-04984,Saanvi Pandey,Female,32,Mysore,REG-03,2024-04-08,Corporate
CUST-04985,Rajesh Singh,Male,40,Mumbai,REG-01,2025-04-26,Consumer
CUST-04986,Reyansh Kapoor,Male,51,Ranchi,REG-04,2025-07-20,Consumer
CUST-04987,Diya Kumar,Female,31,Cuttack,REG-04,2024-09-25,Corporate
CUST-04988,Ishaan Trivedi,Male,34,Mumbai,REG-01,2024-03-20,Corporate
CUST-04989,Reyansh Sharma,Male,36,Ahmedabad,REG-01,2024-09-23,Corporate
CUST-04990,Advaith Iyer,Male,60,Jabalpur,REG-05,2024-02-28,Corporate
CUST-04991,Anand Choudhury,Male,18,Panaji,REG-01,2025-04-26,Consumer
CUST-04992,Anushka Menon,Female,41,Surat,REG-01,2023-01-07,Consumer
CUST-04993,Gaurav Malhotra,Male,32,Cuttack,REG-04,2024-11-05,Consumer
CUST-04994,Krishna Malhotra,Other,40,Panaji,REG-01,2024-02-14,Small Business
CUST-04995,Preeti Patel,Female,26,Kolkata,REG-04,2023-12-02,Consumer
CUST-04996,Dhruv Saxena,Male,33,Kochi,REG-03,2025-03-12,Consumer
CUST-04997,Advik Kapoor,Male,41,Cuttack,REG-04,2024-09-14,Consumer
CUST-04998,Amit Reddy,Male,68,Panaji,REG-01,2025-11-21,Consumer
CUST-04999,Reyansh Malhotra,Male,42,Bangalore,REG-03,2023-12-21,Consumer
CUST-05000,Saanvi Pandey,Female,24,Panaji,REG-01,2024-03-23,Consumer
CUST-05001,Shreya Choudhury,Female,29,Surat,REG-01,2023-11-15,Consumer
CUST-05002,Ananya Mishra,Female,29,Howrah,REG-04,2024-11-06,Consumer
CUST-05003,Neha Kapoor,Female,18,Lucknow,REG-02,2023-04-22,Consumer
CUST-05004,Rohan Verma,Male,30,Noida,REG-02,2023-09-15,Consumer
CUST-05005,Myra Singh,Female,42,Chandigarh,REG-02,2023-05-28,Consumer
CUST-05006,Manish Das,Male,19,Shillong,REG-06,2025-11-05,Consumer
CUST-05007,Aarav Shah,Male,45,Bhubaneswar,REG-04,2023-09-05,Consumer
CUST-05008,Dhruv Mukherjee,Male,39,Noida,REG-02,2024-05-18,Consumer
CUST-05009,Karan Joshi,Male,25,Jaipur,REG-02,2023-10-09,Consumer
CUST-05010,Krishna Aggarwal,Other,32,Imphal,REG-06,2023-08-11,Corporate
CUST-05011,Shreya Nair,Female,51,Cuttack,REG-04,2023-02-18,Corporate
CUST-05012,Neha Iyer,Female,42,Coimbatore,REG-03,2024-08-30,Consumer
CUST-05013,Simran Nair,Female,34,Bhubaneswar,REG-04,2025-07-27,Consumer
CUST-05014,Kavya Mishra,Female,31,Lucknow,REG-02,2025-06-13,Consumer
CUST-05015,Nikhil Choudhury,Male,34,Guwahati,REG-06,2023-07-05,Consumer
CUST-05016,Meera Bose,Female,28,Cuttack,REG-04,2024-01-20,Consumer
CUST-05017,Suresh Kapoor,Male,18,Agartala,REG-06,2024-01-21,Consumer
CUST-05018,Vihaan Pillai,Male,56,Kolkata,REG-04,2023-11-12,Consumer
CUST-05019,Advik Mehta,Male,35,Mysore,REG-03,2024-04-15,Consumer
CUST-05020,Riya Rao,Female,38,Nashik,REG-01,2023-10-06,Consumer
CUST-05021,Abhishek Mishra,Male,33,Bilaspur,REG-05,2024-03-15,Consumer
CUST-05022,Aadhya Kumar,Female,25,Nagpur,REG-01,2025-03-22,Corporate
CUST-05023,Ayaan Deshmukh,Male,31,Mumbai,REG-01,2024-02-13,Consumer
CUST-05024,Nikhil Nair,Male,18,Trivandrum,REG-03,2025-01-10,Consumer
CUST-05025,Amit Mehta,Male,59,Bangalore,REG-03,2024-12-12,Consumer
CUST-05026,Riya Saxena,Female,20,Lucknow,REG-02,2025-04-15,Consumer
CUST-05027,Krishna Bose,Male,22,Patna,REG-04,2024-05-14,Consumer
CUST-05028,Vikram Sharma,Male,29,Mysore,REG-03,2024-07-08,Small Business
CUST-05029,Deepika Rao,Female,48,Kochi,REG-03,2023-04-13,Corporate
CUST-05030,Kabir Mukherjee,Male,34,Bangalore,REG-03,2023-11-26,Consumer
CUST-05031,Krishna Pillai,Other,20,Ranchi,REG-04,2025-05-09,Consumer
CUST-05032,Dhruv Menon,Male,47,Bangalore,REG-03,2023-03-08,Consumer
CUST-05033,Ishaan Sharma,Male,42,Ujjain,REG-05,2024-08-24,Consumer
CUST-05034,Priyanka Saxena,Female,39,Delhi,REG-02,2023-03-25,Consumer
CUST-05035,Shreya Verma,Female,41,Guwahati,REG-06,2025-07-12,Consumer
CUST-05036,Shaurya Nair,Male,60,Lucknow,REG-02,2024-09-24,Corporate
CUST-05037,Karan Bose,Male,58,Patna,REG-04,2023-03-08,Consumer
CUST-05038,Reyansh Mehta,Male,26,Mysore,REG-03,2025-02-13,Consumer
CUST-05039,Ananya Mehta,Female,51,Mumbai,REG-01,2024-12-18,Consumer
CUST-05040,Pooja Kapoor,Female,38,Gurgaon,REG-02,2025-01-04,Consumer
CUST-05041,Abhishek Pillai,Male,39,Kochi,REG-03,2024-12-24,Consumer
CUST-05042,Saanvi Pillai,Female,18,Chandigarh,REG-02,2023-05-10,Corporate
CUST-05043,Advaith Das,Male,32,Bangalore,REG-03,2024-04-12,Corporate
CUST-05044,Rohan Rao,Male,25,Howrah,REG-04,2025-05-07,Small Business
CUST-05045,Pranav Verma,Male,43,Imphal,REG-06,2023-12-05,Corporate
CUST-05046,Myra Trivedi,Female,45,Guwahati,REG-06,2024-02-18,Corporate
CUST-05047,Saanvi Kapoor,Female,18,Nashik,REG-01,2024-03-22,Consumer
CUST-05048,Anand Aggarwal,Male,33,Bangalore,REG-03,2023-07-24,Consumer
CUST-05049,Sai Aggarwal,Male,46,Howrah,REG-04,2024-02-23,Consumer
CUST-05050,Simran Deshmukh,Female,31,Patna,REG-04,2025-02-27,Corporate
CUST-05051,Sai Trivedi,Male,42,Pune,REG-01,2024-12-14,Small Business
CUST-05052,Pooja Chopra,Female,37,Surat,REG-01,2023-08-04,Consumer
CUST-05053,Pranav Verma,Male,37,Ludhiana,REG-02,2025-04-11,Corporate
CUST-05054,Rahul Singh,Male,31,Dibrugarh,REG-06,2023-10-04,Corporate
CUST-05055,Aanya Shah,Female,20,Nashik,REG-01,2024-10-16,Corporate
CUST-05056,Atharv Bhat,Male,21,Hyderabad,REG-03,2024-05-02,Consumer
CUST-05057,Pranav Sharma,Male,41,Ludhiana,REG-02,2025-09-14,Consumer
CUST-05058,Pari Nair,Female,34,Ranchi,REG-04,2023-12-25,Consumer
CUST-05059,Abhishek Deshmukh,Male,32,Nagpur,REG-01,2024-07-31,Consumer
CUST-05060,Krishna Aggarwal,Male,29,Chandigarh,REG-02,2024-10-09,Consumer
CUST-05061,Sai Joshi,Male,30,Chandigarh,REG-02,2024-08-31,Consumer
CUST-05062,Sneha Rao,Female,45,Panaji,REG-01,2023-10-13,Corporate
CUST-05063,Priyanka Pillai,Female,30,Dibrugarh,REG-06,2023-08-19,Corporate
CUST-05064,Vihaan Menon,Male,19,Ujjain,REG-05,2023-08-18,Consumer
CUST-05065,Abhishek Reddy,Male,42,Cuttack,REG-04,2024-12-06,Consumer
CUST-05066,Ishaan Choudhury,Male,31,Delhi,REG-02,2025-01-24,Consumer
CUST-05067,Karan Mishra,Male,34,Guwahati,REG-06,2024-02-19,Consumer
CUST-05068,Aditya Mishra,Male,51,Coimbatore,REG-03,2025-06-07,Consumer
CUST-05069,Nikhil Kulkarni,Male,33,Kanpur,REG-02,2023-04-16,Consumer
CUST-05070,Meera Choudhury,Female,37,Jabalpur,REG-05,2024-02-20,Consumer
CUST-05071,Tanvi Rao,Female,21,Kochi,REG-03,2024-09-07,Consumer
CUST-05072,Ananya Nair,Female,31,Ranchi,REG-04,2023-04-20,Consumer
CUST-05073,Abhishek Mishra,Male,40,Ludhiana,REG-02,2023-10-01,Consumer
CUST-05074,Saanvi Pandey,Female,18,Hyderabad,REG-03,2024-07-05,Small Business
CUST-05075,Swati Singh,Female,36,Kanpur,REG-02,2023-08-14,Consumer
CUST-05076,Ira Menon,Female,35,Nagpur,REG-01,2025-08-05,Small Business
CUST-05077,Pranav Choudhury,Male,34,Patna,REG-04,2025-08-19,Consumer
CUST-05078,Sara Kapoor,Female,45,Imphal,REG-06,2025-06-28,Corporate
CUST-05079,Kavya Bhat,Female,37,Surat,REG-01,2023-09-09,Corporate
CUST-05080,Manish Pillai,Male,50,Guwahati,REG-06,2023-12-26,Small Business
CUST-05081,Ananya Bhat,Female,23,Kolkata,REG-04,2025-03-13,Consumer
CUST-05082,Rahul Nair,Male,35,Bhopal,REG-05,2025-10-24,Consumer
CUST-05083,Krishna Patel,Male,34,Gwalior,REG-05,2023-12-03,Consumer
CUST-05084,Sunita Shah,Female,22,Bhopal,REG-05,2024-06-19,Corporate
CUST-05085,Ayaan Joshi,Male,44,Delhi,REG-02,2024-02-20,Small Business
CUST-05086,Arjun Mukherjee,Male,59,Jaipur,REG-02,2024-09-12,Corporate
CUST-05087,Advaith Pillai,Male,33,Cuttack,REG-04,2025-02-17,Consumer
CUST-05088,Gaurav Saxena,Male,39,Trivandrum,REG-03,2023-10-13,Consumer
CUST-05089,Manish Saxena,Male,34,Kanpur,REG-02,2023-12-20,Corporate
CUST-05090,Rohan Chopra,Male,26,Lucknow,REG-02,2024-09-02,Consumer
CUST-05091,Anand Bhat,Male,18,Cuttack,REG-04,2023-12-25,Consumer
CUST-05092,Preeti Joshi,Female,26,Hyderabad,REG-03,2024-08-15,Consumer
CUST-05093,Shreya Gupta,Female,18,Noida,REG-02,2025-03-23,Consumer
CUST-05094,Rohan Iyer,Male,52,Noida,REG-02,2025-08-18,Consumer
CUST-05095,Abhishek Singh,Male,32,Bangalore,REG-03,2024-04-27,Small Business
CUST-05096,Ira Iyer,Female,30,Coimbatore,REG-03,2025-10-20,Consumer
CUST-05097,Aditya Mukherjee,Male,43,Patna,REG-04,2024-06-04,Corporate
CUST-05098,Preeti Malhotra,Female,21,Pune,REG-01,2023-05-06,Consumer
CUST-05099,Ira Mukherjee,Female,25,Nagpur,REG-01,2025-06-02,Consumer
CUST-05100,Ananya Bhat,Female,34,Jaipur,REG-02,2024-09-18,Consumer
CUST-05101,Pooja Kapoor,Female,45,Kanpur,REG-02,2023-11-08,Consumer
CUST-05102,Aadhya Menon,Female,39,Bilaspur,REG-05,2023-01-04,Consumer
CUST-05103,Aadhya Verma,Female,36,Kanpur,REG-02,2023-03-31,Corporate
CUST-05104,Pari Mishra,Female,34,Delhi,REG-02,2024-08-29,Consumer
CUST-05105,Vihaan Deshmukh,Male,38,Jaipur,REG-02,2024-02-13,Consumer
CUST-05106,Aarohi Shah,Female,36,Ranchi,REG-04,2023-10-02,Small Business
CUST-05107,Aarav Mukherjee,Male,22,Ludhiana,REG-02,2024-08-12,Consumer
CUST-05108,Deepak Reddy,Male,34,Indore,REG-05,2023-06-05,Consumer
CUST-05109,Sai Shah,Male,22,Hyderabad,REG-03,2024-03-09,Corporate
CUST-05110,Sara Nair,Female,34,Asansol,REG-04,2023-01-29,Consumer
CUST-05111,Deepika Shah,Female,28,Nashik,REG-01,2023-12-18,Consumer
CUST-05112,Sai Reddy,Male,61,Bangalore,REG-03,2024-12-09,Consumer
CUST-05113,Simran Mukherjee,Female,33,Noida,REG-02,2024-06-01,Consumer
CUST-05114,Ayaan Malhotra,Male,18,Pune,REG-01,2025-10-20,Corporate
CUST-05115,Rahul Menon,Male,32,Chandigarh,REG-02,2023-05-16,Consumer
CUST-05116,Preeti Rao,Female,39,Bhubaneswar,REG-04,2023-12-31,Consumer
CUST-05117,Pari Bhat,Female,52,Silchar,REG-06,2023-05-28,Consumer
CUST-05118,Aanya Bhat,Female,27,Mysore,REG-03,2023-10-12,Consumer
CUST-05119,Advik Rao,Male,18,Ahmedabad,REG-01,2025-05-04,Consumer
CUST-05120,Vivaan Mishra,Male,42,Delhi,REG-02,2025-09-04,Corporate
CUST-05121,Krishna Nair,Other,18,Cuttack,REG-04,2023-05-10,Consumer
CUST-05122,Navya Verma,Female,29,Ahmedabad,REG-01,2025-01-18,Consumer
CUST-05123,Riya Nair,Female,31,Hyderabad,REG-03,2024-05-05,Consumer
CUST-05124,Ishaan Iyer,Male,33,Surat,REG-01,2025-09-13,Consumer
CUST-05125,Reyansh Das,Male,41,Coimbatore,REG-03,2023-11-13,Corporate
CUST-05126,Sara Choudhury,Female,26,Kochi,REG-03,2024-04-05,Small Business
CUST-05127,Deepika Nair,Female,30,Bhubaneswar,REG-04,2025-04-22,Consumer
CUST-05128,Neha Kapoor,Female,33,Panaji,REG-01,2023-02-11,Consumer
CUST-05129,Gaurav Nair,Male,35,Gwalior,REG-05,2025-10-11,Consumer
CUST-05130,Aarav Pandey,Male,35,Gurgaon,REG-02,2024-03-08,Consumer
CUST-05131,Vivaan Das,Male,38,Vadodara,REG-01,2024-08-14,Consumer
CUST-05132,Navya Pillai,Female,43,Pune,REG-01,2025-08-23,Consumer
CUST-05133,Preeti Aggarwal,Female,38,Surat,REG-01,2024-06-08,Consumer
CUST-05134,Sunita Bhat,Female,38,Trivandrum,REG-03,2024-11-05,Consumer
CUST-05135,Reyansh Kulkarni,Male,18,Chandigarh,REG-02,2025-02-13,Consumer
CUST-05136,Avani Singh,Female,34,Nagpur,REG-01,2023-04-29,Corporate
CUST-05137,Aditi Kulkarni,Female,39,Gurgaon,REG-02,2023-01-14,Consumer
CUST-05138,Anika Mukherjee,Female,42,Kochi,REG-03,2025-10-23,Consumer
CUST-05139,Karan Singh,Male,26,Howrah,REG-04,2024-07-31,Consumer
CUST-05140,Ayaan Menon,Male,26,Kanpur,REG-02,2023-02-07,Consumer
CUST-05141,Anushka Chopra,Female,27,Visakhapatnam,REG-03,2025-02-03,Consumer
CUST-05142,Kavya Rao,Female,39,Delhi,REG-02,2024-03-20,Consumer
CUST-05143,Reyansh Bose,Male,45,Noida,REG-02,2025-07-30,Consumer
CUST-05144,Amit Rao,Male,29,Panaji,REG-01,2024-05-14,Consumer
CUST-05145,Pari Das,Female,43,Cuttack,REG-04,2024-04-16,Corporate
CUST-05146,Reyansh Das,Male,35,Bhubaneswar,REG-04,2024-05-07,Consumer
CUST-05147,Suresh Trivedi,Male,32,Bhopal,REG-05,2024-12-09,Consumer
CUST-05148,Pooja Pandey,Female,31,Lucknow,REG-02,2024-08-17,Consumer
CUST-05149,Aditya Nair,Male,42,Visakhapatnam,REG-03,2024-09-15,Consumer
CUST-05150,Manish Kulkarni,Male,37,Nashik,REG-01,2025-08-06,Consumer
CUST-05151,Priyanka Verma,Female,59,Trivandrum,REG-03,2025-07-28,Consumer
CUST-05152,Sara Pandey,Female,24,Asansol,REG-04,2024-11-19,Consumer
CUST-05153,Navya Das,Female,39,Delhi,REG-02,2024-02-15,Corporate
CUST-05154,Shaurya Kulkarni,Male,28,Nagpur,REG-01,2023-07-17,Small Business
CUST-05155,Manish Sharma,Male,24,Noida,REG-02,2025-10-14,Small Business
CUST-05156,Vikram Kapoor,Male,33,Lucknow,REG-02,2023-03-06,Consumer
CUST-05157,Pari Saxena,Female,35,Nashik,REG-01,2025-07-18,Corporate
CUST-05158,Kavya Shah,Female,66,Chennai,REG-03,2025-03-03,Consumer
CUST-05159,Ayaan Mukherjee,Male,31,Pune,REG-01,2023-09-01,Consumer
CUST-05160,Myra Deshmukh,Female,21,Dibrugarh,REG-06,2025-05-09,Consumer
CUST-05161,Ananya Bose,Female,37,Ludhiana,REG-02,2023-11-24,Consumer
CUST-05162,Arjun Pandey,Male,18,Asansol,REG-04,2023-08-29,Consumer
CUST-05163,Rohan Das,Male,32,Mysore,REG-03,2023-12-04,Consumer
CUST-05164,Neha Patel,Female,34,Trivandrum,REG-03,2023-02-22,Consumer
CUST-05165,Manish Aggarwal,Male,42,Jaipur,REG-02,2025-01-23,Consumer
CUST-05166,Aanya Aggarwal,Female,44,Patna,REG-04,2025-07-22,Corporate
CUST-05167,Kabir Chopra,Male,28,Kanpur,REG-02,2025-10-08,Consumer
CUST-05168,Kavya Menon,Female,32,Coimbatore,REG-03,2024-06-06,Consumer
CUST-05169,Aarohi Nair,Female,25,Kolkata,REG-04,2023-01-10,Consumer
CUST-05170,Aanya Saxena,Female,21,Kanpur,REG-02,2023-04-03,Consumer
CUST-05171,Aarohi Verma,Female,37,Bhubaneswar,REG-04,2023-03-24,Consumer
CUST-05172,Aanya Kumar,Other,19,Hyderabad,REG-03,2023-12-28,Corporate
CUST-05173,Abhishek Chopra,Male,29,Bhubaneswar,REG-04,2023-11-12,Consumer
CUST-05174,Krishna Nair,Male,23,Dibrugarh,REG-06,2025-09-21,Consumer
CUST-05175,Ananya Trivedi,Female,40,Bhopal,REG-05,2025-09-10,Consumer
CUST-05176,Kavya Kapoor,Female,53,Bhubaneswar,REG-04,2024-07-18,Consumer
CUST-05177,Sneha Trivedi,Female,19,Ujjain,REG-05,2024-05-13,Small Business
CUST-05178,Aditya Shah,Male,18,Panaji,REG-01,2024-01-20,Small Business
CUST-05179,Ananya Joshi,Female,32,Bangalore,REG-03,2025-05-30,Consumer
CUST-05180,Vihaan Rao,Male,34,Kanpur,REG-02,2023-01-05,Corporate
CUST-05181,Ishaan Shah,Male,36,Mumbai,REG-01,2024-06-10,Consumer
CUST-05182,Sara Bose,Female,29,Guwahati,REG-06,2023-04-06,Consumer
CUST-05183,Vihaan Mukherjee,Male,31,Visakhapatnam,REG-03,2025-08-10,Consumer
CUST-05184,Aarav Deshmukh,Male,38,Ahmedabad,REG-01,2025-07-06,Consumer
CUST-05185,Anushka Deshmukh,Female,45,Nagpur,REG-01,2024-03-12,Corporate
CUST-05186,Pranav Mishra,Male,18,Bhubaneswar,REG-04,2024-01-01,Small Business
CUST-05187,Rahul Choudhury,Male,29,Bangalore,REG-03,2024-08-25,Consumer
CUST-05188,Aarohi Kulkarni,Female,36,Jabalpur,REG-05,2025-08-03,Consumer
CUST-05189,Pari Mishra,Female,23,Bhopal,REG-05,2023-10-22,Corporate
CUST-05190,Aditya Bose,Male,53,Kochi,REG-03,2023-05-17,Consumer
CUST-05191,Pranav Nair,Male,27,Indore,REG-05,2024-11-18,Consumer
CUST-05192,Ira Saxena,Female,33,Gurgaon,REG-02,2023-04-02,Consumer
CUST-05193,Aarav Bose,Male,40,Kolkata,REG-04,2024-10-17,Consumer
CUST-05194,Aanya Malhotra,Female,27,Ranchi,REG-04,2023-05-13,Consumer
CUST-05195,Vikram Mishra,Male,18,Shillong,REG-06,2023-07-11,Corporate
CUST-05196,Nikhil Malhotra,Male,29,Nagpur,REG-01,2025-02-25,Consumer
CUST-05197,Shaurya Iyer,Male,45,Mysore,REG-03,2024-04-24,Corporate
CUST-05198,Sai Kapoor,Male,30,Guwahati,REG-06,2025-04-23,Small Business
CUST-05199,Shaurya Reddy,Male,24,Cuttack,REG-04,2025-06-08,Small Business
CUST-05200,Anand Sharma,Male,44,Noida,REG-02,2024-05-06,Small Business
CUST-05201,Shaurya Deshmukh,Male,30,Pune,REG-01,2024-04-02,Consumer
CUST-05202,Preeti Rao,Female,28,Howrah,REG-04,2025-02-27,Consumer
CUST-05203,Atharv Singh,Male,35,Jaipur,REG-02,2023-09-02,Consumer
CUST-05204,Manish Joshi,Male,42,Visakhapatnam,REG-03,2023-01-18,Consumer
CUST-05205,Priyanka Joshi,Female,60,Nagpur,REG-01,2025-10-06,Corporate
CUST-05206,Aditya Singh,Male,43,Bhubaneswar,REG-04,2025-06-07,Consumer
CUST-05207,Myra Rao,Female,46,Gurgaon,REG-02,2025-03-28,Consumer
CUST-05208,Vivaan Bose,Male,28,Mysore,REG-03,2024-12-09,Consumer
CUST-05209,Rajesh Menon,Male,22,Imphal,REG-06,2025-01-13,Consumer
CUST-05210,Riya Trivedi,Female,34,Mysore,REG-03,2024-03-22,Consumer
CUST-05211,Avani Saxena,Female,35,Vadodara,REG-01,2024-11-15,Consumer
CUST-05212,Aditya Das,Male,22,Imphal,REG-06,2023-11-23,Consumer
CUST-05213,Kavya Menon,Female,32,Vadodara,REG-01,2025-02-10,Consumer
CUST-05214,Suresh Saxena,Male,38,Ujjain,REG-05,2024-11-17,Consumer
CUST-05215,Ananya Mishra,Female,37,Coimbatore,REG-03,2025-07-09,Consumer
CUST-05216,Aarohi Sharma,Female,39,Pune,REG-01,2023-12-10,Consumer
CUST-05217,Vikram Rao,Male,37,Bangalore,REG-03,2024-05-29,Consumer
CUST-05218,Diya Rao,Female,28,Chennai,REG-03,2023-10-06,Corporate
CUST-05219,Dhruv Menon,Male,28,Indore,REG-05,2023-01-17,Corporate
CUST-05220,Saanvi Chopra,Female,20,Bangalore,REG-03,2024-11-06,Corporate
CUST-05221,Sneha Verma,Female,53,Coimbatore,REG-03,2023-02-02,Consumer
CUST-05222,Gaurav Sharma,Male,34,Delhi,REG-02,2023-08-19,Consumer
CUST-05223,Myra Bose,Female,31,Dibrugarh,REG-06,2024-03-29,Consumer
CUST-05224,Meera Pandey,Female,23,Bangalore,REG-03,2024-01-13,Small Business
CUST-05225,Aadhya Mehta,Female,66,Kanpur,REG-02,2024-09-13,Consumer
CUST-05226,Deepika Patel,Female,22,Vadodara,REG-01,2025-05-30,Small Business
CUST-05227,Tanvi Nair,Female,29,Pune,REG-01,2023-11-02,Consumer
CUST-05228,Sara Pillai,Female,38,Kochi,REG-03,2025-03-23,Corporate
CUST-05229,Gaurav Saxena,Male,40,Chandigarh,REG-02,2024-10-19,Consumer
CUST-05230,Ira Sharma,Female,44,Indore,REG-05,2023-01-01,Consumer
CUST-05231,Gaurav Nair,Male,53,Bhubaneswar,REG-04,2025-05-04,Small Business
CUST-05232,Suresh Trivedi,Male,39,Ujjain,REG-05,2025-05-09,Consumer
CUST-05233,Karan Shah,Male,22,Chennai,REG-03,2024-03-08,Consumer
CUST-05234,Priyanka Joshi,Female,31,Raipur,REG-05,2024-04-26,Small Business
CUST-05235,Tanvi Bose,Female,37,Noida,REG-02,2025-03-25,Consumer
CUST-05236,Advik Singh,Male,56,Bilaspur,REG-05,2024-10-23,Consumer
CUST-05237,Tanvi Singh,Female,18,Bhopal,REG-05,2025-08-24,Small Business
CUST-05238,Preeti Choudhury,Other,47,Silchar,REG-06,2025-09-28,Consumer
CUST-05239,Sai Mukherjee,Male,35,Surat,REG-01,2025-01-15,Corporate
CUST-05240,Sara Kulkarni,Female,43,Nagpur,REG-01,2023-08-31,Consumer
CUST-05241,Shaurya Mishra,Male,32,Kochi,REG-03,2024-10-01,Corporate
CUST-05242,Ayaan Joshi,Male,24,Chandigarh,REG-02,2023-10-16,Consumer
CUST-05243,Kabir Joshi,Male,42,Chennai,REG-03,2023-12-19,Consumer
CUST-05244,Sara Bose,Female,41,Hyderabad,REG-03,2025-01-28,Consumer
CUST-05245,Aditi Singh,Female,44,Imphal,REG-06,2023-12-01,Consumer
CUST-05246,Ayaan Patel,Male,33,Ranchi,REG-04,2024-11-28,Consumer
CUST-05247,Rohan Gupta,Male,27,Mysore,REG-03,2024-11-25,Consumer
CUST-05248,Rohan Pandey,Male,18,Kolkata,REG-04,2023-11-26,Small Business
CUST-05249,Simran Mishra,Female,43,Gwalior,REG-05,2023-02-06,Consumer
CUST-05250,Aditya Malhotra,Male,38,Imphal,REG-06,2023-09-24,Consumer
CUST-05251,Deepak Sharma,Male,23,Nagpur,REG-01,2024-08-09,Consumer
CUST-05252,Atharv Malhotra,Male,28,Pune,REG-01,2024-07-31,Consumer
CUST-05253,Saanvi Choudhury,Female,28,Surat,REG-01,2023-09-11,Corporate
CUST-05254,Anand Choudhury,Male,18,Ludhiana,REG-02,2023-04-13,Corporate
CUST-05255,Dhruv Choudhury,Male,25,Ludhiana,REG-02,2023-10-06,Corporate
CUST-05256,Aarohi Patel,Female,21,Bangalore,REG-03,2024-08-27,Consumer
CUST-05257,Krishna Reddy,Male,29,Asansol,REG-04,2023-12-22,Consumer
CUST-05258,Deepika Rao,Female,25,Ludhiana,REG-02,2024-12-09,Consumer
CUST-05259,Deepak Choudhury,Male,18,Indore,REG-05,2023-09-30,Consumer
CUST-05260,Priyanka Singh,Female,56,Ahmedabad,REG-01,2025-01-07,Corporate
CUST-05261,Advaith Menon,Male,47,Nashik,REG-01,2024-05-31,Consumer
CUST-05262,Aanya Kumar,Female,25,Dibrugarh,REG-06,2024-12-06,Consumer
CUST-05263,Deepak Iyer,Male,36,Trivandrum,REG-03,2023-03-13,Consumer
CUST-05264,Kabir Reddy,Male,38,Trivandrum,REG-03,2025-09-28,Consumer
CUST-05265,Ishaan Kumar,Male,47,Kolkata,REG-04,2024-08-07,Consumer
CUST-05266,Deepika Aggarwal,Female,24,Ujjain,REG-05,2024-05-20,Consumer
CUST-05267,Vikram Iyer,Male,46,Ludhiana,REG-02,2023-04-25,Corporate
CUST-05268,Meera Pandey,Female,27,Ahmedabad,REG-01,2024-11-28,Consumer
CUST-05269,Aanya Singh,Female,19,Agartala,REG-06,2024-09-27,Consumer
CUST-05270,Anushka Malhotra,Female,41,Ranchi,REG-04,2024-08-16,Consumer
CUST-05271,Sara Deshmukh,Other,48,Chennai,REG-03,2025-11-30,Small Business
CUST-05272,Aditi Mukherjee,Female,62,Nagpur,REG-01,2023-06-10,Corporate
CUST-05273,Myra Das,Female,20,Asansol,REG-04,2024-11-02,Small Business
CUST-05274,Anushka Patel,Female,41,Panaji,REG-01,2025-06-16,Consumer
CUST-05275,Myra Kapoor,Female,29,Vadodara,REG-01,2025-08-01,Consumer
CUST-05276,Pranav Singh,Male,42,Lucknow,REG-02,2025-10-31,Small Business
CUST-05277,Sunita Pandey,Female,18,Ludhiana,REG-02,2025-08-09,Consumer
CUST-05278,Pooja Kapoor,Female,20,Hyderabad,REG-03,2023-02-11,Consumer
CUST-05279,Aarohi Sharma,Female,25,Kolkata,REG-04,2024-06-07,Consumer
CUST-05280,Shreya Mukherjee,Female,34,Trivandrum,REG-03,2024-01-09,Consumer
CUST-05281,Shaurya Pillai,Male,26,Chandigarh,REG-02,2023-03-29,Consumer
CUST-05282,Vihaan Kapoor,Male,41,Howrah,REG-04,2023-01-29,Consumer
CUST-05283,Suresh Nair,Male,45,Mysore,REG-03,2025-11-20,Consumer
CUST-05284,Angel Kumar,Female,40,Visakhapatnam,REG-03,2024-08-23,Corporate
CUST-05285,Neha Bose,Female,51,Gurgaon,REG-02,2024-09-01,Corporate
CUST-05286,Vivaan Joshi,Male,38,Pune,REG-01,2025-08-09,Consumer
CUST-05287,Sai Kapoor,Male,20,Vadodara,REG-01,2024-02-26,Corporate
CUST-05288,Ayaan Mukherjee,Male,48,Ludhiana,REG-02,2025-09-18,Consumer
CUST-05289,Abhishek Choudhury,Male,27,Patna,REG-04,2025-03-05,Corporate
CUST-05290,Pooja Mishra,Female,44,Bangalore,REG-03,2024-02-28,Consumer
CUST-05291,Suresh Kapoor,Male,51,Chennai,REG-03,2024-06-09,Consumer
CUST-05292,Aadhya Kapoor,Female,39,Bilaspur,REG-05,2024-01-09,Corporate
CUST-05293,Rajesh Mukherjee,Male,18,Mumbai,REG-01,2025-09-12,Corporate
CUST-05294,Rajesh Trivedi,Other,23,Ranchi,REG-04,2025-10-15,Corporate
CUST-05295,Arjun Saxena,Male,48,Bilaspur,REG-05,2023-07-04,Consumer
CUST-05296,Pari Iyer,Female,32,Bhubaneswar,REG-04,2025-03-09,Consumer
CUST-05297,Navya Saxena,Female,34,Guwahati,REG-06,2024-03-22,Consumer
CUST-05298,Ira Shah,Female,42,Silchar,REG-06,2025-01-31,Consumer
CUST-05299,Myra Rao,Female,41,Kanpur,REG-02,2025-09-29,Consumer
CUST-05300,Riya Rao,Female,37,Howrah,REG-04,2023-04-24,Consumer
CUST-05301,Suresh Reddy,Male,31,Coimbatore,REG-03,2025-08-02,Corporate
CUST-05302,Manish Mukherjee,Male,30,Kolkata,REG-04,2024-01-11,Consumer
CUST-05303,Vikram Aggarwal,Male,43,Kochi,REG-03,2025-04-09,Consumer
CUST-05304,Nikhil Pillai,Male,40,Ludhiana,REG-02,2024-11-14,Consumer
CUST-05305,Ayaan Pillai,Male,31,Bhopal,REG-05,2024-10-14,Consumer
CUST-05306,Myra Bose,Female,45,Jabalpur,REG-05,2024-03-21,Small Business
CUST-05307,Advik Gupta,Male,32,Noida,REG-02,2023-04-21,Consumer
CUST-05308,Krishna Verma,Male,24,Ludhiana,REG-02,2023-04-24,Corporate
CUST-05309,Sneha Mehta,Female,25,Panaji,REG-01,2024-02-05,Corporate
CUST-05310,Riya Choudhury,Female,23,Kochi,REG-03,2025-05-01,Consumer
CUST-05311,Deepak Kapoor,Male,31,Ujjain,REG-05,2024-10-11,Consumer
CUST-05312,Avani Deshmukh,Female,47,Delhi,REG-02,2024-11-16,Consumer
CUST-05313,Rahul Aggarwal,Male,25,Ranchi,REG-04,2023-07-02,Small Business
CUST-05314,Swati Das,Female,36,Noida,REG-02,2024-10-28,Consumer
CUST-05315,Simran Kulkarni,Female,26,Ahmedabad,REG-01,2024-05-21,Consumer
CUST-05316,Aarohi Gupta,Female,31,Imphal,REG-06,2025-11-09,Consumer
CUST-05317,Krishna Mukherjee,Male,18,Pune,REG-01,2024-05-26,Consumer
CUST-05318,Pooja Iyer,Female,31,Nashik,REG-01,2025-09-14,Consumer
CUST-05319,Vikram Patel,Male,31,Hyderabad,REG-03,2025-02-05,Consumer
CUST-05320,Aditi Mukherjee,Female,39,Ranchi,REG-04,2025-06-11,Consumer
CUST-05321,Myra Rao,Female,36,Hyderabad,REG-03,2024-03-26,Consumer
CUST-05322,Arjun Aggarwal,Male,20,Visakhapatnam,REG-03,2023-02-22,Corporate
CUST-05323,Anika Sharma,Female,45,Patna,REG-04,2023-10-30,Consumer
CUST-05324,Pari Das,Female,36,Ujjain,REG-05,2024-04-27,Consumer
CUST-05325,Karan Deshmukh,Male,36,Visakhapatnam,REG-03,2023-08-01,Consumer
CUST-05326,Sara Saxena,Female,33,Bilaspur,REG-05,2025-04-19,Consumer
CUST-05327,Kavya Bhat,Female,28,Visakhapatnam,REG-03,2024-06-28,Consumer
CUST-05328,Myra Verma,Female,36,Gurgaon,REG-02,2025-11-30,Consumer
CUST-05329,Swati Mehta,Female,39,Agartala,REG-06,2023-04-11,Consumer
CUST-05330,Rohan Kulkarni,Male,18,Chandigarh,REG-02,2024-12-19,Corporate
CUST-05331,Myra Rao,Female,28,Mumbai,REG-01,2024-10-17,Consumer
CUST-05332,Rohan Trivedi,Male,31,Trivandrum,REG-03,2025-09-23,Consumer
CUST-05333,Angel Nair,Female,36,Chennai,REG-03,2024-03-10,Consumer
CUST-05334,Meera Rao,Female,47,Imphal,REG-06,2024-02-02,Corporate
CUST-05335,Diya Bose,Female,25,Patna,REG-04,2024-03-25,Consumer
CUST-05336,Avani Nair,Female,28,Ranchi,REG-04,2024-04-13,Consumer
CUST-05337,Abhishek Mishra,Male,28,Nagpur,REG-01,2023-12-15,Consumer
CUST-05338,Aadhya Joshi,Female,25,Surat,REG-01,2025-09-20,Consumer
CUST-05339,Deepika Kulkarni,Female,30,Panaji,REG-01,2023-04-13,Consumer
CUST-05340,Vikram Iyer,Male,42,Mumbai,REG-01,2024-06-01,Consumer
CUST-05341,Saanvi Das,Female,22,Trivandrum,REG-03,2023-12-02,Consumer
CUST-05342,Rahul Kulkarni,Male,38,Kanpur,REG-02,2025-02-12,Consumer
CUST-05343,Meera Shah,Female,18,Noida,REG-02,2023-07-10,Consumer
CUST-05344,Manish Reddy,Male,27,Jaipur,REG-02,2024-02-24,Consumer
CUST-05345,Sneha Joshi,Female,30,Coimbatore,REG-03,2025-11-02,Corporate
CUST-05346,Sara Trivedi,Female,52,Mysore,REG-03,2025-07-16,Consumer
CUST-05347,Amit Das,Male,30,Coimbatore,REG-03,2024-06-24,Small Business
CUST-05348,Swati Bose,Female,18,Nagpur,REG-01,2024-05-12,Corporate
CUST-05349,Shaurya Kulkarni,Male,18,Nashik,REG-01,2025-09-16,Consumer
CUST-05350,Sai Patel,Male,34,Vadodara,REG-01,2025-11-21,Consumer
CUST-05351,Abhishek Pandey,Male,40,Pune,REG-01,2025-11-29,Consumer
CUST-05352,Rahul Mishra,Male,38,Kochi,REG-03,2023-09-17,Corporate
CUST-05353,Aanya Kapoor,Female,35,Kolkata,REG-04,2024-10-24,Consumer
CUST-05354,Atharv Choudhury,Male,46,Surat,REG-01,2025-02-16,Consumer
CUST-05355,Vivaan Chopra,Male,28,Kolkata,REG-04,2024-04-03,Consumer
CUST-05356,Diya Mukherjee,Female,43,Nashik,REG-01,2023-07-31,Small Business
CUST-05357,Ayaan Reddy,Male,18,Bhopal,REG-05,2025-04-12,Consumer
CUST-05358,Abhishek Saxena,Male,24,Panaji,REG-01,2025-08-25,Consumer
CUST-05359,Neha Malhotra,Female,18,Trivandrum,REG-03,2023-11-17,Consumer
CUST-05360,Aarohi Das,Female,30,Delhi,REG-02,2025-09-30,Consumer
CUST-05361,Myra Kapoor,Female,33,Gurgaon,REG-02,2025-09-02,Small Business
CUST-05362,Pranav Reddy,Male,35,Nashik,REG-01,2025-07-22,Consumer
CUST-05363,Sneha Choudhury,Female,34,Nagpur,REG-01,2025-02-27,Consumer
CUST-05364,Shreya Pillai,Female,23,Silchar,REG-06,2024-10-29,Small Business
CUST-05365,Aditi Trivedi,Female,31,Howrah,REG-04,2024-08-21,Consumer
CUST-05366,Vivaan Deshmukh,Male,18,Cuttack,REG-04,2025-03-29,Consumer
CUST-05367,Meera Menon,Female,48,Howrah,REG-04,2023-06-17,Consumer
CUST-05368,Ayaan Aggarwal,Male,30,Ahmedabad,REG-01,2025-04-08,Consumer
CUST-05369,Sai Joshi,Male,28,Lucknow,REG-02,2023-02-02,Consumer
CUST-05370,Aditya Choudhury,Male,51,Ludhiana,REG-02,2023-09-05,Consumer
CUST-05371,Reyansh Pillai,Male,20,Visakhapatnam,REG-03,2023-12-04,Consumer
CUST-05372,Pooja Patel,Female,21,Cuttack,REG-04,2025-07-31,Consumer
CUST-05373,Ira Bhat,Other,21,Ludhiana,REG-02,2024-11-05,Consumer
CUST-05374,Anushka Rao,Female,33,Bhubaneswar,REG-04,2024-02-05,Corporate
CUST-05375,Amit Kulkarni,Male,38,Surat,REG-01,2025-01-29,Consumer
CUST-05376,Suresh Sharma,Male,42,Lucknow,REG-02,2023-04-04,Consumer
CUST-05377,Sai Patel,Male,62,Cuttack,REG-04,2023-08-07,Consumer
CUST-05378,Pooja Deshmukh,Female,18,Asansol,REG-04,2024-01-11,Consumer
CUST-05379,Swati Chopra,Female,40,Ahmedabad,REG-01,2023-08-17,Consumer
CUST-05380,Neha Kumar,Female,27,Lucknow,REG-02,2025-08-26,Consumer
CUST-05381,Karan Trivedi,Male,27,Lucknow,REG-02,2023-03-14,Corporate
CUST-05382,Sneha Gupta,Female,27,Vadodara,REG-01,2025-10-24,Consumer
CUST-05383,Tanvi Shah,Female,24,Kolkata,REG-04,2025-05-17,Consumer
CUST-05384,Advik Mukherjee,Male,52,Kanpur,REG-02,2023-04-05,Small Business
CUST-05385,Atharv Shah,Male,43,Jaipur,REG-02,2025-07-08,Corporate
CUST-05386,Tanvi Saxena,Female,34,Noida,REG-02,2023-01-07,Consumer
CUST-05387,Deepika Malhotra,Female,48,Jabalpur,REG-05,2023-09-25,Consumer
CUST-05388,Vivaan Kumar,Male,18,Noida,REG-02,2023-02-22,Consumer
CUST-05389,Aditi Chopra,Female,19,Hyderabad,REG-03,2024-03-08,Consumer
CUST-05390,Nikhil Joshi,Male,18,Howrah,REG-04,2023-11-02,Consumer
CUST-05391,Ishaan Mehta,Male,26,Vadodara,REG-01,2023-06-25,Consumer
CUST-05392,Meera Shah,Female,35,Cuttack,REG-04,2024-05-16,Consumer
CUST-05393,Kabir Malhotra,Male,35,Pune,REG-01,2023-06-26,Consumer
CUST-05394,Advik Mukherjee,Male,35,Vadodara,REG-01,2023-02-04,Consumer
CUST-05395,Amit Joshi,Male,18,Mumbai,REG-01,2024-09-30,Consumer
CUST-05396,Amit Rao,Male,42,Hyderabad,REG-03,2025-09-05,Consumer
CUST-05397,Neha Das,Female,36,Trivandrum,REG-03,2024-09-27,Consumer
CUST-05398,Ayaan Chopra,Male,42,Jaipur,REG-02,2025-11-02,Small Business
CUST-05399,Navya Saxena,Female,18,Kochi,REG-03,2024-03-21,Consumer
CUST-05400,Karan Kumar,Male,37,Jaipur,REG-02,2025-11-10,Small Business
CUST-05401,Vivaan Bhat,Male,20,Patna,REG-04,2024-12-16,Consumer
CUST-05402,Diya Mishra,Female,29,Hyderabad,REG-03,2024-06-17,Consumer
CUST-05403,Aditi Das,Female,39,Trivandrum,REG-03,2025-04-02,Consumer
CUST-05404,Aanya Menon,Female,35,Mumbai,REG-01,2024-06-16,Consumer
CUST-05405,Anushka Rao,Female,24,Nagpur,REG-01,2025-10-12,Consumer
CUST-05406,Aarohi Iyer,Female,34,Nagpur,REG-01,2023-08-13,Corporate
CUST-05407,Rahul Bhat,Male,18,Shillong,REG-06,2023-05-31,Consumer
CUST-05408,Rahul Bhat,Male,46,Imphal,REG-06,2025-04-12,Small Business
CUST-05409,Aarohi Reddy,Female,31,Indore,REG-05,2024-08-25,Consumer
CUST-05410,Sai Rao,Male,46,Mumbai,REG-01,2023-07-27,Consumer
CUST-05411,Deepak Mukherjee,Male,28,Gurgaon,REG-02,2025-01-27,Consumer
CUST-05412,Karan Joshi,Male,28,Pune,REG-01,2023-09-18,Consumer
CUST-05413,Avani Bose,Female,25,Ahmedabad,REG-01,2024-12-27,Small Business
CUST-05414,Deepika Pillai,Female,43,Imphal,REG-06,2024-07-27,Consumer
CUST-05415,Deepika Pillai,Female,26,Visakhapatnam,REG-03,2023-09-03,Consumer
CUST-05416,Ayaan Patel,Male,41,Asansol,REG-04,2025-10-12,Consumer
CUST-05417,Abhishek Nair,Male,29,Pune,REG-01,2024-06-26,Corporate
CUST-05418,Avani Patel,Female,18,Raipur,REG-05,2023-03-17,Corporate
CUST-05419,Vihaan Joshi,Male,27,Vadodara,REG-01,2024-08-04,Small Business
CUST-05420,Sneha Choudhury,Female,21,Trivandrum,REG-03,2024-08-08,Corporate
CUST-05421,Aditya Malhotra,Male,34,Chennai,REG-03,2024-03-24,Small Business
CUST-05422,Pooja Verma,Female,20,Ludhiana,REG-02,2025-05-27,Consumer
CUST-05423,Aditi Rao,Female,44,Ranchi,REG-04,2024-05-19,Consumer
CUST-05424,Meera Kumar,Female,32,Gurgaon,REG-02,2025-08-31,Consumer
CUST-05425,Rajesh Kulkarni,Male,32,Noida,REG-02,2024-09-28,Consumer
CUST-05426,Sunita Nair,Female,41,Ahmedabad,REG-01,2025-06-10,Consumer
CUST-05427,Reyansh Iyer,Male,44,Panaji,REG-01,2024-11-30,Consumer
CUST-05428,Ananya Pandey,Female,33,Dibrugarh,REG-06,2023-11-09,Corporate
CUST-05429,Krishna Mehta,Male,25,Raipur,REG-05,2024-12-06,Consumer
CUST-05430,Anand Joshi,Male,18,Gurgaon,REG-02,2025-01-11,Corporate
CUST-05431,Myra Sharma,Female,26,Delhi,REG-02,2025-11-11,Small Business
CUST-05432,Sneha Shah,Female,27,Mumbai,REG-01,2025-06-17,Consumer
CUST-05433,Advik Gupta,Male,35,Mumbai,REG-01,2024-01-13,Consumer
CUST-05434,Kabir Shah,Male,30,Surat,REG-01,2023-11-07,Consumer
CUST-05435,Ayaan Reddy,Male,41,Nagpur,REG-01,2023-09-14,Consumer
CUST-05436,Kavya Deshmukh,Female,27,Jaipur,REG-02,2025-11-03,Corporate
CUST-05437,Neha Kapoor,Female,33,Ujjain,REG-05,2025-02-27,Consumer
CUST-05438,Suresh Deshmukh,Male,47,Cuttack,REG-04,2023-11-06,Small Business
CUST-05439,Vikram Das,Male,37,Pune,REG-01,2024-02-17,Consumer
CUST-05440,Abhishek Kulkarni,Male,33,Nagpur,REG-01,2025-04-17,Consumer
CUST-05441,Priyanka Trivedi,Female,27,Panaji,REG-01,2024-04-15,Consumer
CUST-05442,Advaith Kapoor,Male,27,Hyderabad,REG-03,2023-03-07,Consumer
CUST-05443,Abhishek Aggarwal,Male,24,Patna,REG-04,2023-08-08,Consumer
CUST-05444,Myra Reddy,Female,28,Lucknow,REG-02,2024-03-29,Consumer
CUST-05445,Shaurya Saxena,Male,42,Dibrugarh,REG-06,2023-07-16,Consumer
CUST-05446,Advik Nair,Male,31,Bangalore,REG-03,2023-11-19,Consumer
CUST-05447,Vivaan Mishra,Male,19,Surat,REG-01,2025-10-22,Consumer
CUST-05448,Swati Das,Female,53,Mysore,REG-03,2024-02-02,Consumer
CUST-05449,Nikhil Trivedi,Male,37,Kochi,REG-03,2025-09-18,Consumer
CUST-05450,Dhruv Reddy,Male,18,Noida,REG-02,2024-10-12,Consumer
CUST-05451,Anand Bose,Male,29,Kolkata,REG-04,2025-10-21,Consumer
CUST-05452,Suresh Bose,Male,35,Chandigarh,REG-02,2025-03-24,Consumer
CUST-05453,Deepak Kapoor,Male,52,Ahmedabad,REG-01,2024-09-28,Corporate
CUST-05454,Amit Das,Male,21,Panaji,REG-01,2023-08-03,Consumer
CUST-05455,Anushka Singh,Female,44,Jabalpur,REG-05,2023-07-23,Small Business
CUST-05456,Myra Verma,Female,49,Shillong,REG-06,2023-05-14,Consumer
CUST-05457,Aditya Chopra,Male,27,Ujjain,REG-05,2025-10-13,Small Business
CUST-05458,Arjun Aggarwal,Male,30,Chennai,REG-03,2023-03-18,Consumer
CUST-05459,Deepika Joshi,Female,22,Nagpur,REG-01,2025-03-21,Consumer
CUST-05460,Rohan Gupta,Male,31,Noida,REG-02,2025-03-12,Consumer
CUST-05461,Swati Kumar,Female,33,Mumbai,REG-01,2025-06-25,Small Business
CUST-05462,Reyansh Verma,Male,41,Visakhapatnam,REG-03,2023-06-19,Small Business
CUST-05463,Neha Sharma,Female,45,Mumbai,REG-01,2023-11-14,Consumer
CUST-05464,Karan Saxena,Male,25,Ranchi,REG-04,2023-12-29,Consumer
CUST-05465,Aarav Kapoor,Male,18,Vadodara,REG-01,2025-10-05,Consumer
CUST-05466,Sunita Kapoor,Female,33,Gurgaon,REG-02,2023-05-10,Consumer
CUST-05467,Rohan Mehta,Male,37,Indore,REG-05,2023-11-09,Consumer
CUST-05468,Pari Singh,Female,36,Hyderabad,REG-03,2024-11-02,Consumer
CUST-05469,Rahul Malhotra,Male,30,Indore,REG-05,2024-08-28,Consumer
CUST-05470,Diya Reddy,Female,35,Trivandrum,REG-03,2024-09-29,Consumer
CUST-05471,Rohan Verma,Male,50,Ahmedabad,REG-01,2024-07-06,Corporate
CUST-05472,Pranav Das,Male,38,Indore,REG-05,2025-09-06,Corporate
CUST-05473,Amit Kapoor,Male,29,Delhi,REG-02,2024-07-27,Corporate
CUST-05474,Ayaan Rao,Male,28,Bangalore,REG-03,2023-01-28,Corporate
CUST-05475,Advaith Verma,Male,32,Bangalore,REG-03,2024-01-21,Consumer
CUST-05476,Aarohi Kapoor,Female,52,Ujjain,REG-05,2024-04-09,Corporate
CUST-05477,Riya Bhat,Other,31,Surat,REG-01,2024-03-05,Consumer
CUST-05478,Sara Malhotra,Female,33,Kanpur,REG-02,2024-06-25,Consumer
CUST-05479,Ishaan Bose,Male,28,Surat,REG-01,2024-03-03,Consumer
CUST-05480,Deepak Mukherjee,Male,46,Ahmedabad,REG-01,2025-02-23,Consumer
CUST-05481,Aadhya Bose,Female,55,Patna,REG-04,2025-03-02,Consumer
CUST-05482,Navya Mehta,Female,38,Chandigarh,REG-02,2023-04-18,Small Business
CUST-05483,Anika Mehta,Female,34,Nashik,REG-01,2023-06-25,Consumer
CUST-05484,Rajesh Pillai,Male,34,Ludhiana,REG-02,2024-05-27,Consumer
CUST-05485,Priyanka Malhotra,Female,18,Mysore,REG-03,2023-03-01,Consumer
CUST-05486,Anushka Sharma,Female,42,Panaji,REG-01,2025-04-25,Corporate
CUST-05487,Navya Kapoor,Female,35,Kanpur,REG-02,2024-04-07,Consumer
CUST-05488,Dhruv Saxena,Male,38,Jaipur,REG-02,2024-01-08,Consumer
CUST-05489,Aarav Singh,Male,26,Asansol,REG-04,2025-02-09,Consumer
CUST-05490,Advik Mukherjee,Male,29,Kanpur,REG-02,2023-02-14,Consumer
CUST-05491,Anika Joshi,Female,29,Jabalpur,REG-05,2025-06-27,Consumer
CUST-05492,Neha Verma,Female,45,Noida,REG-02,2025-10-17,Consumer
CUST-05493,Suresh Kulkarni,Male,29,Gwalior,REG-05,2025-10-07,Consumer
CUST-05494,Sara Kumar,Female,56,Noida,REG-02,2024-10-08,Consumer
CUST-05495,Sneha Das,Female,38,Asansol,REG-04,2023-08-25,Consumer
CUST-05496,Preeti Reddy,Female,19,Pune,REG-01,2024-10-11,Corporate
CUST-05497,Aditya Nair,Male,32,Vadodara,REG-01,2023-08-26,Consumer
CUST-05498,Sneha Iyer,Female,26,Agartala,REG-06,2025-05-02,Consumer
CUST-05499,Anand Shah,Male,18,Pune,REG-01,2025-08-20,Corporate
CUST-05500,Angel Patel,Female,51,Bangalore,REG-03,2025-04-19,Consumer
CUST-05501,Abhishek Chopra,Male,41,Mysore,REG-03,2025-09-01,Corporate
CUST-05502,Krishna Sharma,Male,39,Bilaspur,REG-05,2023-07-05,Small Business
CUST-05503,Deepak Patel,Male,35,Kanpur,REG-02,2023-08-02,Consumer
CUST-05504,Aarohi Mehta,Female,18,Visakhapatnam,REG-03,2024-03-12,Consumer
CUST-05505,Shreya Bhat,Female,28,Chennai,REG-03,2025-07-20,Consumer
CUST-05506,Myra Kulkarni,Female,43,Mysore,REG-03,2025-05-14,Consumer
CUST-05507,Rahul Patel,Male,22,Mysore,REG-03,2024-08-18,Corporate
CUST-05508,Meera Verma,Female,18,Asansol,REG-04,2025-06-15,Consumer
CUST-05509,Preeti Iyer,Female,31,Nagpur,REG-01,2024-07-27,Consumer
CUST-05510,Pari Iyer,Female,32,Dibrugarh,REG-06,2023-05-23,Corporate
CUST-05511,Dhruv Chopra,Male,35,Bilaspur,REG-05,2025-03-21,Small Business
CUST-05512,Deepak Menon,Male,42,Hyderabad,REG-03,2024-04-13,Small Business
CUST-05513,Pranav Trivedi,Male,41,Agartala,REG-06,2023-09-16,Corporate
CUST-05514,Kavya Shah,Female,36,Trivandrum,REG-03,2023-04-23,Consumer
CUST-05515,Priyanka Saxena,Female,47,Jaipur,REG-02,2023-11-01,Consumer
CUST-05516,Kavya Bose,Female,18,Noida,REG-02,2025-10-11,Consumer
CUST-05517,Reyansh Menon,Male,39,Bhopal,REG-05,2025-06-06,Corporate
CUST-05518,Rajesh Chopra,Male,40,Mumbai,REG-01,2024-10-24,Consumer
CUST-05519,Vihaan Aggarwal,Male,20,Jabalpur,REG-05,2023-08-02,Small Business
CUST-05520,Diya Kapoor,Female,18,Lucknow,REG-02,2023-08-04,Corporate
CUST-05521,Dhruv Rao,Male,25,Bangalore,REG-03,2025-09-17,Consumer
CUST-05522,Shreya Choudhury,Female,26,Kanpur,REG-02,2023-04-20,Consumer
CUST-05523,Sneha Reddy,Female,42,Agartala,REG-06,2023-08-07,Consumer
CUST-05524,Karan Nair,Male,27,Visakhapatnam,REG-03,2024-09-19,Corporate
CUST-05525,Krishna Aggarwal,Male,24,Nashik,REG-01,2024-05-24,Consumer
CUST-05526,Aanya Mehta,Female,27,Mysore,REG-03,2023-11-16,Corporate
CUST-05527,Ayaan Patel,Male,46,Visakhapatnam,REG-03,2024-10-16,Consumer
CUST-05528,Deepika Pillai,Other,34,Mumbai,REG-01,2023-06-19,Small Business
CUST-05529,Shaurya Das,Male,32,Ludhiana,REG-02,2024-07-04,Consumer
CUST-05530,Sara Kumar,Female,32,Mysore,REG-03,2024-12-26,Consumer
CUST-05531,Deepak Pillai,Male,48,Pune,REG-01,2024-06-30,Consumer
CUST-05532,Advik Bhat,Male,25,Surat,REG-01,2023-12-19,Consumer
CUST-05533,Amit Mehta,Male,48,Panaji,REG-01,2024-07-05,Consumer
CUST-05534,Meera Shah,Female,36,Ujjain,REG-05,2025-02-19,Consumer
CUST-05535,Amit Trivedi,Male,32,Bhopal,REG-05,2025-11-11,Small Business
CUST-05536,Pooja Kapoor,Other,61,Surat,REG-01,2023-07-02,Corporate
CUST-05537,Anand Pandey,Male,22,Panaji,REG-01,2023-10-13,Corporate
CUST-05538,Gaurav Trivedi,Male,30,Surat,REG-01,2023-06-16,Consumer
CUST-05539,Dhruv Singh,Male,20,Lucknow,REG-02,2025-11-29,Corporate
CUST-05540,Sunita Mukherjee,Female,44,Ahmedabad,REG-01,2025-08-01,Consumer
CUST-05541,Angel Patel,Female,52,Ahmedabad,REG-01,2025-10-14,Consumer
CUST-05542,Arjun Gupta,Male,52,Ludhiana,REG-02,2024-04-21,Consumer
CUST-05543,Pari Shah,Female,47,Howrah,REG-04,2024-09-25,Corporate
CUST-05544,Krishna Kumar,Male,31,Surat,REG-01,2025-09-12,Consumer
CUST-05545,Kabir Deshmukh,Male,29,Vadodara,REG-01,2023-10-21,Consumer
CUST-05546,Shreya Chopra,Female,18,Shillong,REG-06,2024-11-06,Consumer
CUST-05547,Deepika Saxena,Female,56,Ujjain,REG-05,2025-01-15,Consumer
CUST-05548,Shreya Rao,Female,39,Kochi,REG-03,2025-03-20,Consumer
CUST-05549,Riya Gupta,Female,28,Jaipur,REG-02,2025-07-18,Consumer
CUST-05550,Deepika Mehta,Female,48,Noida,REG-02,2023-09-19,Consumer
CUST-05551,Shaurya Mehta,Male,23,Pune,REG-01,2024-05-05,Consumer
CUST-05552,Aarav Kulkarni,Male,38,Jaipur,REG-02,2023-04-01,Consumer
CUST-05553,Rahul Nair,Male,32,Agartala,REG-06,2023-08-01,Consumer
CUST-05554,Manish Singh,Male,41,Ahmedabad,REG-01,2023-03-10,Consumer
CUST-05555,Sneha Menon,Female,33,Ludhiana,REG-02,2023-05-02,Small Business
CUST-05556,Meera Pillai,Female,18,Noida,REG-02,2024-05-24,Consumer
CUST-05557,Suresh Rao,Other,34,Gwalior,REG-05,2024-02-25,Consumer
CUST-05558,Ayaan Mehta,Male,45,Gurgaon,REG-02,2023-10-15,Consumer
CUST-05559,Aarav Das,Male,33,Silchar,REG-06,2024-03-04,Consumer
CUST-05560,Vikram Reddy,Male,42,Nashik,REG-01,2024-09-09,Consumer
CUST-05561,Pooja Saxena,Female,22,Patna,REG-04,2023-01-07,Consumer
CUST-05562,Deepika Deshmukh,Female,33,Ujjain,REG-05,2024-04-18,Consumer
CUST-05563,Rajesh Gupta,Male,27,Chandigarh,REG-02,2024-06-29,Consumer
CUST-05564,Atharv Chopra,Male,42,Ludhiana,REG-02,2025-09-26,Corporate
CUST-05565,Shaurya Shah,Male,34,Panaji,REG-01,2024-10-21,Consumer
CUST-05566,Arjun Mishra,Male,41,Vadodara,REG-01,2023-07-27,Consumer
CUST-05567,Saanvi Malhotra,Female,45,Hyderabad,REG-03,2024-04-20,Consumer
CUST-05568,Rajesh Shah,Male,41,Vadodara,REG-01,2025-10-04,Consumer
CUST-05569,Tanvi Kumar,Female,37,Silchar,REG-06,2025-09-22,Corporate
CUST-05570,Aditya Joshi,Male,23,Chandigarh,REG-02,2023-07-25,Consumer
CUST-05571,Navya Gupta,Female,33,Ranchi,REG-04,2023-02-03,Consumer
CUST-05572,Abhishek Kulkarni,Male,28,Nagpur,REG-01,2024-03-12,Corporate
CUST-05573,Vihaan Pillai,Male,30,Kolkata,REG-04,2025-06-01,Consumer
CUST-05574,Navya Chopra,Other,29,Lucknow,REG-02,2023-02-22,Consumer
CUST-05575,Manish Mehta,Male,23,Raipur,REG-05,2023-04-27,Consumer
CUST-05576,Aditya Deshmukh,Male,18,Surat,REG-01,2025-09-21,Consumer
CUST-05577,Saanvi Mukherjee,Female,26,Ahmedabad,REG-01,2023-04-15,Corporate
CUST-05578,Deepak Joshi,Male,36,Bangalore,REG-03,2025-09-03,Consumer
CUST-05579,Sai Pandey,Male,19,Chandigarh,REG-02,2023-09-18,Consumer
CUST-05580,Swati Kulkarni,Female,34,Panaji,REG-01,2024-10-19,Consumer
CUST-05581,Shaurya Pandey,Male,54,Mumbai,REG-01,2024-11-17,Consumer
CUST-05582,Rajesh Shah,Male,45,Silchar,REG-06,2023-09-03,Consumer
CUST-05583,Pari Shah,Female,52,Bilaspur,REG-05,2023-03-12,Consumer
CUST-05584,Gaurav Malhotra,Male,38,Guwahati,REG-06,2024-04-24,Consumer
CUST-05585,Myra Sharma,Female,46,Gwalior,REG-05,2023-07-22,Consumer
CUST-05586,Aditi Mishra,Female,26,Chandigarh,REG-02,2024-07-22,Consumer
CUST-05587,Suresh Deshmukh,Male,26,Dibrugarh,REG-06,2023-06-12,Corporate
CUST-05588,Ishaan Kumar,Male,18,Panaji,REG-01,2024-06-17,Consumer
CUST-05589,Sara Trivedi,Female,47,Panaji,REG-01,2024-10-29,Consumer
CUST-05590,Angel Sharma,Female,50,Hyderabad,REG-03,2023-04-10,Consumer
CUST-05591,Dhruv Saxena,Male,27,Lucknow,REG-02,2023-03-14,Small Business
CUST-05592,Ayaan Trivedi,Male,31,Noida,REG-02,2024-09-12,Corporate
CUST-05593,Amit Rao,Male,25,Nashik,REG-01,2023-02-09,Consumer
CUST-05594,Aditi Saxena,Female,38,Kanpur,REG-02,2025-01-05,Consumer
CUST-05595,Vivaan Sharma,Male,46,Vadodara,REG-01,2023-03-18,Consumer
CUST-05596,Angel Mishra,Female,18,Ludhiana,REG-02,2025-02-27,Consumer
CUST-05597,Manish Rao,Male,38,Bhubaneswar,REG-04,2023-12-15,Consumer
CUST-05598,Abhishek Rao,Male,30,Hyderabad,REG-03,2024-07-31,Consumer
CUST-05599,Advaith Mukherjee,Male,35,Surat,REG-01,2023-03-22,Consumer
CUST-05600,Meera Patel,Female,39,Pune,REG-01,2023-12-16,Consumer
CUST-05601,Gaurav Bose,Male,31,Jaipur,REG-02,2023-05-03,Consumer
CUST-05602,Rahul Chopra,Male,32,Coimbatore,REG-03,2024-05-07,Consumer
CUST-05603,Avani Mishra,Female,31,Ujjain,REG-05,2023-05-25,Corporate
CUST-05604,Amit Mukherjee,Male,44,Visakhapatnam,REG-03,2025-09-18,Corporate
CUST-05605,Shreya Bose,Female,38,Ujjain,REG-05,2023-07-27,Consumer
CUST-05606,Sunita Reddy,Female,36,Patna,REG-04,2024-05-21,Consumer
CUST-05607,Dhruv Verma,Male,20,Vadodara,REG-01,2025-02-08,Consumer
CUST-05608,Deepak Iyer,Male,29,Kanpur,REG-02,2024-08-02,Consumer
CUST-05609,Sneha Das,Female,43,Indore,REG-05,2024-05-29,Consumer
CUST-05610,Anand Rao,Male,34,Pune,REG-01,2023-06-30,Corporate
CUST-05611,Preeti Deshmukh,Female,41,Coimbatore,REG-03,2024-07-25,Corporate
CUST-05612,Priyanka Pandey,Female,53,Asansol,REG-04,2025-07-26,Corporate
CUST-05613,Rahul Patel,Male,45,Bhubaneswar,REG-04,2024-09-05,Small Business
CUST-05614,Neha Iyer,Female,35,Mumbai,REG-01,2024-09-25,Consumer
CUST-05615,Preeti Rao,Female,28,Kanpur,REG-02,2024-04-25,Corporate
CUST-05616,Ananya Kapoor,Female,18,Cuttack,REG-04,2025-10-27,Consumer
CUST-05617,Dhruv Menon,Male,32,Nagpur,REG-01,2025-09-04,Consumer
CUST-05618,Rahul Kulkarni,Male,30,Jabalpur,REG-05,2023-04-03,Consumer
CUST-05619,Arjun Joshi,Male,38,Pune,REG-01,2025-07-19,Consumer
CUST-05620,Rohan Pillai,Male,32,Ludhiana,REG-02,2025-06-10,Corporate
CUST-05621,Suresh Bose,Male,30,Howrah,REG-04,2023-06-17,Consumer
CUST-05622,Sunita Joshi,Female,18,Vadodara,REG-01,2023-09-16,Consumer
CUST-05623,Priyanka Gupta,Female,23,Nagpur,REG-01,2025-10-13,Corporate
CUST-05624,Sneha Saxena,Female,39,Ludhiana,REG-02,2024-10-14,Consumer
CUST-05625,Atharv Mishra,Male,52,Kochi,REG-03,2025-05-01,Consumer
CUST-05626,Preeti Nair,Female,32,Ranchi,REG-04,2025-09-12,Small Business
CUST-05627,Rohan Verma,Other,37,Ludhiana,REG-02,2025-08-16,Small Business
CUST-05628,Atharv Choudhury,Male,44,Pune,REG-01,2025-01-07,Consumer
CUST-05629,Vikram Iyer,Male,25,Panaji,REG-01,2025-07-27,Corporate
CUST-05630,Advik Kapoor,Male,38,Vadodara,REG-01,2024-07-01,Small Business
CUST-05631,Sara Chopra,Female,25,Howrah,REG-04,2025-08-27,Consumer
CUST-05632,Tanvi Malhotra,Female,43,Lucknow,REG-02,2024-11-23,Consumer
CUST-05633,Saanvi Aggarwal,Female,35,Raipur,REG-05,2023-02-24,Small Business
CUST-05634,Anika Menon,Female,37,Nashik,REG-01,2023-11-25,Consumer
CUST-05635,Ananya Bhat,Female,25,Hyderabad,REG-03,2025-08-30,Consumer
CUST-05636,Kabir Trivedi,Male,41,Bangalore,REG-03,2024-07-12,Corporate
CUST-05637,Meera Trivedi,Female,56,Trivandrum,REG-03,2025-04-05,Consumer
CUST-05638,Pranav Saxena,Male,22,Bangalore,REG-03,2024-01-19,Corporate
CUST-05639,Abhishek Iyer,Male,30,Gurgaon,REG-02,2024-08-07,Consumer
CUST-05640,Vivaan Kulkarni,Male,36,Trivandrum,REG-03,2023-07-30,Consumer
CUST-05641,Dhruv Mishra,Male,42,Howrah,REG-04,2024-06-08,Consumer
CUST-05642,Pranav Iyer,Male,27,Chennai,REG-03,2023-08-17,Consumer
CUST-05643,Kavya Pillai,Female,18,Ludhiana,REG-02,2023-12-22,Consumer
CUST-05644,Vivaan Mehta,Male,48,Noida,REG-02,2024-12-15,Consumer
CUST-05645,Vivaan Kulkarni,Male,42,Hyderabad,REG-03,2024-03-02,Consumer
CUST-05646,Saanvi Bhat,Female,18,Surat,REG-01,2024-09-22,Corporate
CUST-05647,Ananya Gupta,Female,27,Imphal,REG-06,2024-09-05,Consumer
CUST-05648,Kavya Pillai,Female,51,Indore,REG-05,2024-07-24,Consumer
CUST-05649,Aarav Patel,Male,49,Howrah,REG-04,2024-12-22,Small Business
CUST-05650,Aarohi Kapoor,Female,44,Cuttack,REG-04,2024-09-07,Consumer
CUST-05651,Ayaan Patel,Male,32,Silchar,REG-06,2023-11-15,Consumer
CUST-05652,Preeti Mehta,Other,34,Jaipur,REG-02,2024-12-15,Consumer
CUST-05653,Arjun Sharma,Male,32,Asansol,REG-04,2024-04-17,Consumer
CUST-05654,Aanya Joshi,Female,46,Trivandrum,REG-03,2025-06-04,Consumer
CUST-05655,Angel Singh,Female,24,Vadodara,REG-01,2024-01-22,Consumer
CUST-05656,Dhruv Joshi,Male,25,Bilaspur,REG-05,2024-08-10,Corporate
CUST-05657,Diya Bose,Female,45,Nashik,REG-01,2024-05-09,Consumer
CUST-05658,Tanvi Chopra,Female,33,Surat,REG-01,2023-01-20,Corporate
CUST-05659,Preeti Deshmukh,Female,49,Gurgaon,REG-02,2023-06-12,Small Business
CUST-05660,Simran Patel,Female,26,Jaipur,REG-02,2023-04-06,Small Business
CUST-05661,Reyansh Kumar,Male,33,Gurgaon,REG-02,2024-07-23,Corporate
CUST-05662,Diya Malhotra,Female,23,Cuttack,REG-04,2024-05-18,Consumer
CUST-05663,Rohan Aggarwal,Male,34,Ludhiana,REG-02,2024-05-07,Corporate
CUST-05664,Sneha Pillai,Female,18,Ujjain,REG-05,2023-06-12,Corporate
CUST-05665,Kavya Deshmukh,Female,28,Nashik,REG-01,2025-09-10,Consumer
CUST-05666,Ira Shah,Female,18,Bangalore,REG-03,2024-08-26,Consumer
CUST-05667,Karan Mishra,Male,41,Cuttack,REG-04,2025-02-11,Corporate
CUST-05668,Ira Chopra,Female,41,Vadodara,REG-01,2023-07-25,Corporate
CUST-05669,Aditya Malhotra,Male,18,Hyderabad,REG-03,2023-02-07,Consumer
CUST-05670,Suresh Trivedi,Male,48,Pune,REG-01,2023-05-22,Consumer
CUST-05671,Angel Reddy,Female,61,Patna,REG-04,2025-07-23,Consumer
CUST-05672,Kavya Joshi,Female,34,Noida,REG-02,2024-08-19,Consumer
CUST-05673,Atharv Chopra,Male,26,Surat,REG-01,2025-01-27,Consumer
CUST-05674,Aditya Sharma,Male,65,Bilaspur,REG-05,2024-10-24,Consumer
CUST-05675,Advaith Pandey,Male,19,Pune,REG-01,2024-03-24,Consumer
CUST-05676,Meera Aggarwal,Female,34,Howrah,REG-04,2025-08-02,Consumer
CUST-05677,Abhishek Deshmukh,Male,35,Delhi,REG-02,2025-10-20,Small Business
CUST-05678,Vihaan Aggarwal,Male,48,Ujjain,REG-05,2025-06-30,Consumer
CUST-05679,Gaurav Das,Male,37,Bangalore,REG-03,2023-06-20,Corporate
CUST-05680,Aarohi Malhotra,Female,28,Raipur,REG-05,2023-12-18,Consumer
CUST-05681,Rajesh Rao,Male,23,Hyderabad,REG-03,2023-11-23,Small Business
CUST-05682,Angel Sharma,Female,30,Imphal,REG-06,2023-06-08,Consumer
CUST-05683,Krishna Mishra,Male,22,Ranchi,REG-04,2025-04-05,Consumer
CUST-05684,Myra Mishra,Female,34,Vadodara,REG-01,2024-05-26,Consumer
CUST-05685,Simran Nair,Female,27,Kolkata,REG-04,2023-05-12,Corporate
CUST-05686,Saanvi Saxena,Female,18,Vadodara,REG-01,2024-11-25,Consumer
CUST-05687,Meera Reddy,Female,47,Bilaspur,REG-05,2023-08-19,Consumer
CUST-05688,Deepak Trivedi,Male,28,Dibrugarh,REG-06,2025-04-12,Consumer
CUST-05689,Riya Bose,Female,20,Kochi,REG-03,2024-07-15,Corporate
CUST-05690,Aanya Kulkarni,Other,32,Trivandrum,REG-03,2023-04-12,Corporate
CUST-05691,Kabir Pandey,Male,34,Jabalpur,REG-05,2023-11-03,Consumer
CUST-05692,Gaurav Nair,Male,18,Vadodara,REG-01,2025-03-31,Corporate
CUST-05693,Ira Pillai,Female,37,Bilaspur,REG-05,2025-10-21,Consumer
CUST-05694,Manish Menon,Male,22,Coimbatore,REG-03,2023-08-05,Corporate
CUST-05695,Nikhil Kulkarni,Male,52,Pune,REG-01,2024-09-06,Consumer
CUST-05696,Aarohi Bose,Female,39,Mumbai,REG-01,2023-06-04,Consumer
CUST-05697,Preeti Chopra,Female,29,Ludhiana,REG-02,2023-03-28,Consumer
CUST-05698,Manish Rao,Male,25,Jaipur,REG-02,2023-04-06,Consumer
CUST-05699,Aadhya Trivedi,Female,32,Chandigarh,REG-02,2023-10-09,Consumer
CUST-05700,Tanvi Singh,Female,40,Ranchi,REG-04,2023-02-08,Consumer
CUST-05701,Atharv Mishra,Male,33,Panaji,REG-01,2023-09-11,Consumer
CUST-05702,Shreya Mukherjee,Female,31,Shillong,REG-06,2025-04-21,Consumer
CUST-05703,Avani Verma,Female,34,Chandigarh,REG-02,2023-05-09,Consumer
CUST-05704,Sneha Mehta,Female,27,Delhi,REG-02,2025-06-30,Small Business
CUST-05705,Aadhya Deshmukh,Female,30,Bangalore,REG-03,2025-05-28,Consumer
CUST-05706,Navya Mukherjee,Female,18,Ludhiana,REG-02,2023-11-12,Consumer
CUST-05707,Manish Kapoor,Male,44,Ranchi,REG-04,2025-04-21,Corporate
CUST-05708,Myra Nair,Female,37,Nashik,REG-01,2023-06-21,Consumer
CUST-05709,Dhruv Mukherjee,Male,25,Nashik,REG-01,2024-12-13,Corporate
CUST-05710,Manish Rao,Male,54,Bhopal,REG-05,2025-07-08,Small Business
CUST-05711,Pari Bhat,Female,34,Jaipur,REG-02,2025-01-12,Consumer
CUST-05712,Amit Mukherjee,Male,22,Jabalpur,REG-05,2023-04-04,Consumer
CUST-05713,Suresh Patel,Male,43,Hyderabad,REG-03,2023-12-29,Consumer
CUST-05714,Rahul Mishra,Male,38,Surat,REG-01,2023-01-22,Small Business
CUST-05715,Ananya Mehta,Female,38,Ludhiana,REG-02,2023-12-28,Corporate
CUST-05716,Pooja Reddy,Female,29,Nashik,REG-01,2024-07-28,Corporate
CUST-05717,Kabir Malhotra,Male,38,Hyderabad,REG-03,2023-04-03,Consumer
CUST-05718,Angel Saxena,Female,31,Ludhiana,REG-02,2025-03-11,Consumer
CUST-05719,Preeti Rao,Female,40,Ahmedabad,REG-01,2023-12-05,Consumer
CUST-05720,Arjun Verma,Male,18,Trivandrum,REG-03,2023-07-16,Corporate
CUST-05721,Pooja Verma,Female,29,Nashik,REG-01,2023-03-20,Corporate
CUST-05722,Preeti Kapoor,Female,52,Mumbai,REG-01,2025-03-26,Consumer
CUST-05723,Ayaan Trivedi,Male,25,Jaipur,REG-02,2024-12-21,Corporate
CUST-05724,Myra Mehta,Female,27,Kanpur,REG-02,2023-06-07,Consumer
CUST-05725,Rahul Bose,Male,29,Raipur,REG-05,2025-03-23,Small Business
CUST-05726,Ira Mishra,Female,20,Shillong,REG-06,2025-01-06,Consumer
CUST-05727,Sneha Kulkarni,Female,18,Ahmedabad,REG-01,2023-05-05,Consumer
CUST-05728,Karan Nair,Male,31,Delhi,REG-02,2025-03-04,Consumer
CUST-05729,Advaith Rao,Male,35,Ranchi,REG-04,2024-02-23,Corporate
CUST-05730,Preeti Rao,Female,33,Chennai,REG-03,2024-02-14,Consumer
CUST-05731,Vihaan Menon,Male,32,Mumbai,REG-01,2023-01-10,Consumer
CUST-05732,Ishaan Bhat,Male,34,Lucknow,REG-02,2024-04-18,Small Business
CUST-05733,Angel Mukherjee,Female,45,Panaji,REG-01,2025-04-28,Consumer
CUST-05734,Anushka Mishra,Female,31,Imphal,REG-06,2023-03-20,Consumer
CUST-05735,Preeti Malhotra,Female,27,Panaji,REG-01,2023-01-11,Consumer
CUST-05736,Vikram Verma,Male,30,Mysore,REG-03,2024-05-11,Consumer
CUST-05737,Arjun Kulkarni,Male,40,Bangalore,REG-03,2023-11-24,Corporate
CUST-05738,Atharv Mehta,Male,49,Guwahati,REG-06,2023-04-08,Consumer
CUST-05739,Aanya Trivedi,Female,27,Gwalior,REG-05,2024-11-02,Small Business
CUST-05740,Dhruv Gupta,Male,35,Gwalior,REG-05,2023-01-01,Consumer
CUST-05741,Ishaan Sharma,Male,37,Gurgaon,REG-02,2025-10-23,Consumer
CUST-05742,Sai Joshi,Male,23,Gurgaon,REG-02,2023-01-27,Consumer
CUST-05743,Rohan Joshi,Male,34,Panaji,REG-01,2023-04-25,Consumer
CUST-05744,Krishna Deshmukh,Male,18,Nashik,REG-01,2025-11-10,Consumer
CUST-05745,Tanvi Joshi,Female,18,Panaji,REG-01,2023-09-08,Consumer
CUST-05746,Meera Aggarwal,Female,38,Vadodara,REG-01,2023-06-29,Consumer
CUST-05747,Aditya Pandey,Male,29,Gurgaon,REG-02,2023-02-15,Small Business
CUST-05748,Saanvi Kulkarni,Female,36,Delhi,REG-02,2024-07-16,Corporate
CUST-05749,Shaurya Mukherjee,Male,33,Kochi,REG-03,2024-03-18,Corporate
CUST-05750,Pranav Aggarwal,Male,23,Trivandrum,REG-03,2024-06-27,Consumer
CUST-05751,Gaurav Das,Male,33,Ahmedabad,REG-01,2025-01-27,Consumer
CUST-05752,Vivaan Bose,Male,20,Agartala,REG-06,2025-04-25,Consumer
CUST-05753,Avani Patel,Female,49,Pune,REG-01,2024-02-21,Consumer
CUST-05754,Diya Das,Female,19,Panaji,REG-01,2023-05-23,Consumer
CUST-05755,Ira Pillai,Female,31,Lucknow,REG-02,2025-06-01,Consumer
CUST-05756,Sara Malhotra,Female,22,Kolkata,REG-04,2024-09-19,Small Business
CUST-05757,Anushka Das,Female,40,Agartala,REG-06,2025-02-02,Small Business
CUST-05758,Aarohi Joshi,Female,30,Panaji,REG-01,2023-08-11,Small Business
CUST-05759,Ayaan Saxena,Male,28,Chennai,REG-03,2025-07-05,Consumer
CUST-05760,Sunita Mukherjee,Female,43,Patna,REG-04,2023-04-05,Consumer
CUST-05761,Arjun Saxena,Male,34,Patna,REG-04,2024-03-30,Consumer
CUST-05762,Tanvi Reddy,Female,39,Nagpur,REG-01,2023-01-09,Corporate
CUST-05763,Vikram Choudhury,Male,23,Patna,REG-04,2025-10-12,Consumer
CUST-05764,Nikhil Iyer,Male,18,Nagpur,REG-01,2025-02-16,Consumer
CUST-05765,Vivaan Saxena,Male,35,Hyderabad,REG-03,2025-03-07,Consumer
CUST-05766,Shaurya Kulkarni,Male,30,Cuttack,REG-04,2025-05-07,Small Business
CUST-05767,Kabir Sharma,Male,40,Ludhiana,REG-02,2024-02-01,Consumer
CUST-05768,Tanvi Bhat,Female,33,Shillong,REG-06,2024-02-17,Consumer
CUST-05769,Neha Deshmukh,Female,36,Ahmedabad,REG-01,2024-08-26,Consumer
CUST-05770,Anand Deshmukh,Male,18,Kanpur,REG-02,2023-10-11,Consumer
CUST-05771,Shreya Kapoor,Female,54,Bilaspur,REG-05,2025-04-27,Corporate
CUST-05772,Kabir Shah,Male,32,Shillong,REG-06,2025-11-01,Consumer
CUST-05773,Pranav Rao,Male,41,Imphal,REG-06,2023-01-24,Consumer
CUST-05774,Sunita Bose,Female,24,Gwalior,REG-05,2023-05-10,Corporate
CUST-05775,Rahul Verma,Male,37,Gurgaon,REG-02,2025-01-26,Consumer
CUST-05776,Ira Chopra,Female,19,Bangalore,REG-03,2025-05-14,Consumer
CUST-05777,Advaith Das,Male,38,Vadodara,REG-01,2023-07-26,Consumer
CUST-05778,Avani Das,Female,30,Lucknow,REG-02,2023-09-10,Consumer
CUST-05779,Reyansh Nair,Male,34,Bangalore,REG-03,2024-12-09,Corporate
CUST-05780,Deepak Bhat,Male,41,Silchar,REG-06,2023-04-02,Small Business
CUST-05781,Angel Trivedi,Female,20,Shillong,REG-06,2024-01-30,Consumer
CUST-05782,Myra Rao,Female,26,Ludhiana,REG-02,2023-10-05,Consumer
CUST-05783,Reyansh Patel,Male,39,Bangalore,REG-03,2025-05-14,Consumer
CUST-05784,Kavya Iyer,Female,57,Nashik,REG-01,2024-09-13,Consumer
CUST-05785,Dhruv Choudhury,Male,32,Kochi,REG-03,2025-06-30,Consumer
CUST-05786,Deepika Menon,Female,40,Lucknow,REG-02,2025-06-17,Consumer
CUST-05787,Abhishek Mishra,Male,32,Visakhapatnam,REG-03,2023-02-17,Consumer
CUST-05788,Myra Saxena,Female,55,Imphal,REG-06,2023-07-21,Consumer
CUST-05789,Anika Aggarwal,Female,18,Ahmedabad,REG-01,2023-09-02,Corporate
CUST-05790,Ira Singh,Female,35,Chandigarh,REG-02,2024-05-31,Consumer
CUST-05791,Riya Rao,Female,18,Surat,REG-01,2023-03-21,Consumer
CUST-05792,Riya Mukherjee,Female,18,Delhi,REG-02,2024-09-24,Corporate
CUST-05793,Avani Bhat,Female,37,Kanpur,REG-02,2024-06-02,Corporate
CUST-05794,Myra Deshmukh,Female,35,Kanpur,REG-02,2025-03-01,Consumer
CUST-05795,Anushka Kulkarni,Female,30,Mysore,REG-03,2025-05-25,Consumer
CUST-05796,Abhishek Chopra,Male,32,Coimbatore,REG-03,2023-11-03,Consumer
CUST-05797,Kavya Bose,Female,68,Gurgaon,REG-02,2023-04-23,Small Business
CUST-05798,Suresh Mukherjee,Male,31,Chandigarh,REG-02,2023-03-31,Consumer
CUST-05799,Shaurya Menon,Male,39,Lucknow,REG-02,2025-11-24,Consumer
CUST-05800,Swati Reddy,Female,26,Kochi,REG-03,2024-04-29,Consumer
CUST-05801,Simran Rao,Female,37,Trivandrum,REG-03,2023-10-10,Consumer
CUST-05802,Angel Mukherjee,Female,31,Trivandrum,REG-03,2024-01-18,Consumer
CUST-05803,Aadhya Verma,Female,29,Nagpur,REG-01,2025-02-02,Consumer
CUST-05804,Aanya Rao,Female,54,Indore,REG-05,2025-10-01,Consumer
CUST-05805,Ishaan Pandey,Male,46,Patna,REG-04,2025-04-20,Consumer
CUST-05806,Atharv Sharma,Male,35,Bangalore,REG-03,2023-04-18,Corporate
CUST-05807,Pranav Mukherjee,Male,18,Ujjain,REG-05,2025-03-10,Consumer
CUST-05808,Rajesh Mukherjee,Male,30,Mumbai,REG-01,2023-06-21,Consumer
CUST-05809,Kavya Bose,Female,63,Jaipur,REG-02,2024-09-24,Consumer
CUST-05810,Manish Reddy,Male,31,Pune,REG-01,2025-08-29,Corporate
CUST-05811,Preeti Bose,Female,46,Nashik,REG-01,2024-09-02,Corporate
CUST-05812,Pari Saxena,Female,49,Howrah,REG-04,2024-10-06,Consumer
CUST-05813,Myra Malhotra,Female,36,Visakhapatnam,REG-03,2024-02-09,Consumer
CUST-05814,Anika Kumar,Female,24,Nagpur,REG-01,2025-02-03,Corporate
CUST-05815,Neha Trivedi,Female,18,Nashik,REG-01,2023-05-02,Consumer
CUST-05816,Ira Menon,Female,41,Ujjain,REG-05,2023-08-30,Corporate
CUST-05817,Anand Shah,Male,25,Gurgaon,REG-02,2025-01-02,Consumer
CUST-05818,Krishna Kumar,Male,35,Nashik,REG-01,2025-05-11,Small Business
CUST-05819,Ishaan Pandey,Male,20,Coimbatore,REG-03,2025-04-27,Consumer
CUST-05820,Shreya Malhotra,Female,31,Bhopal,REG-05,2024-10-17,Small Business
CUST-05821,Abhishek Kulkarni,Male,34,Coimbatore,REG-03,2023-06-12,Consumer
CUST-05822,Sai Bhat,Male,36,Jaipur,REG-02,2024-01-29,Consumer
CUST-05823,Pari Rao,Other,21,Bhubaneswar,REG-04,2025-01-05,Consumer
CUST-05824,Riya Shah,Female,47,Gurgaon,REG-02,2023-05-02,Consumer
CUST-05825,Atharv Trivedi,Male,27,Gurgaon,REG-02,2024-04-12,Consumer
CUST-05826,Ira Shah,Female,18,Dibrugarh,REG-06,2024-04-18,Consumer
CUST-05827,Deepika Singh,Female,32,Visakhapatnam,REG-03,2025-07-26,Consumer
CUST-05828,Nikhil Iyer,Male,34,Ahmedabad,REG-01,2024-09-25,Consumer
CUST-05829,Pranav Shah,Male,35,Bilaspur,REG-05,2024-08-01,Corporate
CUST-05830,Karan Trivedi,Male,48,Ludhiana,REG-02,2023-09-23,Consumer
CUST-05831,Ira Choudhury,Female,31,Ludhiana,REG-02,2023-11-04,Corporate
CUST-05832,Aditi Bhat,Female,32,Vadodara,REG-01,2023-07-30,Consumer
CUST-05833,Advaith Kapoor,Male,21,Bilaspur,REG-05,2023-06-02,Consumer
CUST-05834,Avani Rao,Female,43,Gurgaon,REG-02,2025-11-06,Consumer
CUST-05835,Aadhya Bose,Female,36,Hyderabad,REG-03,2023-09-06,Consumer
CUST-05836,Atharv Bhat,Male,29,Ludhiana,REG-02,2023-04-14,Small Business
CUST-05837,Pari Iyer,Female,18,Chennai,REG-03,2023-01-04,Consumer
CUST-05838,Rahul Pillai,Male,49,Mysore,REG-03,2024-06-18,Consumer
CUST-05839,Sara Trivedi,Female,20,Noida,REG-02,2023-10-29,Small Business
CUST-05840,Reyansh Shah,Male,27,Delhi,REG-02,2025-08-15,Consumer
CUST-05841,Aarav Mukherjee,Male,37,Indore,REG-05,2023-05-26,Small Business
CUST-05842,Shaurya Das,Male,20,Kochi,REG-03,2024-10-22,Small Business
CUST-05843,Aditi Kapoor,Female,18,Ujjain,REG-05,2024-10-29,Consumer
CUST-05844,Anika Aggarwal,Female,18,Kolkata,REG-04,2023-11-16,Consumer
CUST-05845,Vihaan Saxena,Male,41,Nagpur,REG-01,2024-09-23,Consumer
CUST-05846,Anand Bhat,Male,28,Vadodara,REG-01,2024-06-21,Corporate
CUST-05847,Sneha Pillai,Female,66,Nashik,REG-01,2025-07-22,Consumer
CUST-05848,Karan Sharma,Male,23,Jaipur,REG-02,2023-02-10,Consumer
CUST-05849,Ira Malhotra,Female,23,Nashik,REG-01,2025-04-08,Consumer
CUST-05850,Anand Mishra,Male,27,Patna,REG-04,2023-09-24,Consumer
CUST-05851,Aarav Menon,Male,36,Bangalore,REG-03,2024-06-06,Corporate
CUST-05852,Kabir Das,Male,28,Dibrugarh,REG-06,2024-05-09,Consumer
CUST-05853,Riya Kulkarni,Female,40,Hyderabad,REG-03,2024-01-26,Consumer
CUST-05854,Simran Pandey,Female,23,Pune,REG-01,2025-11-29,Consumer
CUST-05855,Vihaan Mishra,Male,18,Kochi,REG-03,2025-11-04,Small Business
CUST-05856,Suresh Trivedi,Male,18,Hyderabad,REG-03,2025-03-29,Corporate
CUST-05857,Saanvi Mehta,Female,18,Jaipur,REG-02,2023-08-03,Consumer
CUST-05858,Myra Kumar,Female,28,Coimbatore,REG-03,2025-07-03,Corporate
CUST-05859,Meera Kulkarni,Female,30,Agartala,REG-06,2024-11-09,Corporate
CUST-05860,Reyansh Patel,Male,27,Imphal,REG-06,2024-04-11,Consumer
CUST-05861,Deepika Iyer,Female,47,Bhubaneswar,REG-04,2025-02-23,Corporate
CUST-05862,Kavya Choudhury,Female,47,Nashik,REG-01,2025-02-16,Consumer
CUST-05863,Vihaan Saxena,Male,30,Mumbai,REG-01,2023-03-30,Consumer
CUST-05864,Diya Malhotra,Female,18,Mysore,REG-03,2025-08-08,Consumer
CUST-05865,Vihaan Kapoor,Male,27,Panaji,REG-01,2024-04-10,Consumer
CUST-05866,Preeti Kapoor,Female,27,Patna,REG-04,2023-07-15,Consumer
CUST-05867,Abhishek Gupta,Male,26,Ujjain,REG-05,2025-02-23,Small Business
CUST-05868,Manish Rao,Male,26,Gurgaon,REG-02,2025-10-16,Consumer
CUST-05869,Ira Menon,Female,26,Nagpur,REG-01,2025-11-21,Consumer
CUST-05870,Reyansh Patel,Male,29,Panaji,REG-01,2023-12-01,Consumer
CUST-05871,Anika Rao,Female,27,Bangalore,REG-03,2025-06-29,Consumer
CUST-05872,Meera Mehta,Female,36,Chandigarh,REG-02,2024-05-29,Consumer
CUST-05873,Rajesh Saxena,Male,37,Nagpur,REG-01,2024-07-07,Consumer
CUST-05874,Tanvi Menon,Female,23,Hyderabad,REG-03,2024-06-22,Consumer
CUST-05875,Saanvi Pillai,Female,47,Dibrugarh,REG-06,2023-10-16,Corporate
CUST-05876,Anand Patel,Male,23,Jabalpur,REG-05,2024-04-13,Consumer
CUST-05877,Shaurya Sharma,Male,18,Bangalore,REG-03,2024-10-18,Consumer
CUST-05878,Ananya Joshi,Female,38,Pune,REG-01,2023-03-04,Small Business
CUST-05879,Rohan Mukherjee,Male,25,Delhi,REG-02,2025-09-03,Consumer
CUST-05880,Krishna Pandey,Male,37,Ranchi,REG-04,2025-05-29,Small Business
CUST-05881,Pranav Saxena,Male,18,Ludhiana,REG-02,2025-02-09,Corporate
CUST-05882,Meera Chopra,Female,49,Vadodara,REG-01,2024-04-25,Consumer
CUST-05883,Aditya Sharma,Male,41,Imphal,REG-06,2025-01-31,Consumer
CUST-05884,Ishaan Deshmukh,Male,18,Kanpur,REG-02,2025-01-12,Corporate
CUST-05885,Meera Singh,Female,18,Visakhapatnam,REG-03,2025-09-09,Small Business
CUST-05886,Vivaan Chopra,Male,52,Panaji,REG-01,2023-02-13,Corporate
CUST-05887,Ananya Reddy,Female,25,Vadodara,REG-01,2025-05-22,Corporate
CUST-05888,Ishaan Aggarwal,Male,24,Bangalore,REG-03,2025-05-06,Corporate
CUST-05889,Simran Chopra,Female,18,Nashik,REG-01,2024-03-26,Corporate
CUST-05890,Myra Gupta,Female,30,Asansol,REG-04,2024-08-29,Consumer
CUST-05891,Riya Aggarwal,Female,31,Trivandrum,REG-03,2023-11-02,Consumer
CUST-05892,Rahul Saxena,Male,41,Chennai,REG-03,2024-12-21,Corporate
CUST-05893,Karan Pandey,Male,18,Nagpur,REG-01,2023-09-07,Consumer
CUST-05894,Pranav Mishra,Male,18,Bhopal,REG-05,2024-11-10,Consumer
CUST-05895,Vihaan Deshmukh,Male,38,Visakhapatnam,REG-03,2025-06-26,Consumer
CUST-05896,Aarohi Das,Female,45,Coimbatore,REG-03,2025-04-24,Consumer
CUST-05897,Priyanka Bose,Female,18,Visakhapatnam,REG-03,2024-07-09,Consumer
CUST-05898,Preeti Singh,Female,45,Surat,REG-01,2023-02-07,Consumer
CUST-05899,Pooja Bhat,Female,34,Ludhiana,REG-02,2025-07-15,Corporate
CUST-05900,Swati Bhat,Female,46,Surat,REG-01,2025-07-21,Consumer
CUST-05901,Kabir Choudhury,Male,33,Kanpur,REG-02,2023-12-29,Consumer
CUST-05902,Kabir Kumar,Male,18,Indore,REG-05,2023-01-26,Corporate
CUST-05903,Neha Aggarwal,Female,32,Jaipur,REG-02,2024-06-11,Consumer
CUST-05904,Atharv Sharma,Male,45,Surat,REG-01,2024-03-18,Consumer
CUST-05905,Meera Malhotra,Female,24,Panaji,REG-01,2025-02-21,Consumer
CUST-05906,Aadhya Nair,Female,29,Ahmedabad,REG-01,2024-01-09,Small Business
CUST-05907,Ira Iyer,Female,32,Bilaspur,REG-05,2023-09-01,Consumer
CUST-05908,Pranav Saxena,Male,18,Chandigarh,REG-02,2023-12-10,Consumer
CUST-05909,Shreya Mehta,Female,52,Kanpur,REG-02,2024-04-27,Consumer
CUST-05910,Aditi Reddy,Female,24,Pune,REG-01,2025-01-16,Consumer
CUST-05911,Anushka Reddy,Female,39,Delhi,REG-02,2023-02-23,Consumer
CUST-05912,Vivaan Iyer,Male,33,Chandigarh,REG-02,2024-07-30,Consumer
CUST-05913,Atharv Malhotra,Male,47,Kolkata,REG-04,2024-11-03,Consumer
CUST-05914,Priyanka Nair,Female,38,Jabalpur,REG-05,2023-07-10,Small Business
CUST-05915,Aadhya Das,Female,31,Shillong,REG-06,2025-06-07,Corporate
CUST-05916,Aanya Sharma,Female,24,Trivandrum,REG-03,2023-04-13,Consumer
CUST-05917,Sneha Patel,Female,42,Ujjain,REG-05,2024-08-19,Consumer
CUST-05918,Abhishek Kapoor,Male,18,Kanpur,REG-02,2023-07-16,Consumer
CUST-05919,Shreya Singh,Female,41,Raipur,REG-05,2023-12-01,Small Business
CUST-05920,Karan Kulkarni,Male,21,Mumbai,REG-01,2024-12-02,Corporate
CUST-05921,Sara Rao,Female,47,Mumbai,REG-01,2024-06-06,Consumer
CUST-05922,Suresh Malhotra,Male,35,Mysore,REG-03,2025-09-18,Consumer
CUST-05923,Aditya Reddy,Other,41,Pune,REG-01,2025-01-18,Consumer
CUST-05924,Preeti Mukherjee,Female,34,Panaji,REG-01,2025-06-10,Consumer
CUST-05925,Ishaan Das,Male,18,Ludhiana,REG-02,2025-05-08,Consumer
CUST-05926,Priyanka Nair,Female,24,Mysore,REG-03,2025-11-02,Small Business
CUST-05927,Atharv Patel,Male,41,Bangalore,REG-03,2023-06-19,Consumer
CUST-05928,Aditi Bose,Female,35,Vadodara,REG-01,2023-10-02,Small Business
CUST-05929,Nikhil Kulkarni,Male,46,Ranchi,REG-04,2023-04-23,Consumer
CUST-05930,Preeti Malhotra,Female,38,Ahmedabad,REG-01,2024-04-25,Consumer
CUST-05931,Meera Joshi,Female,23,Chandigarh,REG-02,2024-06-08,Consumer
CUST-05932,Ayaan Bhat,Male,25,Chennai,REG-03,2023-09-05,Consumer
CUST-05933,Riya Bose,Female,35,Chennai,REG-03,2025-01-29,Corporate
CUST-05934,Vikram Rao,Male,18,Bhubaneswar,REG-04,2025-01-24,Corporate
CUST-05935,Abhishek Shah,Male,52,Panaji,REG-01,2023-01-29,Consumer
CUST-05936,Dhruv Reddy,Male,38,Panaji,REG-01,2023-12-08,Corporate
CUST-05937,Suresh Reddy,Male,47,Surat,REG-01,2024-05-29,Consumer
CUST-05938,Reyansh Pillai,Male,18,Ludhiana,REG-02,2025-06-04,Consumer
CUST-05939,Rohan Sharma,Male,47,Kochi,REG-03,2025-02-04,Consumer
CUST-05940,Krishna Mishra,Male,58,Asansol,REG-04,2024-10-29,Corporate
CUST-05941,Abhishek Iyer,Male,19,Patna,REG-04,2024-08-22,Consumer
CUST-05942,Pooja Kumar,Female,42,Hyderabad,REG-03,2025-01-18,Corporate
CUST-05943,Meera Kumar,Female,34,Visakhapatnam,REG-03,2023-02-17,Corporate
CUST-05944,Pari Kapoor,Female,18,Visakhapatnam,REG-03,2024-03-21,Consumer
CUST-05945,Sara Joshi,Female,39,Hyderabad,REG-03,2025-05-06,Consumer
CUST-05946,Suresh Malhotra,Male,43,Nagpur,REG-01,2025-07-31,Consumer
CUST-05947,Aditya Joshi,Male,27,Ahmedabad,REG-01,2025-07-09,Corporate
CUST-05948,Pranav Pandey,Other,46,Noida,REG-02,2024-08-07,Small Business
CUST-05949,Deepak Chopra,Male,18,Asansol,REG-04,2025-11-09,Consumer
CUST-05950,Manish Kulkarni,Male,18,Nashik,REG-01,2025-08-25,Consumer
CUST-05951,Rajesh Aggarwal,Male,35,Agartala,REG-06,2024-05-23,Consumer
CUST-05952,Neha Rao,Female,34,Kolkata,REG-04,2023-12-27,Consumer
CUST-05953,Tanvi Reddy,Female,26,Silchar,REG-06,2025-03-10,Corporate
CUST-05954,Suresh Choudhury,Male,42,Lucknow,REG-02,2025-09-23,Corporate
CUST-05955,Rajesh Iyer,Male,39,Gurgaon,REG-02,2024-11-02,Small Business
CUST-05956,Sai Singh,Male,43,Surat,REG-01,2024-07-28,Corporate
CUST-05957,Shreya Nair,Female,32,Patna,REG-04,2025-03-02,Consumer
CUST-05958,Advaith Patel,Male,40,Trivandrum,REG-03,2023-04-01,Small Business
CUST-05959,Rahul Saxena,Male,29,Coimbatore,REG-03,2024-11-27,Consumer
CUST-05960,Shreya Mishra,Female,56,Hyderabad,REG-03,2023-10-16,Consumer
CUST-05961,Rahul Bhat,Male,25,Imphal,REG-06,2023-01-31,Consumer
CUST-05962,Kabir Joshi,Male,57,Asansol,REG-04,2023-08-05,Corporate
CUST-05963,Amit Gupta,Male,34,Mysore,REG-03,2025-02-10,Consumer
CUST-05964,Deepika Menon,Female,18,Gurgaon,REG-02,2024-10-09,Consumer
CUST-05965,Ira Das,Female,49,Gurgaon,REG-02,2024-03-14,Consumer
CUST-05966,Pooja Das,Female,35,Bangalore,REG-03,2025-11-19,Corporate
CUST-05967,Advik Menon,Male,43,Pune,REG-01,2023-07-07,Corporate
CUST-05968,Vihaan Iyer,Male,47,Hyderabad,REG-03,2024-02-23,Consumer
CUST-05969,Nikhil Mukherjee,Male,37,Mysore,REG-03,2025-11-01,Consumer
CUST-05970,Angel Gupta,Female,27,Ranchi,REG-04,2023-10-03,Corporate
CUST-05971,Pari Mukherjee,Female,44,Bilaspur,REG-05,2025-10-09,Small Business
CUST-05972,Anika Mishra,Female,34,Kochi,REG-03,2023-05-29,Consumer
CUST-05973,Deepak Bhat,Male,41,Vadodara,REG-01,2024-04-22,Consumer
CUST-05974,Ayaan Verma,Male,18,Ranchi,REG-04,2025-09-26,Consumer
CUST-05975,Sneha Aggarwal,Female,38,Patna,REG-04,2023-08-29,Consumer
CUST-05976,Aanya Patel,Female,26,Asansol,REG-04,2025-08-25,Consumer
CUST-05977,Aditya Aggarwal,Male,52,Shillong,REG-06,2023-08-03,Consumer
CUST-05978,Sara Das,Female,40,Bhubaneswar,REG-04,2025-03-04,Consumer
CUST-05979,Anand Gupta,Male,36,Pune,REG-01,2025-09-29,Consumer
CUST-05980,Nikhil Sharma,Male,39,Lucknow,REG-02,2023-10-15,Consumer
CUST-05981,Rohan Rao,Male,23,Pune,REG-01,2024-10-12,Consumer
CUST-05982,Pranav Gupta,Male,51,Vadodara,REG-01,2023-08-27,Consumer
CUST-05983,Advaith Kumar,Male,55,Bhopal,REG-05,2023-07-30,Consumer
CUST-05984,Vihaan Shah,Male,38,Pune,REG-01,2025-07-30,Consumer
CUST-05985,Tanvi Chopra,Female,51,Nagpur,REG-01,2023-12-14,Consumer
CUST-05986,Saanvi Patel,Female,27,Nashik,REG-01,2023-03-07,Consumer
CUST-05987,Deepika Trivedi,Female,25,Chennai,REG-03,2024-09-30,Consumer
CUST-05988,Tanvi Nair,Female,34,Kanpur,REG-02,2023-06-18,Corporate
CUST-05989,Advik Verma,Male,38,Jabalpur,REG-05,2023-10-20,Corporate
CUST-05990,Amit Choudhury,Male,29,Delhi,REG-02,2023-01-15,Consumer
CUST-05991,Anika Aggarwal,Female,39,Mysore,REG-03,2024-04-13,Consumer
CUST-05992,Aarav Mehta,Male,37,Dibrugarh,REG-06,2024-01-19,Consumer
CUST-05993,Aditya Verma,Male,23,Chandigarh,REG-02,2025-02-12,Small Business
CUST-05994,Vivaan Trivedi,Male,39,Bilaspur,REG-05,2023-06-02,Corporate
CUST-05995,Aarohi Gupta,Female,43,Ahmedabad,REG-01,2023-03-02,Consumer
CUST-05996,Vivaan Mishra,Male,35,Gwalior,REG-05,2023-11-03,Consumer
CUST-05997,Ishaan Patel,Male,46,Kochi,REG-03,2024-11-23,Consumer
CUST-05998,Kavya Chopra,Female,20,Mumbai,REG-01,2024-03-31,Corporate
CUST-05999,Kabir Joshi,Male,39,Kochi,REG-03,2024-03-29,Consumer
CUST-06000,Preeti Bhat,Female,21,Mumbai,REG-01,2023-02-26,Corporate
CUST-06001,Advik Singh,Male,21,Visakhapatnam,REG-03,2025-01-08,Consumer
CUST-06002,Kavya Bhat,Female,27,Pune,REG-01,2024-07-02,Consumer
CUST-06003,Gaurav Saxena,Male,23,Vadodara,REG-01,2025-01-28,Corporate
CUST-06004,Suresh Malhotra,Male,27,Bhubaneswar,REG-04,2025-03-06,Corporate
CUST-06005,Sai Verma,Male,31,Pune,REG-01,2023-02-13,Consumer
CUST-06006,Vihaan Bose,Male,43,Guwahati,REG-06,2023-01-15,Consumer
CUST-06007,Vikram Mehta,Male,30,Ujjain,REG-05,2024-12-15,Consumer
CUST-06008,Aarohi Shah,Female,18,Silchar,REG-06,2023-11-27,Consumer
CUST-06009,Riya Kapoor,Female,46,Delhi,REG-02,2024-07-28,Consumer
CUST-06010,Deepika Kumar,Female,24,Coimbatore,REG-03,2024-02-06,Corporate
CUST-06011,Sara Mukherjee,Female,33,Visakhapatnam,REG-03,2023-12-04,Consumer
CUST-06012,Angel Mishra,Female,38,Silchar,REG-06,2025-09-22,Consumer
CUST-06013,Ayaan Bose,Male,36,Bhubaneswar,REG-04,2024-04-10,Consumer
CUST-06014,Ishaan Patel,Male,46,Gurgaon,REG-02,2025-08-18,Consumer
CUST-06015,Swati Deshmukh,Female,39,Raipur,REG-05,2024-03-22,Consumer
CUST-06016,Rahul Joshi,Male,24,Delhi,REG-02,2023-04-12,Consumer
CUST-06017,Saanvi Mukherjee,Female,57,Bhubaneswar,REG-04,2024-09-16,Consumer
CUST-06018,Kavya Shah,Female,36,Indore,REG-05,2025-07-08,Consumer
CUST-06019,Anika Mukherjee,Female,32,Bangalore,REG-03,2023-02-20,Consumer
CUST-06020,Angel Chopra,Female,44,Pune,REG-01,2024-06-24,Consumer
CUST-06021,Avani Verma,Female,36,Surat,REG-01,2025-05-06,Consumer
CUST-06022,Dhruv Verma,Male,38,Kolkata,REG-04,2023-12-09,Consumer
CUST-06023,Shaurya Shah,Male,61,Bilaspur,REG-05,2023-06-14,Consumer
CUST-06024,Avani Mukherjee,Female,30,Ahmedabad,REG-01,2023-02-27,Small Business
CUST-06025,Deepak Patel,Male,30,Coimbatore,REG-03,2023-03-06,Consumer
CUST-06026,Advaith Das,Male,35,Vadodara,REG-01,2023-12-04,Consumer
CUST-06027,Vikram Gupta,Male,45,Nagpur,REG-01,2023-07-31,Consumer
CUST-06028,Tanvi Trivedi,Female,18,Shillong,REG-06,2025-05-16,Consumer
CUST-06029,Kavya Mehta,Female,18,Mumbai,REG-01,2025-02-22,Consumer
CUST-06030,Pranav Pandey,Male,27,Imphal,REG-06,2025-02-09,Consumer
CUST-06031,Sara Bose,Female,18,Mumbai,REG-01,2024-06-19,Small Business
CUST-06032,Anand Patel,Male,29,Coimbatore,REG-03,2024-05-22,Corporate
CUST-06033,Neha Pillai,Female,39,Mysore,REG-03,2025-08-17,Corporate
CUST-06034,Neha Trivedi,Female,24,Nagpur,REG-01,2023-09-03,Consumer
CUST-06035,Deepika Chopra,Female,18,Kolkata,REG-04,2024-05-28,Consumer
CUST-06036,Ananya Chopra,Female,34,Hyderabad,REG-03,2023-01-23,Consumer
CUST-06037,Shreya Mishra,Female,43,Asansol,REG-04,2025-04-18,Consumer
CUST-06038,Pooja Menon,Female,18,Silchar,REG-06,2023-03-14,Corporate
CUST-06039,Karan Gupta,Male,43,Asansol,REG-04,2023-03-29,Corporate
CUST-06040,Aarav Mukherjee,Male,42,Bangalore,REG-03,2024-04-05,Corporate
CUST-06041,Abhishek Bhat,Male,44,Noida,REG-02,2025-06-01,Consumer
CUST-06042,Advik Pillai,Male,47,Pune,REG-01,2023-09-09,Corporate
CUST-06043,Karan Kulkarni,Male,58,Gwalior,REG-05,2025-07-27,Consumer
CUST-06044,Dhruv Iyer,Male,30,Agartala,REG-06,2024-12-14,Small Business
CUST-06045,Karan Mukherjee,Male,35,Chennai,REG-03,2024-09-25,Consumer
CUST-06046,Pranav Kulkarni,Male,29,Vadodara,REG-01,2024-05-18,Consumer
CUST-06047,Deepika Chopra,Female,34,Bhubaneswar,REG-04,2025-04-26,Consumer
CUST-06048,Priyanka Shah,Female,50,Gurgaon,REG-02,2025-02-11,Consumer
CUST-06049,Sai Aggarwal,Male,19,Gurgaon,REG-02,2024-06-25,Small Business
CUST-06050,Vivaan Gupta,Male,24,Chennai,REG-03,2023-03-24,Consumer
CUST-06051,Shaurya Malhotra,Male,49,Kolkata,REG-04,2024-06-27,Consumer
CUST-06052,Reyansh Sharma,Male,45,Jabalpur,REG-05,2025-11-27,Consumer
CUST-06053,Rahul Menon,Male,30,Trivandrum,REG-03,2023-06-25,Consumer
CUST-06054,Aanya Shah,Female,43,Noida,REG-02,2023-07-31,Consumer
CUST-06055,Anand Nair,Male,37,Surat,REG-01,2025-05-26,Corporate
CUST-06056,Manish Malhotra,Male,50,Surat,REG-01,2023-04-03,Consumer
CUST-06057,Sneha Nair,Female,34,Pune,REG-01,2024-01-21,Consumer
CUST-06058,Anushka Mehta,Female,45,Howrah,REG-04,2023-10-20,Consumer
CUST-06059,Manish Iyer,Male,63,Gurgaon,REG-02,2023-02-21,Consumer
CUST-06060,Rohan Kulkarni,Male,40,Ujjain,REG-05,2024-04-13,Corporate
CUST-06061,Krishna Pandey,Male,34,Agartala,REG-06,2025-05-05,Corporate
CUST-06062,Deepak Gupta,Male,41,Pune,REG-01,2025-03-22,Consumer
CUST-06063,Sai Bose,Male,29,Ludhiana,REG-02,2023-02-08,Consumer
CUST-06064,Sneha Trivedi,Female,60,Kochi,REG-03,2024-02-03,Consumer
CUST-06065,Anand Joshi,Male,35,Noida,REG-02,2025-04-08,Consumer
CUST-06066,Kabir Bhat,Male,30,Dibrugarh,REG-06,2024-06-25,Corporate
CUST-06067,Vikram Verma,Male,24,Howrah,REG-04,2023-09-23,Consumer
CUST-06068,Aditi Aggarwal,Female,46,Ahmedabad,REG-01,2025-06-04,Consumer
CUST-06069,Suresh Bose,Male,43,Nashik,REG-01,2024-03-21,Corporate
CUST-06070,Reyansh Patel,Male,28,Lucknow,REG-02,2023-07-11,Consumer
CUST-06071,Deepak Singh,Male,40,Cuttack,REG-04,2024-02-17,Consumer
CUST-06072,Vikram Chopra,Other,18,Surat,REG-01,2023-01-07,Corporate
CUST-06073,Aditi Choudhury,Female,36,Pune,REG-01,2023-06-15,Consumer
CUST-06074,Krishna Pillai,Male,38,Nashik,REG-01,2024-02-09,Consumer
CUST-06075,Pooja Saxena,Female,52,Surat,REG-01,2025-08-30,Consumer
CUST-06076,Pari Kapoor,Female,25,Chennai,REG-03,2023-06-03,Consumer
CUST-06077,Shreya Pillai,Female,19,Surat,REG-01,2023-03-11,Small Business
CUST-06078,Advik Kulkarni,Male,24,Mumbai,REG-01,2024-05-03,Consumer
CUST-06079,Deepak Choudhury,Male,19,Ludhiana,REG-02,2025-04-06,Consumer
CUST-06080,Ishaan Das,Male,48,Imphal,REG-06,2023-11-24,Consumer
CUST-06081,Angel Bhat,Female,51,Bangalore,REG-03,2024-11-24,Consumer
CUST-06082,Aditya Mukherjee,Male,37,Chennai,REG-03,2023-12-22,Consumer
CUST-06083,Avani Das,Female,47,Mysore,REG-03,2024-04-02,Small Business
CUST-06084,Priyanka Rao,Other,35,Ujjain,REG-05,2024-01-12,Corporate
CUST-06085,Sneha Mehta,Female,32,Jaipur,REG-02,2024-05-26,Consumer
CUST-06086,Nikhil Mukherjee,Male,30,Hyderabad,REG-03,2024-05-12,Small Business
CUST-06087,Aanya Deshmukh,Female,30,Vadodara,REG-01,2025-11-13,Consumer
CUST-06088,Aadhya Chopra,Female,18,Gurgaon,REG-02,2024-04-18,Small Business
CUST-06089,Ira Kulkarni,Female,36,Chennai,REG-03,2024-07-26,Consumer
CUST-06090,Aditya Nair,Male,33,Kolkata,REG-04,2023-11-05,Consumer
CUST-06091,Kabir Iyer,Other,42,Gurgaon,REG-02,2023-03-18,Small Business
CUST-06092,Pranav Singh,Male,35,Ludhiana,REG-02,2024-09-21,Consumer
CUST-06093,Reyansh Pandey,Male,32,Kanpur,REG-02,2023-05-24,Consumer
CUST-06094,Rajesh Singh,Male,24,Ranchi,REG-04,2025-04-14,Consumer
CUST-06095,Nikhil Gupta,Male,34,Mysore,REG-03,2023-05-16,Consumer
CUST-06096,Rahul Mishra,Male,42,Trivandrum,REG-03,2025-01-06,Corporate
CUST-06097,Suresh Mukherjee,Male,21,Coimbatore,REG-03,2024-03-25,Small Business
CUST-06098,Deepak Aggarwal,Male,34,Surat,REG-01,2025-09-01,Corporate
CUST-06099,Kavya Menon,Female,36,Vadodara,REG-01,2024-12-25,Consumer
CUST-06100,Dhruv Aggarwal,Male,26,Mysore,REG-03,2023-10-10,Consumer
CUST-06101,Shaurya Bhat,Male,27,Pune,REG-01,2025-11-16,Small Business
CUST-06102,Ishaan Iyer,Male,36,Hyderabad,REG-03,2024-01-25,Corporate
CUST-06103,Ira Verma,Female,21,Chandigarh,REG-02,2024-06-30,Consumer
CUST-06104,Gaurav Mishra,Male,37,Delhi,REG-02,2023-11-15,Consumer
CUST-06105,Kabir Kumar,Male,24,Chennai,REG-03,2025-03-26,Corporate
CUST-06106,Navya Deshmukh,Female,45,Patna,REG-04,2023-11-28,Consumer
CUST-06107,Gaurav Saxena,Male,59,Bangalore,REG-03,2024-09-14,Consumer
CUST-06108,Amit Kumar,Male,24,Delhi,REG-02,2025-11-15,Corporate
CUST-06109,Karan Mehta,Male,39,Nagpur,REG-01,2023-07-28,Consumer
CUST-06110,Swati Sharma,Female,26,Ujjain,REG-05,2025-10-25,Consumer
CUST-06111,Shreya Patel,Female,45,Vadodara,REG-01,2023-03-08,Consumer
CUST-06112,Atharv Pillai,Male,20,Jaipur,REG-02,2023-03-29,Consumer
CUST-06113,Sara Deshmukh,Female,39,Jaipur,REG-02,2025-08-30,Consumer
CUST-06114,Amit Singh,Male,24,Bangalore,REG-03,2025-10-11,Consumer
CUST-06115,Aditi Chopra,Female,31,Jaipur,REG-02,2024-10-06,Consumer
CUST-06116,Deepika Menon,Female,22,Agartala,REG-06,2023-08-26,Consumer
CUST-06117,Nikhil Sharma,Male,43,Ranchi,REG-04,2023-08-27,Consumer
CUST-06118,Shreya Mishra,Female,24,Panaji,REG-01,2024-02-01,Small Business
CUST-06119,Advik Sharma,Male,40,Patna,REG-04,2024-08-23,Consumer
CUST-06120,Vikram Deshmukh,Male,30,Kolkata,REG-04,2025-11-11,Consumer
CUST-06121,Nikhil Aggarwal,Male,32,Ujjain,REG-05,2025-03-03,Corporate
CUST-06122,Myra Deshmukh,Female,35,Jaipur,REG-02,2024-06-22,Consumer
CUST-06123,Rohan Gupta,Male,25,Gurgaon,REG-02,2025-05-05,Consumer
CUST-06124,Karan Bhat,Male,36,Coimbatore,REG-03,2025-06-10,Consumer
CUST-06125,Vivaan Rao,Male,50,Asansol,REG-04,2023-08-25,Consumer
CUST-06126,Sneha Rao,Female,25,Pune,REG-01,2024-08-15,Consumer
CUST-06127,Ayaan Iyer,Male,46,Coimbatore,REG-03,2024-11-14,Consumer
CUST-06128,Ira Mehta,Female,50,Indore,REG-05,2025-07-10,Consumer
CUST-06129,Pari Kapoor,Female,25,Cuttack,REG-04,2024-03-02,Corporate
CUST-06130,Anushka Iyer,Female,18,Noida,REG-02,2023-12-01,Consumer
CUST-06131,Karan Aggarwal,Male,37,Ludhiana,REG-02,2023-03-04,Small Business
CUST-06132,Shaurya Bose,Male,27,Ludhiana,REG-02,2023-09-26,Small Business
CUST-06133,Amit Gupta,Male,54,Agartala,REG-06,2025-07-03,Corporate
CUST-06134,Avani Aggarwal,Female,34,Panaji,REG-01,2023-08-12,Small Business
CUST-06135,Vihaan Reddy,Male,25,Ludhiana,REG-02,2025-09-16,Small Business
CUST-06136,Angel Joshi,Other,21,Howrah,REG-04,2024-02-18,Corporate
CUST-06137,Ananya Nair,Female,45,Jabalpur,REG-05,2025-09-08,Consumer
CUST-06138,Pranav Kulkarni,Male,27,Ludhiana,REG-02,2023-08-31,Corporate
CUST-06139,Vikram Iyer,Male,34,Delhi,REG-02,2023-12-01,Consumer
CUST-06140,Anushka Nair,Female,44,Indore,REG-05,2023-10-11,Consumer
CUST-06141,Ira Pillai,Female,28,Noida,REG-02,2024-04-27,Consumer
CUST-06142,Krishna Menon,Male,33,Trivandrum,REG-03,2025-11-02,Consumer
CUST-06143,Priyanka Mishra,Female,33,Nashik,REG-01,2025-11-27,Consumer
CUST-06144,Aadhya Iyer,Female,41,Surat,REG-01,2024-10-24,Consumer
CUST-06145,Sunita Das,Female,40,Delhi,REG-02,2024-07-30,Corporate
CUST-06146,Krishna Kumar,Male,31,Ludhiana,REG-02,2023-10-10,Consumer
CUST-06147,Manish Singh,Male,34,Trivandrum,REG-03,2023-05-11,Consumer
CUST-06148,Advaith Pandey,Male,29,Visakhapatnam,REG-03,2024-07-21,Small Business
CUST-06149,Aditya Mishra,Male,18,Chennai,REG-03,2024-06-01,Consumer
CUST-06150,Advaith Rao,Male,36,Mumbai,REG-01,2024-04-12,Consumer
CUST-06151,Priyanka Das,Female,54,Howrah,REG-04,2023-02-08,Consumer
CUST-06152,Pooja Kulkarni,Female,24,Bangalore,REG-03,2025-08-19,Consumer
CUST-06153,Rahul Kapoor,Male,25,Kochi,REG-03,2023-12-22,Small Business
CUST-06154,Advaith Pandey,Male,24,Visakhapatnam,REG-03,2024-09-15,Corporate
CUST-06155,Simran Reddy,Female,41,Nashik,REG-01,2025-09-14,Consumer
CUST-06156,Pranav Mukherjee,Male,38,Howrah,REG-04,2025-04-22,Consumer
CUST-06157,Aditi Reddy,Female,32,Ranchi,REG-04,2024-03-01,Corporate
CUST-06158,Aarav Gupta,Male,23,Nagpur,REG-01,2023-09-23,Consumer
CUST-06159,Sneha Mukherjee,Female,35,Chandigarh,REG-02,2025-04-04,Consumer
CUST-06160,Angel Pillai,Female,18,Bangalore,REG-03,2024-10-02,Consumer
CUST-06161,Rajesh Reddy,Male,35,Cuttack,REG-04,2024-11-20,Consumer
CUST-06162,Amit Deshmukh,Male,43,Delhi,REG-02,2023-03-06,Corporate
CUST-06163,Preeti Bhat,Female,20,Coimbatore,REG-03,2025-11-05,Consumer
CUST-06164,Aarav Saxena,Male,18,Hyderabad,REG-03,2023-02-08,Consumer
CUST-06165,Myra Sharma,Female,51,Jaipur,REG-02,2025-03-28,Consumer
CUST-06166,Priyanka Verma,Female,27,Pune,REG-01,2023-12-13,Corporate
CUST-06167,Rajesh Trivedi,Male,46,Chandigarh,REG-02,2023-01-30,Small Business
CUST-06168,Aarohi Shah,Female,32,Ludhiana,REG-02,2024-10-31,Consumer
CUST-06169,Rajesh Singh,Male,32,Kanpur,REG-02,2023-07-10,Consumer
CUST-06170,Advaith Pandey,Male,38,Ujjain,REG-05,2024-02-09,Corporate
CUST-06171,Gaurav Chopra,Male,24,Chandigarh,REG-02,2023-11-13,Consumer
CUST-06172,Angel Saxena,Female,35,Kanpur,REG-02,2025-02-13,Consumer
CUST-06173,Anushka Malhotra,Female,29,Silchar,REG-06,2025-01-15,Consumer
CUST-06174,Aditya Sharma,Male,19,Vadodara,REG-01,2023-05-10,Consumer
CUST-06175,Riya Trivedi,Female,37,Ahmedabad,REG-01,2025-04-15,Consumer
CUST-06176,Krishna Kapoor,Male,31,Agartala,REG-06,2025-01-11,Consumer
CUST-06177,Ananya Pandey,Female,32,Bangalore,REG-03,2024-03-27,Corporate
CUST-06178,Meera Mukherjee,Female,20,Gurgaon,REG-02,2025-06-11,Consumer
CUST-06179,Aadhya Mishra,Female,51,Hyderabad,REG-03,2025-11-10,Corporate
CUST-06180,Ishaan Malhotra,Male,43,Panaji,REG-01,2024-03-10,Consumer
CUST-06181,Angel Pandey,Female,44,Nagpur,REG-01,2023-09-14,Corporate
CUST-06182,Preeti Mukherjee,Female,30,Howrah,REG-04,2023-01-05,Consumer
CUST-06183,Sai Pandey,Other,18,Asansol,REG-04,2025-11-03,Consumer
CUST-06184,Aditi Chopra,Female,55,Indore,REG-05,2024-06-10,Corporate
CUST-06185,Krishna Das,Male,33,Panaji,REG-01,2023-02-07,Consumer
CUST-06186,Sunita Singh,Female,25,Bangalore,REG-03,2024-12-09,Consumer
CUST-06187,Krishna Mukherjee,Male,38,Kolkata,REG-04,2023-09-26,Consumer
CUST-06188,Shreya Kapoor,Female,46,Chennai,REG-03,2023-07-16,Consumer
CUST-06189,Sara Menon,Female,33,Kochi,REG-03,2025-06-19,Consumer
CUST-06190,Aarav Reddy,Male,48,Vadodara,REG-01,2025-02-14,Consumer
CUST-06191,Priyanka Saxena,Female,45,Ahmedabad,REG-01,2023-02-03,Consumer
CUST-06192,Aarav Verma,Male,22,Hyderabad,REG-03,2024-03-07,Consumer
CUST-06193,Deepak Verma,Male,26,Silchar,REG-06,2025-10-13,Consumer
CUST-06194,Myra Malhotra,Female,44,Mumbai,REG-01,2023-03-19,Consumer
CUST-06195,Manish Menon,Male,18,Hyderabad,REG-03,2023-11-22,Corporate
CUST-06196,Abhishek Chopra,Male,32,Mysore,REG-03,2024-12-10,Small Business
CUST-06197,Ira Pandey,Female,18,Vadodara,REG-01,2025-10-16,Consumer
CUST-06198,Meera Shah,Female,28,Lucknow,REG-02,2024-04-14,Consumer
CUST-06199,Tanvi Iyer,Female,30,Mumbai,REG-01,2024-12-20,Consumer
CUST-06200,Sneha Joshi,Female,30,Cuttack,REG-04,2025-06-19,Consumer
CUST-06201,Abhishek Bhat,Male,27,Guwahati,REG-06,2024-11-27,Consumer
CUST-06202,Simran Bhat,Female,21,Nashik,REG-01,2025-11-27,Consumer
CUST-06203,Aadhya Rao,Female,59,Trivandrum,REG-03,2025-01-10,Consumer
CUST-06204,Tanvi Malhotra,Female,54,Trivandrum,REG-03,2023-02-06,Corporate
CUST-06205,Myra Mishra,Female,21,Jaipur,REG-02,2025-02-11,Consumer
CUST-06206,Reyansh Shah,Male,51,Pune,REG-01,2025-11-05,Consumer
CUST-06207,Simran Chopra,Female,29,Mumbai,REG-01,2023-09-28,Consumer
CUST-06208,Anand Shah,Male,35,Vadodara,REG-01,2025-03-30,Corporate
CUST-06209,Aanya Trivedi,Female,33,Chandigarh,REG-02,2024-03-02,Consumer
CUST-06210,Simran Nair,Female,26,Raipur,REG-05,2025-09-10,Small Business
CUST-06211,Sai Verma,Male,44,Vadodara,REG-01,2024-07-04,Consumer
CUST-06212,Amit Mehta,Male,35,Chennai,REG-03,2023-01-01,Consumer
CUST-06213,Nikhil Gupta,Male,28,Ranchi,REG-04,2024-01-04,Consumer
CUST-06214,Aadhya Choudhury,Female,19,Chandigarh,REG-02,2023-09-14,Corporate
CUST-06215,Amit Menon,Male,24,Imphal,REG-06,2025-05-10,Consumer
CUST-06216,Aarav Kulkarni,Male,18,Patna,REG-04,2024-12-10,Consumer
CUST-06217,Atharv Singh,Male,34,Dibrugarh,REG-06,2023-02-21,Consumer
CUST-06218,Anand Trivedi,Male,20,Ujjain,REG-05,2024-01-30,Consumer
CUST-06219,Manish Bose,Male,31,Surat,REG-01,2024-01-01,Consumer
CUST-06220,Rahul Shah,Male,49,Nashik,REG-01,2024-08-27,Consumer
CUST-06221,Sunita Bose,Female,47,Bhubaneswar,REG-04,2024-03-07,Small Business
CUST-06222,Saanvi Saxena,Female,33,Lucknow,REG-02,2023-07-17,Consumer
CUST-06223,Arjun Mishra,Male,33,Imphal,REG-06,2024-05-31,Small Business
CUST-06224,Vivaan Bose,Male,54,Nagpur,REG-01,2023-05-06,Consumer
CUST-06225,Navya Kulkarni,Female,39,Gwalior,REG-05,2023-12-03,Consumer
CUST-06226,Vihaan Verma,Male,30,Ahmedabad,REG-01,2023-02-22,Consumer
CUST-06227,Vikram Saxena,Male,18,Silchar,REG-06,2023-04-06,Corporate
CUST-06228,Avani Verma,Female,38,Asansol,REG-04,2025-03-11,Consumer
CUST-06229,Shreya Mukherjee,Female,43,Cuttack,REG-04,2025-01-28,Consumer
CUST-06230,Rahul Sharma,Male,27,Ujjain,REG-05,2024-04-05,Consumer
CUST-06231,Manish Chopra,Male,37,Coimbatore,REG-03,2025-09-28,Small Business
CUST-06232,Simran Sharma,Female,30,Asansol,REG-04,2024-03-21,Corporate
CUST-06233,Sneha Iyer,Female,31,Trivandrum,REG-03,2024-10-06,Consumer
CUST-06234,Pooja Sharma,Female,18,Lucknow,REG-02,2024-02-01,Consumer
CUST-06235,Krishna Das,Male,31,Patna,REG-04,2023-02-23,Corporate
CUST-06236,Saanvi Sharma,Female,44,Nashik,REG-01,2024-12-16,Consumer
CUST-06237,Reyansh Saxena,Male,27,Cuttack,REG-04,2025-06-08,Corporate
CUST-06238,Aadhya Mukherjee,Female,34,Ahmedabad,REG-01,2024-11-30,Consumer
CUST-06239,Gaurav Singh,Male,25,Howrah,REG-04,2024-02-19,Consumer
CUST-06240,Sara Bhat,Female,37,Nashik,REG-01,2023-12-25,Small Business
CUST-06241,Shreya Reddy,Female,31,Gwalior,REG-05,2023-04-19,Corporate
CUST-06242,Angel Rao,Female,23,Ujjain,REG-05,2023-01-27,Consumer
CUST-06243,Anushka Mukherjee,Female,48,Bhopal,REG-05,2023-08-08,Consumer
CUST-06244,Aarav Iyer,Male,44,Lucknow,REG-02,2023-05-04,Consumer
CUST-06245,Gaurav Menon,Male,27,Ludhiana,REG-02,2023-09-17,Consumer
CUST-06246,Vihaan Aggarwal,Male,39,Noida,REG-02,2023-01-02,Consumer
CUST-06247,Preeti Malhotra,Female,39,Jabalpur,REG-05,2025-05-28,Small Business
CUST-06248,Ananya Patel,Female,41,Kanpur,REG-02,2025-09-18,Consumer
CUST-06249,Aarohi Patel,Female,18,Mumbai,REG-01,2025-03-19,Consumer
CUST-06250,Kavya Nair,Female,45,Chandigarh,REG-02,2023-07-26,Consumer
CUST-06251,Sara Mishra,Female,27,Coimbatore,REG-03,2025-05-25,Consumer
CUST-06252,Amit Deshmukh,Male,30,Gurgaon,REG-02,2024-12-03,Consumer
CUST-06253,Deepak Bose,Male,63,Visakhapatnam,REG-03,2025-09-14,Corporate
CUST-06254,Gaurav Pillai,Male,37,Kanpur,REG-02,2025-03-01,Consumer
CUST-06255,Shreya Kapoor,Female,29,Nashik,REG-01,2023-03-03,Consumer
CUST-06256,Saanvi Trivedi,Female,18,Bangalore,REG-03,2025-06-19,Corporate
CUST-06257,Sara Kapoor,Female,49,Guwahati,REG-06,2025-02-17,Corporate
CUST-06258,Navya Singh,Female,19,Vadodara,REG-01,2025-09-25,Small Business
CUST-06259,Suresh Pillai,Male,22,Noida,REG-02,2025-01-10,Consumer
CUST-06260,Anushka Joshi,Female,30,Kochi,REG-03,2024-04-16,Corporate
CUST-06261,Ishaan Patel,Male,49,Delhi,REG-02,2025-06-08,Consumer
CUST-06262,Sneha Patel,Female,42,Kanpur,REG-02,2025-03-25,Consumer
CUST-06263,Swati Gupta,Female,32,Mumbai,REG-01,2024-12-20,Small Business
CUST-06264,Anika Nair,Female,37,Raipur,REG-05,2024-02-24,Consumer
CUST-06265,Kabir Verma,Male,27,Cuttack,REG-04,2025-10-18,Consumer
CUST-06266,Tanvi Shah,Female,35,Nashik,REG-01,2023-10-24,Consumer
CUST-06267,Aarohi Aggarwal,Female,34,Kanpur,REG-02,2023-10-23,Consumer
CUST-06268,Meera Iyer,Female,44,Nagpur,REG-01,2024-08-08,Consumer
CUST-06269,Amit Gupta,Male,44,Surat,REG-01,2024-09-10,Consumer
CUST-06270,Manish Kapoor,Male,39,Panaji,REG-01,2023-08-02,Consumer
CUST-06271,Suresh Pillai,Male,30,Vadodara,REG-01,2024-12-14,Consumer
CUST-06272,Ira Singh,Female,42,Lucknow,REG-02,2024-04-02,Consumer
CUST-06273,Myra Bhat,Female,32,Nashik,REG-01,2025-03-16,Small Business
CUST-06274,Aarav Nair,Male,22,Cuttack,REG-04,2025-06-24,Small Business
CUST-06275,Angel Shah,Female,29,Imphal,REG-06,2024-11-29,Consumer
CUST-06276,Ananya Iyer,Female,34,Kanpur,REG-02,2025-11-22,Corporate
CUST-06277,Aarohi Mukherjee,Female,44,Chennai,REG-03,2025-09-03,Consumer
CUST-06278,Ayaan Joshi,Male,31,Hyderabad,REG-03,2024-08-31,Consumer
CUST-06279,Saanvi Aggarwal,Female,20,Mysore,REG-03,2023-01-15,Consumer
CUST-06280,Abhishek Deshmukh,Male,34,Jaipur,REG-02,2023-03-31,Consumer
CUST-06281,Rohan Deshmukh,Male,35,Chennai,REG-03,2024-04-07,Consumer
CUST-06282,Sai Deshmukh,Male,36,Ludhiana,REG-02,2024-04-26,Consumer
CUST-06283,Pooja Kumar,Female,44,Hyderabad,REG-03,2024-06-08,Consumer
CUST-06284,Rajesh Menon,Male,45,Chennai,REG-03,2025-03-03,Corporate
CUST-06285,Sunita Joshi,Female,27,Bhubaneswar,REG-04,2023-08-09,Consumer
CUST-06286,Sara Iyer,Female,27,Chandigarh,REG-02,2023-07-22,Consumer
CUST-06287,Deepika Mehta,Female,22,Pune,REG-01,2024-08-22,Consumer
CUST-06288,Ayaan Pillai,Male,41,Chennai,REG-03,2023-12-13,Corporate
CUST-06289,Amit Reddy,Male,49,Agartala,REG-06,2025-11-30,Consumer
CUST-06290,Sunita Aggarwal,Female,30,Pune,REG-01,2023-10-03,Consumer
CUST-06291,Abhishek Deshmukh,Male,31,Dibrugarh,REG-06,2023-08-04,Small Business
CUST-06292,Kabir Chopra,Male,50,Mumbai,REG-01,2023-07-16,Consumer
CUST-06293,Dhruv Pillai,Male,39,Raipur,REG-05,2023-01-29,Small Business
CUST-06294,Reyansh Sharma,Male,38,Asansol,REG-04,2023-11-24,Consumer
CUST-06295,Preeti Bose,Female,20,Noida,REG-02,2025-03-07,Consumer
CUST-06296,Aanya Singh,Female,41,Patna,REG-04,2025-08-09,Consumer
CUST-06297,Gaurav Mukherjee,Male,23,Visakhapatnam,REG-03,2023-09-23,Consumer
CUST-06298,Navya Rao,Female,21,Raipur,REG-05,2025-05-09,Consumer
CUST-06299,Aarav Rao,Male,30,Mumbai,REG-01,2023-09-04,Corporate
CUST-06300,Sneha Sharma,Female,27,Surat,REG-01,2023-01-01,Consumer
CUST-06301,Avani Rao,Female,31,Nagpur,REG-01,2025-09-08,Consumer
CUST-06302,Deepika Mishra,Female,18,Bangalore,REG-03,2024-01-26,Consumer
CUST-06303,Karan Rao,Male,44,Nagpur,REG-01,2023-12-15,Small Business
CUST-06304,Suresh Pillai,Male,46,Kanpur,REG-02,2023-12-09,Consumer
CUST-06305,Atharv Mishra,Male,18,Guwahati,REG-06,2023-05-02,Consumer
CUST-06306,Shreya Trivedi,Female,44,Ahmedabad,REG-01,2023-12-08,Corporate
CUST-06307,Diya Mishra,Female,25,Patna,REG-04,2025-04-17,Consumer
CUST-06308,Preeti Reddy,Female,43,Gurgaon,REG-02,2025-03-10,Consumer
CUST-06309,Sunita Kapoor,Female,33,Ranchi,REG-04,2024-07-05,Consumer
CUST-06310,Aditya Verma,Male,34,Kochi,REG-03,2024-05-06,Consumer
CUST-06311,Sneha Joshi,Female,31,Gurgaon,REG-02,2025-11-21,Consumer
CUST-06312,Amit Gupta,Male,47,Chennai,REG-03,2025-06-09,Consumer
CUST-06313,Sara Chopra,Female,20,Silchar,REG-06,2025-09-26,Consumer
CUST-06314,Amit Singh,Male,40,Chennai,REG-03,2024-07-10,Consumer
CUST-06315,Tanvi Verma,Female,46,Dibrugarh,REG-06,2024-09-01,Consumer
CUST-06316,Shaurya Kapoor,Male,41,Bangalore,REG-03,2024-01-19,Consumer
CUST-06317,Sneha Das,Female,59,Chennai,REG-03,2024-07-16,Consumer
CUST-06318,Rohan Patel,Male,28,Cuttack,REG-04,2023-09-05,Consumer
CUST-06319,Krishna Chopra,Male,44,Bhubaneswar,REG-04,2025-09-17,Consumer
CUST-06320,Gaurav Verma,Male,32,Hyderabad,REG-03,2025-05-11,Consumer
CUST-06321,Sneha Bose,Female,47,Delhi,REG-02,2025-10-07,Consumer
CUST-06322,Meera Verma,Other,33,Bangalore,REG-03,2024-12-29,Consumer
CUST-06323,Rahul Trivedi,Male,29,Kochi,REG-03,2024-10-21,Consumer
CUST-06324,Shreya Shah,Female,48,Mysore,REG-03,2024-12-05,Small Business
CUST-06325,Tanvi Joshi,Female,28,Jabalpur,REG-05,2025-10-21,Consumer
CUST-06326,Angel Mukherjee,Female,18,Howrah,REG-04,2023-01-28,Consumer
CUST-06327,Amit Rao,Male,28,Surat,REG-01,2025-02-17,Corporate
CUST-06328,Sai Iyer,Male,40,Coimbatore,REG-03,2025-09-17,Consumer
CUST-06329,Deepak Joshi,Male,49,Mumbai,REG-01,2025-03-16,Corporate
CUST-06330,Arjun Iyer,Male,35,Asansol,REG-04,2025-05-20,Consumer
CUST-06331,Aditi Kulkarni,Female,48,Patna,REG-04,2024-08-11,Consumer
CUST-06332,Advaith Bose,Male,19,Mumbai,REG-01,2024-03-11,Consumer
CUST-06333,Rohan Das,Male,29,Pune,REG-01,2023-04-27,Consumer
CUST-06334,Kavya Reddy,Female,30,Ludhiana,REG-02,2024-09-21,Consumer
CUST-06335,Sneha Sharma,Female,32,Asansol,REG-04,2023-10-03,Consumer
CUST-06336,Reyansh Sharma,Male,34,Ludhiana,REG-02,2024-12-06,Consumer
CUST-06337,Nikhil Pandey,Male,41,Gurgaon,REG-02,2025-10-23,Corporate
CUST-06338,Advaith Joshi,Male,29,Bhubaneswar,REG-04,2023-10-12,Consumer
CUST-06339,Shaurya Bose,Male,35,Raipur,REG-05,2023-02-20,Corporate
CUST-06340,Advik Nair,Male,33,Silchar,REG-06,2025-09-03,Consumer
CUST-06341,Diya Mishra,Female,23,Imphal,REG-06,2023-08-17,Consumer
CUST-06342,Sai Chopra,Male,32,Kanpur,REG-02,2024-06-26,Consumer
CUST-06343,Ishaan Deshmukh,Male,32,Mysore,REG-03,2023-10-07,Consumer
CUST-06344,Sneha Iyer,Female,32,Delhi,REG-02,2024-08-10,Corporate
CUST-06345,Diya Joshi,Female,34,Nagpur,REG-01,2024-03-10,Corporate
CUST-06346,Pranav Das,Male,34,Bilaspur,REG-05,2023-08-05,Corporate
CUST-06347,Neha Bose,Female,29,Kochi,REG-03,2025-06-21,Corporate
CUST-06348,Vikram Joshi,Male,47,Chandigarh,REG-02,2023-12-01,Consumer
CUST-06349,Aarohi Malhotra,Female,21,Ahmedabad,REG-01,2024-08-14,Consumer
CUST-06350,Avani Mishra,Female,26,Imphal,REG-06,2023-06-28,Consumer
CUST-06351,Vihaan Aggarwal,Male,64,Ranchi,REG-04,2025-08-01,Consumer
CUST-06352,Ira Verma,Female,22,Cuttack,REG-04,2023-01-06,Corporate
CUST-06353,Vikram Singh,Male,19,Chandigarh,REG-02,2024-04-02,Consumer
CUST-06354,Angel Kulkarni,Female,42,Lucknow,REG-02,2024-09-18,Corporate
CUST-06355,Kabir Rao,Male,18,Trivandrum,REG-03,2023-06-16,Consumer
CUST-06356,Anushka Shah,Female,31,Visakhapatnam,REG-03,2025-07-29,Consumer
CUST-06357,Myra Bhat,Female,57,Coimbatore,REG-03,2024-01-23,Consumer
CUST-06358,Deepika Chopra,Female,18,Pune,REG-01,2025-07-04,Corporate
CUST-06359,Deepika Saxena,Female,18,Panaji,REG-01,2024-02-01,Consumer
CUST-06360,Pranav Sharma,Male,18,Ludhiana,REG-02,2024-09-04,Consumer
CUST-06361,Aditi Rao,Female,43,Bhubaneswar,REG-04,2024-11-19,Consumer
CUST-06362,Avani Mukherjee,Female,46,Mysore,REG-03,2023-07-12,Consumer
CUST-06363,Aditya Reddy,Male,28,Surat,REG-01,2025-07-12,Corporate
CUST-06364,Kabir Aggarwal,Male,41,Bhubaneswar,REG-04,2024-09-20,Consumer
CUST-06365,Tanvi Choudhury,Female,49,Agartala,REG-06,2023-12-20,Consumer
CUST-06366,Anushka Bhat,Female,53,Ahmedabad,REG-01,2024-08-14,Consumer
CUST-06367,Aadhya Shah,Female,31,Nagpur,REG-01,2024-01-02,Corporate
CUST-06368,Nikhil Gupta,Male,18,Chandigarh,REG-02,2023-09-15,Consumer
CUST-06369,Arjun Kulkarni,Male,24,Patna,REG-04,2024-02-25,Consumer
CUST-06370,Abhishek Verma,Male,29,Pune,REG-01,2023-04-02,Small Business
CUST-06371,Amit Mishra,Male,31,Kochi,REG-03,2024-08-30,Consumer
CUST-06372,Anand Mukherjee,Male,31,Nagpur,REG-01,2024-03-02,Consumer
CUST-06373,Krishna Patel,Male,46,Howrah,REG-04,2024-01-03,Consumer
CUST-06374,Riya Verma,Female,48,Bhubaneswar,REG-04,2023-11-05,Consumer
CUST-06375,Sunita Patel,Female,32,Lucknow,REG-02,2024-12-19,Corporate
CUST-06376,Arjun Kapoor,Male,46,Nagpur,REG-01,2025-11-05,Consumer
CUST-06377,Manish Saxena,Male,37,Mysore,REG-03,2023-12-14,Consumer
CUST-06378,Tanvi Singh,Female,34,Patna,REG-04,2024-11-14,Consumer
CUST-06379,Abhishek Kumar,Male,43,Jaipur,REG-02,2025-01-07,Corporate
CUST-06380,Aanya Menon,Female,34,Noida,REG-02,2023-08-26,Small Business
CUST-06381,Saanvi Nair,Female,56,Gurgaon,REG-02,2025-08-27,Consumer
CUST-06382,Anika Nair,Female,18,Nashik,REG-01,2023-03-15,Corporate
CUST-06383,Rajesh Trivedi,Male,28,Dibrugarh,REG-06,2024-04-06,Consumer
CUST-06384,Atharv Bose,Male,32,Panaji,REG-01,2023-05-10,Consumer
CUST-06385,Krishna Trivedi,Male,38,Nashik,REG-01,2024-08-31,Consumer
CUST-06386,Rohan Verma,Male,47,Panaji,REG-01,2025-01-06,Consumer
CUST-06387,Simran Mishra,Female,33,Gwalior,REG-05,2023-01-07,Consumer
CUST-06388,Ananya Bose,Female,18,Bangalore,REG-03,2024-08-14,Consumer
CUST-06389,Abhishek Shah,Male,43,Noida,REG-02,2025-07-20,Corporate
CUST-06390,Pranav Malhotra,Male,42,Raipur,REG-05,2024-10-23,Consumer
CUST-06391,Deepika Choudhury,Female,18,Nagpur,REG-01,2024-10-23,Consumer
CUST-06392,Rahul Kulkarni,Male,33,Bilaspur,REG-05,2023-09-30,Consumer
CUST-06393,Sai Verma,Male,18,Delhi,REG-02,2023-05-06,Consumer
CUST-06394,Neha Mehta,Female,26,Ujjain,REG-05,2025-05-29,Corporate
CUST-06395,Karan Mehta,Male,24,Patna,REG-04,2025-02-20,Corporate
CUST-06396,Aditya Menon,Male,42,Chennai,REG-03,2024-09-08,Small Business
CUST-06397,Vivaan Pandey,Male,35,Nagpur,REG-01,2023-08-11,Consumer
CUST-06398,Sai Rao,Male,19,Noida,REG-02,2024-07-06,Consumer
CUST-06399,Deepika Iyer,Female,43,Raipur,REG-05,2023-10-07,Consumer
CUST-06400,Ananya Kumar,Female,18,Delhi,REG-02,2023-11-01,Consumer
CUST-06401,Suresh Verma,Male,37,Pune,REG-01,2024-01-26,Consumer
CUST-06402,Priyanka Kumar,Female,25,Hyderabad,REG-03,2024-06-26,Consumer
CUST-06403,Amit Pillai,Male,29,Gwalior,REG-05,2023-07-16,Consumer
CUST-06404,Ayaan Menon,Male,39,Panaji,REG-01,2025-02-18,Consumer
CUST-06405,Kavya Kumar,Female,39,Coimbatore,REG-03,2025-04-15,Corporate
CUST-06406,Diya Verma,Female,48,Gwalior,REG-05,2025-07-19,Consumer
CUST-06407,Anika Bose,Female,33,Vadodara,REG-01,2023-01-08,Consumer
CUST-06408,Advaith Verma,Male,37,Trivandrum,REG-03,2024-05-18,Corporate
CUST-06409,Vivaan Singh,Male,29,Kochi,REG-03,2023-09-07,Corporate
CUST-06410,Dhruv Pandey,Male,36,Ranchi,REG-04,2023-05-22,Consumer
CUST-06411,Tanvi Gupta,Female,38,Gurgaon,REG-02,2024-08-19,Consumer
CUST-06412,Pooja Pillai,Female,32,Ludhiana,REG-02,2025-07-20,Consumer
CUST-06413,Pari Aggarwal,Female,18,Gurgaon,REG-02,2023-05-12,Consumer
CUST-06414,Sai Kumar,Male,37,Ahmedabad,REG-01,2024-04-01,Consumer
CUST-06415,Aadhya Gupta,Female,38,Mysore,REG-03,2023-12-28,Corporate
CUST-06416,Vikram Sharma,Male,26,Ludhiana,REG-02,2023-02-26,Corporate
CUST-06417,Diya Shah,Female,19,Guwahati,REG-06,2023-07-16,Small Business
CUST-06418,Sai Iyer,Male,50,Gurgaon,REG-02,2024-01-15,Consumer
CUST-06419,Rajesh Joshi,Male,39,Delhi,REG-02,2024-03-27,Consumer
CUST-06420,Karan Aggarwal,Male,31,Bangalore,REG-03,2024-07-26,Consumer
CUST-06421,Vikram Aggarwal,Male,21,Nashik,REG-01,2024-07-24,Consumer
CUST-06422,Preeti Chopra,Female,24,Kochi,REG-03,2024-02-29,Consumer
CUST-06423,Amit Pillai,Male,48,Noida,REG-02,2023-02-14,Consumer
CUST-06424,Neha Kapoor,Female,35,Bhubaneswar,REG-04,2025-09-14,Consumer
CUST-06425,Kabir Aggarwal,Male,27,Agartala,REG-06,2025-09-03,Consumer
CUST-06426,Suresh Malhotra,Male,39,Mumbai,REG-01,2025-09-14,Consumer
CUST-06427,Abhishek Patel,Male,25,Coimbatore,REG-03,2025-10-27,Corporate
CUST-06428,Advaith Iyer,Male,50,Jaipur,REG-02,2023-12-11,Corporate
CUST-06429,Rohan Reddy,Male,48,Howrah,REG-04,2025-02-18,Corporate
CUST-06430,Amit Menon,Male,28,Gurgaon,REG-02,2023-10-13,Consumer
CUST-06431,Swati Malhotra,Female,27,Ahmedabad,REG-01,2024-11-12,Corporate
CUST-06432,Sara Saxena,Female,18,Howrah,REG-04,2024-06-25,Corporate
CUST-06433,Vihaan Choudhury,Male,18,Mysore,REG-03,2024-12-28,Corporate
CUST-06434,Ishaan Patel,Male,19,Nagpur,REG-01,2025-07-01,Consumer
CUST-06435,Saanvi Saxena,Female,35,Coimbatore,REG-03,2023-04-12,Corporate
CUST-06436,Diya Kulkarni,Female,30,Surat,REG-01,2025-05-18,Corporate
CUST-06437,Ishaan Pandey,Male,19,Asansol,REG-04,2024-02-11,Small Business
CUST-06438,Pranav Chopra,Male,30,Lucknow,REG-02,2023-10-15,Small Business
CUST-06439,Diya Reddy,Female,39,Delhi,REG-02,2024-03-01,Consumer
CUST-06440,Abhishek Pandey,Male,39,Patna,REG-04,2023-09-03,Consumer
CUST-06441,Anand Pandey,Male,18,Gwalior,REG-05,2024-05-21,Consumer
CUST-06442,Deepak Trivedi,Male,32,Patna,REG-04,2023-06-09,Corporate
CUST-06443,Atharv Kumar,Male,18,Asansol,REG-04,2025-04-02,Consumer
CUST-06444,Advaith Rao,Male,43,Kanpur,REG-02,2025-06-16,Consumer
CUST-06445,Diya Iyer,Female,42,Nagpur,REG-01,2024-04-21,Consumer
CUST-06446,Pooja Sharma,Other,24,Noida,REG-02,2023-03-23,Corporate
CUST-06447,Aarohi Singh,Female,25,Chandigarh,REG-02,2023-01-19,Consumer
CUST-06448,Diya Singh,Female,28,Nashik,REG-01,2024-09-21,Consumer
CUST-06449,Saanvi Nair,Female,18,Noida,REG-02,2023-04-22,Consumer
CUST-06450,Aanya Deshmukh,Female,37,Surat,REG-01,2023-05-27,Corporate
CUST-06451,Swati Pillai,Female,30,Mumbai,REG-01,2024-08-03,Consumer
CUST-06452,Suresh Mukherjee,Male,44,Chandigarh,REG-02,2023-06-25,Consumer
CUST-06453,Vivaan Malhotra,Male,21,Bilaspur,REG-05,2024-02-28,Consumer
CUST-06454,Sara Saxena,Female,27,Pune,REG-01,2025-01-16,Corporate
CUST-06455,Rohan Chopra,Male,18,Nagpur,REG-01,2023-02-01,Corporate
CUST-06456,Rajesh Joshi,Male,22,Coimbatore,REG-03,2023-08-26,Consumer
CUST-06457,Deepak Patel,Male,20,Delhi,REG-02,2024-12-20,Consumer
CUST-06458,Swati Deshmukh,Female,44,Gurgaon,REG-02,2023-05-14,Consumer
CUST-06459,Advik Mehta,Male,26,Panaji,REG-01,2023-09-08,Consumer
CUST-06460,Kavya Kumar,Female,35,Jabalpur,REG-05,2023-07-17,Consumer
CUST-06461,Priyanka Gupta,Female,29,Delhi,REG-02,2025-03-15,Consumer
CUST-06462,Myra Sharma,Female,20,Visakhapatnam,REG-03,2024-01-18,Small Business
CUST-06463,Vihaan Mishra,Male,32,Ranchi,REG-04,2024-02-14,Consumer
CUST-06464,Arjun Sharma,Male,40,Jaipur,REG-02,2023-03-07,Consumer
CUST-06465,Amit Pandey,Other,20,Patna,REG-04,2024-09-07,Small Business
CUST-06466,Kavya Choudhury,Female,42,Howrah,REG-04,2025-05-27,Consumer
CUST-06467,Nikhil Reddy,Male,24,Ranchi,REG-04,2023-03-21,Consumer
CUST-06468,Deepak Pillai,Male,28,Cuttack,REG-04,2024-05-01,Corporate
CUST-06469,Neha Mehta,Female,39,Dibrugarh,REG-06,2024-07-04,Corporate
CUST-06470,Vikram Das,Male,26,Chennai,REG-03,2023-12-04,Corporate
CUST-06471,Avani Aggarwal,Female,34,Ahmedabad,REG-01,2024-01-14,Consumer
CUST-06472,Abhishek Iyer,Male,30,Bhubaneswar,REG-04,2024-06-10,Consumer
CUST-06473,Angel Kapoor,Female,35,Panaji,REG-01,2023-04-01,Consumer
CUST-06474,Amit Kumar,Male,18,Trivandrum,REG-03,2025-03-17,Corporate
CUST-06475,Pooja Patel,Female,18,Bhopal,REG-05,2024-11-15,Consumer
CUST-06476,Neha Kapoor,Female,40,Howrah,REG-04,2025-08-17,Consumer
CUST-06477,Aarav Choudhury,Male,45,Ludhiana,REG-02,2025-10-16,Consumer
CUST-06478,Advik Deshmukh,Male,23,Noida,REG-02,2023-01-24,Consumer
CUST-06479,Abhishek Singh,Male,31,Mumbai,REG-01,2025-10-27,Consumer
CUST-06480,Atharv Patel,Male,37,Asansol,REG-04,2024-03-24,Consumer
CUST-06481,Sara Deshmukh,Female,41,Bangalore,REG-03,2024-01-05,Consumer
CUST-06482,Ira Patel,Female,18,Ranchi,REG-04,2023-12-02,Consumer
CUST-06483,Deepak Singh,Male,24,Mysore,REG-03,2023-08-28,Consumer
CUST-06484,Gaurav Mishra,Male,30,Kanpur,REG-02,2025-05-16,Corporate
CUST-06485,Preeti Sharma,Female,41,Bangalore,REG-03,2024-05-05,Consumer
CUST-06486,Pari Malhotra,Female,61,Visakhapatnam,REG-03,2025-03-11,Corporate
CUST-06487,Pranav Sharma,Male,31,Ranchi,REG-04,2024-04-13,Corporate
CUST-06488,Gaurav Pillai,Male,18,Mysore,REG-03,2023-04-01,Consumer
CUST-06489,Deepika Kulkarni,Female,38,Jaipur,REG-02,2024-12-26,Consumer
CUST-06490,Deepika Verma,Female,48,Delhi,REG-02,2023-04-20,Consumer
CUST-06491,Amit Das,Male,35,Mumbai,REG-01,2025-10-31,Corporate
CUST-06492,Atharv Trivedi,Male,24,Chandigarh,REG-02,2024-09-30,Corporate
CUST-06493,Meera Iyer,Female,44,Asansol,REG-04,2023-09-17,Consumer
CUST-06494,Advik Verma,Male,41,Gurgaon,REG-02,2023-03-28,Consumer
CUST-06495,Vihaan Menon,Male,22,Chennai,REG-03,2024-09-27,Consumer
CUST-06496,Kavya Kulkarni,Female,38,Bangalore,REG-03,2024-04-30,Consumer
CUST-06497,Avani Deshmukh,Female,44,Noida,REG-02,2023-09-01,Corporate
CUST-06498,Shaurya Joshi,Male,47,Mumbai,REG-01,2024-07-25,Consumer
CUST-06499,Amit Mishra,Male,33,Pune,REG-01,2024-11-11,Corporate
CUST-06500,Anand Mishra,Male,30,Ahmedabad,REG-01,2024-10-21,Consumer
CUST-06501,Simran Rao,Female,47,Lucknow,REG-02,2023-05-01,Consumer
CUST-06502,Rohan Mukherjee,Male,20,Jaipur,REG-02,2025-03-21,Consumer
CUST-06503,Reyansh Menon,Male,38,Kolkata,REG-04,2024-10-08,Consumer
CUST-06504,Riya Iyer,Female,18,Ahmedabad,REG-01,2025-10-13,Consumer
CUST-06505,Vivaan Deshmukh,Male,45,Bangalore,REG-03,2024-02-29,Consumer
CUST-06506,Aarav Mehta,Male,31,Ahmedabad,REG-01,2023-01-12,Consumer
CUST-06507,Angel Shah,Female,47,Nagpur,REG-01,2023-01-20,Consumer
CUST-06508,Neha Deshmukh,Female,39,Jaipur,REG-02,2023-08-22,Corporate
CUST-06509,Rahul Sharma,Male,20,Trivandrum,REG-03,2024-06-17,Consumer
CUST-06510,Aanya Nair,Female,49,Vadodara,REG-01,2025-03-27,Consumer
CUST-06511,Amit Singh,Male,51,Ahmedabad,REG-01,2025-08-12,Consumer
CUST-06512,Ananya Mukherjee,Female,43,Panaji,REG-01,2024-07-04,Corporate
CUST-06513,Aanya Kumar,Female,25,Kolkata,REG-04,2024-01-04,Consumer
CUST-06514,Rajesh Mukherjee,Male,30,Jaipur,REG-02,2023-10-19,Small Business
CUST-06515,Neha Chopra,Female,35,Kanpur,REG-02,2024-05-27,Corporate
CUST-06516,Sunita Gupta,Female,26,Bilaspur,REG-05,2025-07-10,Small Business
CUST-06517,Abhishek Das,Male,52,Silchar,REG-06,2023-03-29,Consumer
CUST-06518,Pooja Deshmukh,Female,35,Chandigarh,REG-02,2024-09-13,Consumer
CUST-06519,Preeti Reddy,Female,18,Visakhapatnam,REG-03,2024-04-19,Consumer
CUST-06520,Aanya Das,Female,37,Guwahati,REG-06,2025-11-14,Consumer
CUST-06521,Nikhil Choudhury,Male,30,Chandigarh,REG-02,2025-06-25,Consumer
CUST-06522,Kabir Aggarwal,Male,33,Vadodara,REG-01,2024-01-04,Consumer
CUST-06523,Sai Iyer,Male,29,Indore,REG-05,2025-09-24,Consumer
CUST-06524,Pari Mishra,Female,42,Nagpur,REG-01,2023-06-10,Consumer
CUST-06525,Sunita Kumar,Female,46,Nagpur,REG-01,2025-10-04,Consumer
CUST-06526,Kabir Shah,Male,37,Bangalore,REG-03,2023-07-01,Consumer
CUST-06527,Kavya Mishra,Female,30,Ludhiana,REG-02,2025-10-25,Consumer
CUST-06528,Ananya Choudhury,Female,33,Kanpur,REG-02,2025-01-08,Consumer
CUST-06529,Anika Rao,Female,34,Bhubaneswar,REG-04,2023-03-27,Consumer
CUST-06530,Ishaan Kapoor,Male,25,Lucknow,REG-02,2025-03-28,Consumer
CUST-06531,Anika Choudhury,Female,40,Kanpur,REG-02,2023-02-16,Consumer
CUST-06532,Rahul Das,Other,39,Bangalore,REG-03,2023-10-09,Consumer
CUST-06533,Shaurya Reddy,Male,50,Surat,REG-01,2023-06-07,Consumer
CUST-06534,Saanvi Kulkarni,Female,47,Pune,REG-01,2023-03-28,Corporate
CUST-06535,Anushka Kulkarni,Female,26,Bangalore,REG-03,2023-06-05,Consumer
CUST-06536,Nikhil Kapoor,Male,43,Patna,REG-04,2024-07-21,Corporate
CUST-06537,Vikram Bhat,Male,23,Vadodara,REG-01,2024-12-11,Consumer
CUST-06538,Reyansh Gupta,Male,41,Cuttack,REG-04,2023-08-10,Consumer
CUST-06539,Abhishek Aggarwal,Male,28,Jaipur,REG-02,2023-02-18,Consumer
CUST-06540,Navya Bhat,Female,22,Bhopal,REG-05,2024-02-14,Consumer
CUST-06541,Aanya Kapoor,Female,37,Kolkata,REG-04,2025-06-26,Consumer
CUST-06542,Karan Chopra,Male,18,Delhi,REG-02,2024-10-19,Consumer
CUST-06543,Riya Saxena,Female,18,Bilaspur,REG-05,2025-02-24,Consumer
CUST-06544,Ira Mishra,Female,32,Lucknow,REG-02,2025-03-07,Consumer
CUST-06545,Krishna Kulkarni,Male,34,Jaipur,REG-02,2023-07-10,Corporate
CUST-06546,Ananya Das,Female,29,Kanpur,REG-02,2023-05-12,Consumer
CUST-06547,Nikhil Saxena,Male,18,Patna,REG-04,2024-06-25,Consumer
CUST-06548,Rohan Chopra,Male,25,Ahmedabad,REG-01,2025-07-09,Consumer
CUST-06549,Riya Gupta,Female,38,Nagpur,REG-01,2023-05-20,Consumer
CUST-06550,Saanvi Patel,Female,40,Coimbatore,REG-03,2023-06-26,Consumer
CUST-06551,Abhishek Choudhury,Male,33,Ahmedabad,REG-01,2024-11-01,Consumer
CUST-06552,Reyansh Trivedi,Male,46,Raipur,REG-05,2025-05-23,Corporate
CUST-06553,Ayaan Kapoor,Male,38,Cuttack,REG-04,2025-08-28,Consumer
CUST-06554,Krishna Sharma,Male,25,Vadodara,REG-01,2025-08-22,Corporate
CUST-06555,Vihaan Trivedi,Male,30,Vadodara,REG-01,2023-01-14,Corporate
CUST-06556,Aditi Kumar,Female,18,Jaipur,REG-02,2025-06-02,Small Business
CUST-06557,Ayaan Shah,Male,32,Visakhapatnam,REG-03,2025-01-11,Consumer
CUST-06558,Nikhil Nair,Male,46,Chandigarh,REG-02,2023-01-29,Consumer
CUST-06559,Amit Bhat,Male,41,Cuttack,REG-04,2024-05-20,Consumer
CUST-06560,Atharv Chopra,Male,49,Vadodara,REG-01,2023-12-14,Consumer
CUST-06561,Rahul Nair,Male,30,Jaipur,REG-02,2024-06-10,Corporate
CUST-06562,Advik Joshi,Male,48,Kochi,REG-03,2023-01-23,Consumer
CUST-06563,Deepika Deshmukh,Female,31,Gurgaon,REG-02,2025-07-02,Consumer
CUST-06564,Sneha Rao,Female,50,Gurgaon,REG-02,2025-11-29,Consumer
CUST-06565,Sara Menon,Female,33,Patna,REG-04,2024-07-09,Consumer
CUST-06566,Angel Reddy,Female,41,Nashik,REG-01,2024-05-06,Consumer
CUST-06567,Karan Mishra,Male,50,Vadodara,REG-01,2023-05-05,Consumer
CUST-06568,Tanvi Nair,Female,31,Cuttack,REG-04,2023-01-16,Consumer
CUST-06569,Kabir Bose,Male,36,Howrah,REG-04,2023-04-06,Consumer
CUST-06570,Reyansh Trivedi,Male,48,Raipur,REG-05,2023-12-23,Consumer
CUST-06571,Rajesh Deshmukh,Male,32,Panaji,REG-01,2025-07-01,Consumer
CUST-06572,Rajesh Rao,Male,19,Nagpur,REG-01,2023-09-09,Corporate
CUST-06573,Aditya Choudhury,Male,57,Trivandrum,REG-03,2025-08-28,Corporate
CUST-06574,Kabir Choudhury,Male,28,Chennai,REG-03,2024-08-20,Consumer
CUST-06575,Anika Trivedi,Female,35,Pune,REG-01,2025-03-25,Consumer
CUST-06576,Anushka Mehta,Female,46,Chandigarh,REG-02,2025-03-24,Consumer
CUST-06577,Meera Pillai,Female,27,Trivandrum,REG-03,2025-09-09,Corporate
CUST-06578,Deepak Choudhury,Male,22,Ahmedabad,REG-01,2024-01-04,Consumer
CUST-06579,Deepika Kapoor,Female,36,Vadodara,REG-01,2025-10-08,Consumer
CUST-06580,Swati Rao,Female,18,Delhi,REG-02,2025-07-22,Consumer
CUST-06581,Aadhya Kapoor,Female,30,Jaipur,REG-02,2025-07-31,Consumer
CUST-06582,Rohan Joshi,Male,36,Patna,REG-04,2024-10-08,Small Business
CUST-06583,Aanya Sharma,Female,31,Patna,REG-04,2024-08-21,Corporate
CUST-06584,Advaith Reddy,Male,18,Vadodara,REG-01,2023-09-21,Small Business
CUST-06585,Karan Pandey,Male,51,Kolkata,REG-04,2024-12-09,Corporate
CUST-06586,Sai Mishra,Male,35,Pune,REG-01,2023-08-20,Corporate
CUST-06587,Advaith Patel,Male,49,Kolkata,REG-04,2025-07-12,Corporate
CUST-06588,Dhruv Kapoor,Male,31,Lucknow,REG-02,2023-08-28,Consumer
CUST-06589,Ira Trivedi,Female,24,Raipur,REG-05,2024-05-14,Consumer
CUST-06590,Abhishek Iyer,Male,36,Panaji,REG-01,2023-01-17,Corporate
CUST-06591,Navya Reddy,Female,31,Howrah,REG-04,2023-12-25,Corporate
CUST-06592,Vihaan Kumar,Male,21,Chandigarh,REG-02,2025-04-06,Consumer
CUST-06593,Priyanka Patel,Female,50,Jaipur,REG-02,2025-07-08,Consumer
CUST-06594,Suresh Saxena,Male,27,Mysore,REG-03,2025-05-27,Consumer
CUST-06595,Sara Rao,Female,18,Mumbai,REG-01,2023-05-18,Corporate
CUST-06596,Anika Chopra,Female,48,Kanpur,REG-02,2024-01-31,Corporate
CUST-06597,Priyanka Bhat,Female,28,Kochi,REG-03,2025-06-13,Consumer
CUST-06598,Amit Mishra,Male,27,Bilaspur,REG-05,2024-09-30,Consumer
CUST-06599,Sneha Trivedi,Female,18,Nagpur,REG-01,2024-02-02,Corporate
CUST-06600,Preeti Deshmukh,Female,53,Cuttack,REG-04,2023-10-13,Consumer
CUST-06601,Suresh Saxena,Male,19,Ahmedabad,REG-01,2024-08-26,Consumer
CUST-06602,Ananya Menon,Female,34,Ahmedabad,REG-01,2024-06-29,Consumer
CUST-06603,Deepika Menon,Female,44,Bhubaneswar,REG-04,2023-04-13,Consumer
CUST-06604,Pooja Trivedi,Female,38,Surat,REG-01,2025-10-26,Consumer
CUST-06605,Aarohi Singh,Female,33,Indore,REG-05,2025-11-13,Consumer
CUST-06606,Sneha Gupta,Female,18,Bangalore,REG-03,2023-08-03,Consumer
CUST-06607,Anand Menon,Male,25,Mysore,REG-03,2024-12-16,Small Business
CUST-06608,Pranav Patel,Male,36,Delhi,REG-02,2025-03-06,Consumer
CUST-06609,Aanya Iyer,Female,25,Asansol,REG-04,2023-03-05,Consumer
CUST-06610,Shreya Aggarwal,Female,36,Kanpur,REG-02,2023-02-04,Consumer
CUST-06611,Anika Mehta,Female,41,Bhubaneswar,REG-04,2024-03-08,Small Business
CUST-06612,Deepak Joshi,Male,44,Kochi,REG-03,2024-01-16,Consumer
CUST-06613,Aarohi Shah,Female,20,Agartala,REG-06,2024-11-11,Consumer
CUST-06614,Deepika Das,Female,58,Pune,REG-01,2025-08-28,Consumer
CUST-06615,Priyanka Bose,Female,42,Gwalior,REG-05,2023-04-07,Consumer
CUST-06616,Advik Iyer,Male,33,Nagpur,REG-01,2024-10-11,Small Business
CUST-06617,Saanvi Shah,Female,45,Raipur,REG-05,2024-09-11,Consumer
CUST-06618,Advik Sharma,Male,60,Bhopal,REG-05,2023-06-02,Consumer
CUST-06619,Vihaan Menon,Male,18,Surat,REG-01,2025-05-02,Consumer
CUST-06620,Reyansh Das,Male,31,Lucknow,REG-02,2024-06-30,Corporate
CUST-06621,Arjun Verma,Male,18,Nagpur,REG-01,2023-03-10,Small Business
CUST-06622,Shaurya Gupta,Male,36,Asansol,REG-04,2023-03-01,Consumer
CUST-06623,Nikhil Joshi,Male,38,Dibrugarh,REG-06,2023-12-20,Small Business
CUST-06624,Pooja Rao,Female,33,Cuttack,REG-04,2023-02-05,Corporate
CUST-06625,Vikram Kulkarni,Male,26,Nagpur,REG-01,2024-07-19,Consumer
CUST-06626,Myra Joshi,Female,18,Guwahati,REG-06,2025-04-08,Consumer
CUST-06627,Suresh Iyer,Male,38,Panaji,REG-01,2025-07-11,Corporate
CUST-06628,Aditi Iyer,Female,50,Surat,REG-01,2025-01-26,Consumer
CUST-06629,Aarav Reddy,Male,27,Chennai,REG-03,2025-03-22,Corporate
CUST-06630,Advaith Malhotra,Male,38,Panaji,REG-01,2023-11-14,Consumer
CUST-06631,Gaurav Chopra,Male,18,Trivandrum,REG-03,2023-03-29,Consumer
CUST-06632,Angel Nair,Other,39,Mumbai,REG-01,2023-03-08,Small Business
CUST-06633,Anand Bhat,Male,29,Hyderabad,REG-03,2024-10-30,Corporate
CUST-06634,Simran Kapoor,Female,25,Lucknow,REG-02,2023-04-03,Consumer
CUST-06635,Advaith Kulkarni,Male,25,Pune,REG-01,2023-11-11,Consumer
CUST-06636,Aditi Rao,Female,29,Chandigarh,REG-02,2025-11-29,Consumer
CUST-06637,Avani Nair,Female,38,Chennai,REG-03,2024-01-22,Consumer
CUST-06638,Rahul Joshi,Male,19,Kolkata,REG-04,2024-07-14,Consumer
CUST-06639,Aditya Rao,Male,29,Nagpur,REG-01,2023-06-03,Consumer
CUST-06640,Vivaan Nair,Male,33,Mysore,REG-03,2024-09-15,Corporate
CUST-06641,Karan Menon,Male,21,Shillong,REG-06,2024-01-29,Consumer
CUST-06642,Vihaan Sharma,Male,53,Gwalior,REG-05,2024-08-05,Consumer
CUST-06643,Shaurya Trivedi,Male,24,Nagpur,REG-01,2023-10-27,Consumer
CUST-06644,Aditya Nair,Male,26,Gurgaon,REG-02,2025-07-01,Consumer
CUST-06645,Aanya Das,Female,23,Ahmedabad,REG-01,2023-09-06,Consumer
CUST-06646,Aarohi Kulkarni,Female,53,Kolkata,REG-04,2023-08-15,Consumer
CUST-06647,Sneha Reddy,Female,40,Mumbai,REG-01,2025-04-11,Corporate
CUST-06648,Ananya Shah,Female,23,Chennai,REG-03,2023-09-27,Consumer
CUST-06649,Kavya Aggarwal,Female,46,Chennai,REG-03,2023-05-04,Consumer
CUST-06650,Suresh Gupta,Male,36,Mumbai,REG-01,2023-09-09,Consumer
CUST-06651,Ira Chopra,Female,36,Dibrugarh,REG-06,2025-03-10,Consumer
CUST-06652,Pari Reddy,Female,30,Kochi,REG-03,2025-03-06,Consumer
CUST-06653,Ayaan Iyer,Male,25,Gurgaon,REG-02,2023-12-25,Corporate
CUST-06654,Dhruv Nair,Male,37,Bangalore,REG-03,2024-10-04,Small Business
CUST-06655,Karan Choudhury,Male,28,Bangalore,REG-03,2024-12-02,Corporate
CUST-06656,Vikram Menon,Male,53,Bilaspur,REG-05,2024-07-07,Consumer
CUST-06657,Kavya Rao,Female,20,Ahmedabad,REG-01,2024-11-09,Small Business
CUST-06658,Aditya Sharma,Male,50,Ranchi,REG-04,2024-01-14,Consumer
CUST-06659,Aarohi Verma,Female,32,Raipur,REG-05,2023-06-12,Small Business
CUST-06660,Meera Deshmukh,Female,37,Gwalior,REG-05,2025-11-08,Corporate
CUST-06661,Aadhya Joshi,Female,43,Noida,REG-02,2024-09-30,Consumer
CUST-06662,Aditi Joshi,Female,27,Nagpur,REG-01,2024-06-08,Consumer
CUST-06663,Arjun Mehta,Male,43,Hyderabad,REG-03,2024-09-17,Consumer
CUST-06664,Riya Shah,Female,18,Hyderabad,REG-03,2023-05-03,Consumer
CUST-06665,Arjun Das,Male,26,Nashik,REG-01,2023-12-19,Consumer
CUST-06666,Deepika Kapoor,Female,23,Vadodara,REG-01,2023-10-26,Consumer
CUST-06667,Simran Kulkarni,Female,20,Chennai,REG-03,2024-05-15,Consumer
CUST-06668,Nikhil Mishra,Male,31,Jaipur,REG-02,2024-04-10,Consumer
CUST-06669,Arjun Nair,Male,38,Indore,REG-05,2023-02-02,Consumer
CUST-06670,Aditya Iyer,Male,41,Chandigarh,REG-02,2024-01-14,Consumer
CUST-06671,Amit Kulkarni,Male,36,Bangalore,REG-03,2025-01-30,Consumer
CUST-06672,Ananya Choudhury,Female,26,Nashik,REG-01,2025-08-29,Consumer
CUST-06673,Kavya Verma,Female,38,Cuttack,REG-04,2025-08-13,Consumer
CUST-06674,Riya Das,Female,35,Visakhapatnam,REG-03,2024-01-12,Consumer
CUST-06675,Kavya Kapoor,Female,44,Kolkata,REG-04,2023-05-11,Consumer
CUST-06676,Advaith Aggarwal,Male,42,Chandigarh,REG-02,2025-02-17,Consumer
CUST-06677,Anushka Bose,Female,34,Nagpur,REG-01,2025-11-02,Consumer
CUST-06678,Vihaan Shah,Male,24,Vadodara,REG-01,2025-10-19,Consumer
CUST-06679,Tanvi Joshi,Female,26,Hyderabad,REG-03,2023-04-04,Consumer
CUST-06680,Gaurav Saxena,Male,27,Asansol,REG-04,2023-01-17,Corporate
CUST-06681,Suresh Joshi,Male,30,Bilaspur,REG-05,2024-04-02,Consumer
CUST-06682,Ananya Gupta,Female,36,Kolkata,REG-04,2024-09-15,Consumer
CUST-06683,Abhishek Patel,Male,41,Kanpur,REG-02,2025-08-23,Consumer
CUST-06684,Abhishek Mukherjee,Male,33,Bangalore,REG-03,2025-09-25,Consumer
CUST-06685,Sneha Saxena,Female,34,Bhubaneswar,REG-04,2023-05-20,Corporate
CUST-06686,Dhruv Rao,Male,35,Indore,REG-05,2024-05-06,Consumer
CUST-06687,Riya Mehta,Female,28,Jaipur,REG-02,2025-11-22,Consumer
CUST-06688,Ishaan Singh,Male,23,Ahmedabad,REG-01,2024-09-11,Consumer
CUST-06689,Manish Iyer,Male,18,Howrah,REG-04,2024-02-27,Consumer
CUST-06690,Avani Kapoor,Female,26,Mysore,REG-03,2023-02-22,Consumer
CUST-06691,Amit Aggarwal,Male,39,Noida,REG-02,2023-05-19,Corporate
CUST-06692,Riya Bhat,Female,26,Chandigarh,REG-02,2024-07-25,Consumer
CUST-06693,Dhruv Pandey,Male,31,Chandigarh,REG-02,2023-12-15,Consumer
CUST-06694,Avani Das,Female,39,Ranchi,REG-04,2025-03-09,Consumer
CUST-06695,Ishaan Rao,Male,39,Asansol,REG-04,2025-07-28,Consumer
CUST-06696,Aadhya Mukherjee,Female,22,Ahmedabad,REG-01,2025-09-30,Consumer
CUST-06697,Diya Pandey,Female,44,Chandigarh,REG-02,2025-05-05,Consumer
CUST-06698,Ishaan Joshi,Male,46,Ranchi,REG-04,2024-04-26,Consumer
CUST-06699,Amit Kapoor,Male,21,Pune,REG-01,2024-10-12,Consumer
CUST-06700,Ishaan Mehta,Male,24,Asansol,REG-04,2024-11-17,Consumer
CUST-06701,Deepika Joshi,Female,47,Ludhiana,REG-02,2025-07-24,Consumer
CUST-06702,Advaith Das,Male,32,Kolkata,REG-04,2025-09-02,Corporate
CUST-06703,Simran Iyer,Female,18,Mysore,REG-03,2024-11-21,Small Business
CUST-06704,Aarav Patel,Male,18,Chennai,REG-03,2024-06-20,Consumer
CUST-06705,Atharv Pillai,Male,31,Ahmedabad,REG-01,2025-01-01,Consumer
CUST-06706,Angel Verma,Female,21,Jaipur,REG-02,2023-11-29,Consumer
CUST-06707,Riya Kulkarni,Female,29,Jaipur,REG-02,2025-06-01,Consumer
CUST-06708,Ira Iyer,Female,34,Ujjain,REG-05,2024-07-06,Consumer
CUST-06709,Kabir Choudhury,Male,50,Ahmedabad,REG-01,2023-02-18,Consumer
CUST-06710,Aditya Sharma,Male,30,Kanpur,REG-02,2023-03-27,Consumer
CUST-06711,Sai Aggarwal,Male,45,Pune,REG-01,2024-07-24,Consumer
CUST-06712,Vikram Mukherjee,Male,49,Lucknow,REG-02,2025-06-18,Consumer
CUST-06713,Rahul Reddy,Male,49,Guwahati,REG-06,2024-12-02,Consumer
CUST-06714,Priyanka Gupta,Female,37,Kolkata,REG-04,2025-02-05,Corporate
CUST-06715,Atharv Verma,Male,18,Kanpur,REG-02,2023-08-21,Consumer
CUST-06716,Myra Shah,Female,39,Coimbatore,REG-03,2024-07-12,Consumer
CUST-06717,Advik Nair,Male,45,Coimbatore,REG-03,2023-05-28,Consumer
CUST-06718,Aditi Verma,Female,33,Howrah,REG-04,2023-12-16,Consumer
CUST-06719,Riya Bose,Female,53,Bhubaneswar,REG-04,2023-04-30,Small Business
CUST-06720,Ayaan Kumar,Male,43,Panaji,REG-01,2023-09-03,Consumer
CUST-06721,Myra Mehta,Female,40,Visakhapatnam,REG-03,2024-01-02,Corporate
CUST-06722,Shaurya Bhat,Male,45,Lucknow,REG-02,2023-06-15,Small Business
CUST-06723,Anika Nair,Female,37,Indore,REG-05,2023-03-09,Consumer
CUST-06724,Ishaan Gupta,Male,18,Mumbai,REG-01,2025-07-21,Consumer
CUST-06725,Rohan Deshmukh,Male,28,Jaipur,REG-02,2025-11-03,Consumer
CUST-06726,Riya Shah,Female,47,Kanpur,REG-02,2023-03-09,Consumer
CUST-06727,Sunita Aggarwal,Female,25,Visakhapatnam,REG-03,2024-03-13,Small Business
CUST-06728,Sneha Verma,Female,31,Pune,REG-01,2024-02-28,Consumer
CUST-06729,Anand Shah,Male,22,Kochi,REG-03,2024-03-31,Consumer
CUST-06730,Ananya Gupta,Female,53,Jaipur,REG-02,2023-04-01,Consumer
CUST-06731,Aditi Sharma,Female,52,Lucknow,REG-02,2024-01-19,Consumer
CUST-06732,Priyanka Bose,Female,24,Trivandrum,REG-03,2023-03-12,Consumer
CUST-06733,Deepak Aggarwal,Male,35,Pune,REG-01,2025-03-22,Corporate
CUST-06734,Amit Iyer,Male,26,Surat,REG-01,2024-02-07,Consumer
CUST-06735,Aanya Singh,Female,40,Vadodara,REG-01,2025-02-19,Consumer
CUST-06736,Gaurav Choudhury,Male,39,Bhubaneswar,REG-04,2025-08-27,Consumer
CUST-06737,Arjun Das,Male,42,Bilaspur,REG-05,2025-01-21,Consumer
CUST-06738,Manish Verma,Male,37,Bhubaneswar,REG-04,2024-02-11,Consumer
CUST-06739,Pari Das,Female,66,Visakhapatnam,REG-03,2023-03-09,Consumer
CUST-06740,Pranav Menon,Male,22,Patna,REG-04,2024-05-01,Small Business
CUST-06741,Tanvi Nair,Female,18,Chandigarh,REG-02,2024-10-28,Small Business
CUST-06742,Saanvi Iyer,Female,29,Mysore,REG-03,2023-06-26,Consumer
CUST-06743,Swati Bose,Female,18,Kanpur,REG-02,2024-04-26,Consumer
CUST-06744,Advik Kulkarni,Male,18,Chennai,REG-03,2023-06-07,Corporate
CUST-06745,Vihaan Kumar,Male,22,Gurgaon,REG-02,2025-07-19,Consumer
CUST-06746,Aadhya Bose,Female,23,Hyderabad,REG-03,2023-10-26,Consumer
CUST-06747,Ananya Shah,Female,23,Chandigarh,REG-02,2023-05-25,Consumer
CUST-06748,Karan Kulkarni,Male,39,Imphal,REG-06,2023-06-27,Consumer
CUST-06749,Dhruv Kumar,Male,28,Vadodara,REG-01,2025-01-15,Corporate
CUST-06750,Sneha Mishra,Female,32,Jabalpur,REG-05,2025-06-05,Consumer
CUST-06751,Anika Reddy,Female,43,Agartala,REG-06,2023-04-08,Consumer
CUST-06752,Aditi Gupta,Female,25,Lucknow,REG-02,2025-03-14,Corporate
CUST-06753,Gaurav Kapoor,Male,31,Trivandrum,REG-03,2025-04-29,Consumer
CUST-06754,Kabir Sharma,Male,38,Bangalore,REG-03,2025-09-12,Consumer
CUST-06755,Ayaan Verma,Male,18,Ahmedabad,REG-01,2023-10-21,Consumer
CUST-06756,Vikram Gupta,Male,18,Howrah,REG-04,2023-02-02,Consumer
CUST-06757,Priyanka Singh,Female,37,Kochi,REG-03,2024-03-30,Consumer
CUST-06758,Arjun Malhotra,Male,39,Nashik,REG-01,2024-08-14,Consumer
CUST-06759,Gaurav Pillai,Male,56,Ahmedabad,REG-01,2023-10-22,Consumer
CUST-06760,Riya Bhat,Other,35,Mysore,REG-03,2024-06-16,Consumer
CUST-06761,Meera Trivedi,Female,43,Surat,REG-01,2024-05-19,Small Business
CUST-06762,Preeti Bhat,Female,31,Vadodara,REG-01,2023-03-02,Consumer
CUST-06763,Deepak Bhat,Male,37,Panaji,REG-01,2025-10-25,Consumer
CUST-06764,Kavya Shah,Female,52,Mumbai,REG-01,2025-11-02,Corporate
CUST-06765,Rohan Rao,Male,18,Bhubaneswar,REG-04,2023-02-09,Consumer
CUST-06766,Manish Kumar,Male,38,Chandigarh,REG-02,2024-09-10,Consumer
CUST-06767,Dhruv Joshi,Male,57,Hyderabad,REG-03,2025-03-09,Consumer
CUST-06768,Anushka Aggarwal,Female,37,Ranchi,REG-04,2024-01-03,Consumer
CUST-06769,Rajesh Chopra,Male,52,Shillong,REG-06,2023-10-27,Consumer
CUST-06770,Ira Das,Female,27,Indore,REG-05,2024-01-16,Consumer
CUST-06771,Angel Joshi,Female,33,Nagpur,REG-01,2024-11-23,Corporate
CUST-06772,Deepika Patel,Other,34,Kanpur,REG-02,2023-12-22,Corporate
CUST-06773,Rahul Saxena,Male,18,Noida,REG-02,2024-04-05,Consumer
CUST-06774,Gaurav Choudhury,Male,21,Panaji,REG-01,2025-08-08,Consumer
CUST-06775,Rahul Bose,Male,21,Chandigarh,REG-02,2025-09-07,Consumer
CUST-06776,Sneha Patel,Female,43,Ahmedabad,REG-01,2023-01-08,Consumer
CUST-06777,Rahul Mehta,Male,43,Chennai,REG-03,2024-06-22,Small Business
CUST-06778,Atharv Mishra,Male,37,Nagpur,REG-01,2024-03-21,Consumer
CUST-06779,Preeti Bhat,Female,43,Noida,REG-02,2025-02-13,Consumer
CUST-06780,Kavya Kapoor,Female,32,Raipur,REG-05,2023-06-04,Small Business
CUST-06781,Simran Mukherjee,Female,47,Trivandrum,REG-03,2023-05-06,Corporate
CUST-06782,Advik Nair,Male,34,Silchar,REG-06,2024-12-12,Consumer
CUST-06783,Navya Deshmukh,Female,34,Coimbatore,REG-03,2024-02-08,Corporate
CUST-06784,Arjun Iyer,Male,31,Trivandrum,REG-03,2023-11-15,Consumer
CUST-06785,Advaith Kulkarni,Male,41,Howrah,REG-04,2024-07-13,Consumer
CUST-06786,Karan Kumar,Male,29,Hyderabad,REG-03,2023-08-09,Corporate
CUST-06787,Simran Kulkarni,Female,44,Pune,REG-01,2023-02-27,Small Business
CUST-06788,Reyansh Mehta,Male,21,Noida,REG-02,2023-03-06,Consumer
CUST-06789,Sara Rao,Female,21,Panaji,REG-01,2023-01-31,Consumer
CUST-06790,Sai Kulkarni,Male,41,Vadodara,REG-01,2024-10-05,Consumer
CUST-06791,Aadhya Gupta,Female,33,Kanpur,REG-02,2024-02-18,Small Business
CUST-06792,Navya Patel,Female,29,Kolkata,REG-04,2023-05-13,Corporate
CUST-06793,Deepak Saxena,Male,43,Panaji,REG-01,2024-06-18,Consumer
CUST-06794,Atharv Mishra,Male,27,Lucknow,REG-02,2024-05-12,Small Business
CUST-06795,Sunita Kumar,Female,31,Noida,REG-02,2025-09-19,Corporate
CUST-06796,Ananya Aggarwal,Female,49,Bangalore,REG-03,2025-03-26,Small Business
CUST-06797,Amit Pillai,Male,50,Raipur,REG-05,2024-11-29,Corporate
CUST-06798,Pari Shah,Female,51,Coimbatore,REG-03,2024-12-10,Consumer
CUST-06799,Kavya Pillai,Female,30,Guwahati,REG-06,2025-11-19,Small Business
CUST-06800,Sai Joshi,Male,47,Silchar,REG-06,2024-02-05,Consumer
CUST-06801,Ayaan Choudhury,Male,23,Noida,REG-02,2024-02-15,Consumer
CUST-06802,Pranav Mehta,Male,24,Ranchi,REG-04,2025-08-12,Consumer
CUST-06803,Aadhya Mukherjee,Female,18,Mumbai,REG-01,2024-10-14,Consumer
CUST-06804,Anand Sharma,Male,52,Kochi,REG-03,2025-02-22,Consumer
CUST-06805,Suresh Nair,Male,24,Trivandrum,REG-03,2025-02-06,Small Business
CUST-06806,Pari Mehta,Female,32,Chandigarh,REG-02,2023-01-01,Consumer
CUST-06807,Nikhil Deshmukh,Male,23,Nagpur,REG-01,2025-07-03,Small Business
CUST-06808,Angel Patel,Female,41,Hyderabad,REG-03,2024-02-05,Consumer
CUST-06809,Aarohi Kapoor,Female,29,Ludhiana,REG-02,2025-07-15,Consumer
CUST-06810,Pooja Bose,Female,19,Ranchi,REG-04,2024-06-13,Consumer
CUST-06811,Aarohi Das,Female,38,Howrah,REG-04,2025-01-14,Consumer
CUST-06812,Avani Chopra,Female,18,Delhi,REG-02,2024-06-17,Consumer
CUST-06813,Vihaan Iyer,Male,24,Cuttack,REG-04,2024-07-10,Consumer
CUST-06814,Avani Singh,Female,18,Jabalpur,REG-05,2024-11-19,Consumer
CUST-06815,Gaurav Pillai,Male,18,Coimbatore,REG-03,2023-07-02,Consumer
CUST-06816,Anand Menon,Male,35,Panaji,REG-01,2025-03-14,Consumer
CUST-06817,Aanya Gupta,Female,18,Mysore,REG-03,2023-11-25,Consumer
CUST-06818,Anika Mehta,Female,18,Shillong,REG-06,2025-05-25,Consumer
CUST-06819,Gaurav Mishra,Male,33,Jaipur,REG-02,2025-01-17,Consumer
CUST-06820,Vikram Deshmukh,Male,28,Jabalpur,REG-05,2025-04-18,Consumer
CUST-06821,Deepak Bose,Male,55,Howrah,REG-04,2023-10-31,Consumer
CUST-06822,Anushka Nair,Female,54,Nagpur,REG-01,2024-02-06,Consumer
CUST-06823,Dhruv Mehta,Male,24,Pune,REG-01,2025-06-14,Consumer
CUST-06824,Amit Chopra,Male,40,Mysore,REG-03,2024-12-11,Small Business
CUST-06825,Swati Joshi,Female,42,Ranchi,REG-04,2024-11-20,Consumer
CUST-06826,Priyanka Nair,Female,27,Kochi,REG-03,2023-05-06,Consumer
CUST-06827,Anushka Singh,Female,18,Mysore,REG-03,2024-07-20,Consumer
CUST-06828,Anushka Pandey,Female,33,Bhubaneswar,REG-04,2024-03-25,Consumer
CUST-06829,Anushka Mehta,Female,32,Noida,REG-02,2024-12-30,Consumer
CUST-06830,Preeti Verma,Female,29,Visakhapatnam,REG-03,2025-03-08,Consumer
CUST-06831,Pooja Joshi,Female,38,Bangalore,REG-03,2024-09-25,Consumer
CUST-06832,Pari Choudhury,Female,25,Visakhapatnam,REG-03,2025-08-10,Small Business
CUST-06833,Anika Joshi,Female,21,Nashik,REG-01,2025-06-01,Consumer
CUST-06834,Simran Reddy,Female,35,Nashik,REG-01,2025-06-23,Consumer
CUST-06835,Myra Patel,Female,38,Bangalore,REG-03,2023-02-27,Consumer
CUST-06836,Tanvi Pandey,Female,21,Guwahati,REG-06,2024-08-02,Consumer
CUST-06837,Rajesh Reddy,Male,44,Kanpur,REG-02,2023-07-30,Consumer
CUST-06838,Vihaan Aggarwal,Male,18,Ranchi,REG-04,2023-04-13,Consumer
CUST-06839,Ananya Verma,Female,27,Mysore,REG-03,2023-06-30,Corporate
CUST-06840,Aarav Sharma,Male,31,Panaji,REG-01,2023-04-02,Consumer
CUST-06841,Diya Deshmukh,Female,27,Ludhiana,REG-02,2023-12-28,Consumer
CUST-06842,Atharv Joshi,Male,27,Lucknow,REG-02,2025-09-13,Consumer
CUST-06843,Saanvi Nair,Female,54,Visakhapatnam,REG-03,2024-12-07,Consumer
CUST-06844,Myra Bose,Female,24,Raipur,REG-05,2024-08-03,Consumer
CUST-06845,Reyansh Gupta,Male,60,Patna,REG-04,2024-09-21,Corporate
CUST-06846,Myra Patel,Female,38,Bangalore,REG-03,2024-02-29,Consumer
CUST-06847,Aditi Verma,Female,35,Coimbatore,REG-03,2023-07-02,Consumer
CUST-06848,Rajesh Verma,Male,39,Chandigarh,REG-02,2024-06-22,Corporate
CUST-06849,Atharv Kapoor,Male,61,Patna,REG-04,2024-08-18,Small Business
CUST-06850,Dhruv Malhotra,Male,23,Kochi,REG-03,2024-02-22,Consumer
CUST-06851,Navya Shah,Female,21,Howrah,REG-04,2023-03-28,Small Business
CUST-06852,Swati Shah,Female,25,Gurgaon,REG-02,2023-07-24,Consumer
CUST-06853,Aadhya Saxena,Female,34,Delhi,REG-02,2025-06-07,Consumer
CUST-06854,Navya Patel,Female,18,Trivandrum,REG-03,2025-08-02,Small Business
CUST-06855,Aarohi Malhotra,Female,34,Mumbai,REG-01,2023-05-05,Consumer
CUST-06856,Swati Rao,Female,52,Trivandrum,REG-03,2025-09-09,Small Business
CUST-06857,Ananya Saxena,Female,35,Ujjain,REG-05,2024-12-29,Consumer
CUST-06858,Navya Saxena,Female,30,Chandigarh,REG-02,2024-07-07,Consumer
CUST-06859,Priyanka Kapoor,Female,27,Mysore,REG-03,2024-08-20,Small Business
CUST-06860,Sai Bhat,Male,43,Kanpur,REG-02,2023-11-29,Consumer
CUST-06861,Sai Reddy,Male,24,Coimbatore,REG-03,2023-10-22,Consumer
CUST-06862,Amit Joshi,Male,54,Coimbatore,REG-03,2024-10-18,Consumer
CUST-06863,Amit Sharma,Male,55,Mysore,REG-03,2025-09-08,Consumer
CUST-06864,Priyanka Reddy,Female,36,Kochi,REG-03,2023-07-03,Consumer
CUST-06865,Riya Reddy,Female,33,Ahmedabad,REG-01,2025-06-29,Consumer
CUST-06866,Anushka Gupta,Other,45,Agartala,REG-06,2023-04-18,Corporate
CUST-06867,Neha Bose,Female,46,Gurgaon,REG-02,2024-04-27,Small Business
CUST-06868,Atharv Choudhury,Male,25,Gurgaon,REG-02,2023-02-25,Consumer
CUST-06869,Aarohi Kapoor,Female,28,Howrah,REG-04,2025-01-15,Consumer
CUST-06870,Ishaan Rao,Male,19,Jabalpur,REG-05,2023-10-17,Consumer
CUST-06871,Atharv Mehta,Male,38,Asansol,REG-04,2025-08-12,Consumer
CUST-06872,Arjun Kumar,Male,41,Nashik,REG-01,2025-07-23,Consumer
CUST-06873,Ananya Joshi,Female,19,Howrah,REG-04,2024-05-08,Consumer
CUST-06874,Reyansh Kumar,Male,28,Vadodara,REG-01,2023-08-05,Corporate
CUST-06875,Dhruv Singh,Male,19,Chennai,REG-03,2023-04-23,Small Business
CUST-06876,Sunita Das,Female,24,Jaipur,REG-02,2025-07-06,Consumer
CUST-06877,Vihaan Singh,Male,40,Ludhiana,REG-02,2023-04-25,Consumer
CUST-06878,Vikram Mukherjee,Male,25,Howrah,REG-04,2024-03-09,Consumer
CUST-06879,Sai Kumar,Male,30,Ludhiana,REG-02,2025-03-03,Consumer
CUST-06880,Priyanka Das,Female,18,Ahmedabad,REG-01,2025-09-28,Consumer
CUST-06881,Karan Gupta,Male,36,Panaji,REG-01,2024-12-12,Consumer
CUST-06882,Sara Bose,Female,33,Jabalpur,REG-05,2023-11-23,Consumer
CUST-06883,Priyanka Shah,Female,25,Asansol,REG-04,2023-03-09,Consumer
CUST-06884,Diya Mishra,Female,31,Chandigarh,REG-02,2025-10-17,Consumer
CUST-06885,Advaith Mukherjee,Male,35,Ujjain,REG-05,2025-07-14,Corporate
CUST-06886,Simran Kumar,Female,25,Kanpur,REG-02,2024-08-21,Corporate
CUST-06887,Pranav Shah,Male,18,Ludhiana,REG-02,2025-06-13,Consumer
CUST-06888,Anand Chopra,Male,53,Visakhapatnam,REG-03,2023-01-10,Consumer
CUST-06889,Preeti Joshi,Female,27,Guwahati,REG-06,2025-03-22,Consumer
CUST-06890,Neha Mukherjee,Female,32,Ujjain,REG-05,2024-11-21,Consumer
CUST-06891,Amit Sharma,Male,45,Gurgaon,REG-02,2024-11-09,Consumer
CUST-06892,Ishaan Mishra,Male,72,Vadodara,REG-01,2025-02-12,Small Business
CUST-06893,Atharv Verma,Male,20,Gwalior,REG-05,2023-04-07,Corporate
CUST-06894,Advik Mukherjee,Male,38,Bilaspur,REG-05,2025-03-09,Consumer
CUST-06895,Simran Pandey,Female,26,Panaji,REG-01,2023-03-06,Consumer
CUST-06896,Arjun Menon,Male,28,Delhi,REG-02,2023-11-30,Consumer
CUST-06897,Pari Chopra,Female,26,Ahmedabad,REG-01,2024-04-04,Consumer
CUST-06898,Gaurav Malhotra,Male,21,Bhubaneswar,REG-04,2025-02-21,Small Business
CUST-06899,Ananya Trivedi,Female,33,Kochi,REG-03,2024-10-25,Small Business
CUST-06900,Karan Iyer,Male,18,Coimbatore,REG-03,2025-08-23,Consumer
CUST-06901,Vihaan Singh,Male,44,Mysore,REG-03,2024-07-18,Consumer
CUST-06902,Priyanka Reddy,Female,34,Cuttack,REG-04,2024-10-03,Consumer
CUST-06903,Preeti Reddy,Female,38,Chandigarh,REG-02,2023-05-17,Consumer
CUST-06904,Atharv Shah,Male,28,Howrah,REG-04,2024-11-26,Consumer
CUST-06905,Riya Kapoor,Female,29,Chennai,REG-03,2023-09-23,Small Business
CUST-06906,Aanya Patel,Female,37,Visakhapatnam,REG-03,2024-09-10,Corporate
CUST-06907,Nikhil Patel,Male,21,Vadodara,REG-01,2025-05-16,Consumer
CUST-06908,Aarav Pillai,Male,30,Chennai,REG-03,2023-04-21,Consumer
CUST-06909,Anand Menon,Male,24,Kanpur,REG-02,2023-07-28,Consumer
CUST-06910,Amit Nair,Male,24,Panaji,REG-01,2025-10-02,Consumer
CUST-06911,Krishna Shah,Male,18,Coimbatore,REG-03,2025-01-02,Consumer
CUST-06912,Aditya Sharma,Male,48,Patna,REG-04,2023-02-04,Consumer
CUST-06913,Simran Patel,Female,26,Indore,REG-05,2025-04-13,Consumer
CUST-06914,Simran Deshmukh,Female,46,Hyderabad,REG-03,2024-10-26,Consumer
CUST-06915,Diya Mehta,Female,45,Noida,REG-02,2023-04-09,Consumer
CUST-06916,Gaurav Deshmukh,Male,19,Kolkata,REG-04,2025-06-25,Corporate
CUST-06917,Ira Malhotra,Female,22,Ujjain,REG-05,2025-04-03,Consumer
CUST-06918,Neha Nair,Female,62,Panaji,REG-01,2023-07-25,Consumer
CUST-06919,Aditi Mishra,Female,53,Trivandrum,REG-03,2024-10-03,Small Business
CUST-06920,Neha Pandey,Female,33,Gurgaon,REG-02,2025-09-19,Consumer
CUST-06921,Pranav Pillai,Male,36,Hyderabad,REG-03,2023-10-07,Consumer
CUST-06922,Aarohi Pandey,Female,27,Chandigarh,REG-02,2023-02-28,Consumer
CUST-06923,Kabir Kapoor,Male,38,Nagpur,REG-01,2023-09-12,Consumer
CUST-06924,Ayaan Joshi,Male,26,Howrah,REG-04,2023-10-09,Consumer
CUST-06925,Preeti Nair,Female,18,Kanpur,REG-02,2023-08-13,Consumer
CUST-06926,Anika Aggarwal,Female,19,Chandigarh,REG-02,2024-02-03,Consumer
CUST-06927,Shreya Mukherjee,Female,34,Nashik,REG-01,2025-01-04,Consumer
CUST-06928,Manish Nair,Male,21,Chennai,REG-03,2024-05-12,Corporate
CUST-06929,Sunita Aggarwal,Female,33,Bangalore,REG-03,2023-08-20,Consumer
CUST-06930,Rajesh Malhotra,Male,22,Howrah,REG-04,2023-06-29,Consumer
CUST-06931,Rajesh Kulkarni,Male,25,Hyderabad,REG-03,2024-03-02,Consumer
CUST-06932,Sai Nair,Male,43,Nashik,REG-01,2023-01-26,Consumer
CUST-06933,Tanvi Mehta,Female,36,Nashik,REG-01,2025-05-02,Consumer
CUST-06934,Riya Menon,Female,33,Howrah,REG-04,2023-03-25,Corporate
CUST-06935,Anika Malhotra,Female,43,Shillong,REG-06,2023-04-14,Corporate
CUST-06936,Pari Trivedi,Female,39,Vadodara,REG-01,2025-11-29,Consumer
CUST-06937,Navya Mishra,Female,49,Ludhiana,REG-02,2025-11-20,Corporate
CUST-06938,Aarohi Mukherjee,Female,28,Gwalior,REG-05,2024-12-24,Consumer
CUST-06939,Aanya Saxena,Female,29,Gurgaon,REG-02,2024-11-28,Small Business
CUST-06940,Saanvi Aggarwal,Female,19,Howrah,REG-04,2024-01-17,Consumer
CUST-06941,Krishna Menon,Male,29,Mumbai,REG-01,2023-09-12,Consumer
CUST-06942,Simran Reddy,Female,44,Ujjain,REG-05,2023-07-15,Consumer
CUST-06943,Krishna Gupta,Male,48,Lucknow,REG-02,2023-05-02,Corporate
CUST-06944,Riya Pillai,Female,44,Pune,REG-01,2025-10-16,Consumer
CUST-06945,Atharv Bhat,Male,18,Nagpur,REG-01,2025-10-22,Consumer
CUST-06946,Aditya Kapoor,Male,45,Ujjain,REG-05,2023-11-16,Consumer
CUST-06947,Riya Das,Female,18,Jaipur,REG-02,2024-08-12,Consumer
CUST-06948,Advik Deshmukh,Male,43,Mumbai,REG-01,2025-05-04,Consumer
CUST-06949,Vihaan Pandey,Male,29,Mumbai,REG-01,2025-07-25,Corporate
CUST-06950,Kavya Iyer,Female,41,Howrah,REG-04,2024-11-22,Consumer
CUST-06951,Arjun Pandey,Male,19,Chennai,REG-03,2024-05-17,Corporate
CUST-06952,Amit Mishra,Male,46,Surat,REG-01,2024-07-08,Consumer
CUST-06953,Pooja Shah,Female,18,Asansol,REG-04,2024-10-30,Consumer
CUST-06954,Rahul Patel,Male,26,Gwalior,REG-05,2024-08-07,Consumer
CUST-06955,Neha Nair,Female,23,Chandigarh,REG-02,2025-06-18,Consumer
CUST-06956,Gaurav Singh,Male,18,Bangalore,REG-03,2024-08-14,Consumer
CUST-06957,Diya Singh,Female,35,Visakhapatnam,REG-03,2025-01-08,Consumer
CUST-06958,Neha Sharma,Female,53,Imphal,REG-06,2024-10-28,Consumer
CUST-06959,Krishna Iyer,Male,63,Jaipur,REG-02,2025-09-20,Consumer
CUST-06960,Ishaan Choudhury,Male,35,Jaipur,REG-02,2023-10-03,Consumer
CUST-06961,Kabir Rao,Male,46,Trivandrum,REG-03,2024-09-02,Consumer
CUST-06962,Sunita Rao,Female,36,Bangalore,REG-03,2024-05-27,Consumer
CUST-06963,Deepak Rao,Male,39,Noida,REG-02,2024-05-01,Small Business
CUST-06964,Nikhil Mukherjee,Male,30,Cuttack,REG-04,2025-10-19,Consumer
CUST-06965,Priyanka Gupta,Female,36,Visakhapatnam,REG-03,2023-09-29,Corporate
CUST-06966,Pooja Mehta,Other,39,Agartala,REG-06,2023-11-07,Consumer
CUST-06967,Shaurya Menon,Male,27,Guwahati,REG-06,2024-02-21,Corporate
CUST-06968,Angel Menon,Female,33,Vadodara,REG-01,2025-08-30,Consumer
CUST-06969,Karan Mishra,Male,33,Gurgaon,REG-02,2023-03-31,Consumer
CUST-06970,Priyanka Kulkarni,Female,43,Ludhiana,REG-02,2023-04-11,Small Business
CUST-06971,Pranav Reddy,Male,22,Nashik,REG-01,2025-07-22,Consumer
CUST-06972,Pari Mehta,Female,33,Silchar,REG-06,2024-11-30,Small Business
CUST-06973,Amit Deshmukh,Male,55,Gurgaon,REG-02,2025-04-30,Small Business
CUST-06974,Aditya Bhat,Male,46,Mysore,REG-03,2023-07-24,Corporate
CUST-06975,Sara Menon,Female,48,Chennai,REG-03,2023-09-08,Small Business
CUST-06976,Priyanka Das,Female,34,Noida,REG-02,2025-10-14,Corporate
CUST-06977,Navya Iyer,Female,37,Mumbai,REG-01,2025-04-23,Consumer
CUST-06978,Deepak Pillai,Male,45,Bhubaneswar,REG-04,2024-11-26,Consumer
CUST-06979,Reyansh Iyer,Male,51,Visakhapatnam,REG-03,2023-07-22,Corporate
CUST-06980,Amit Sharma,Male,18,Lucknow,REG-02,2024-01-15,Consumer
CUST-06981,Reyansh Pandey,Male,19,Bangalore,REG-03,2023-02-20,Consumer
CUST-06982,Manish Menon,Male,48,Noida,REG-02,2025-02-09,Consumer
CUST-06983,Amit Reddy,Male,30,Nashik,REG-01,2023-12-16,Consumer
CUST-06984,Ayaan Pandey,Male,26,Bangalore,REG-03,2025-09-22,Consumer
CUST-06985,Deepak Trivedi,Male,20,Nashik,REG-01,2025-06-03,Small Business
CUST-06986,Vihaan Singh,Other,27,Noida,REG-02,2025-10-27,Corporate
CUST-06987,Riya Menon,Female,18,Vadodara,REG-01,2024-08-18,Consumer
CUST-06988,Vivaan Deshmukh,Male,57,Noida,REG-02,2024-12-29,Consumer
CUST-06989,Anika Patel,Female,33,Nashik,REG-01,2025-10-06,Consumer
CUST-06990,Pranav Bose,Male,33,Delhi,REG-02,2023-08-07,Corporate
CUST-06991,Atharv Nair,Male,40,Delhi,REG-02,2023-10-22,Consumer
CUST-06992,Vihaan Malhotra,Male,44,Indore,REG-05,2023-07-19,Consumer
CUST-06993,Dhruv Joshi,Male,44,Mumbai,REG-01,2023-02-09,Consumer
CUST-06994,Tanvi Rao,Female,45,Chandigarh,REG-02,2024-05-04,Consumer
CUST-06995,Riya Kapoor,Female,27,Vadodara,REG-01,2025-07-12,Small Business
CUST-06996,Aadhya Choudhury,Female,30,Bhubaneswar,REG-04,2025-01-19,Consumer
CUST-06997,Navya Mishra,Female,42,Ahmedabad,REG-01,2023-08-08,Consumer
CUST-06998,Pooja Kumar,Female,28,Surat,REG-01,2025-08-29,Small Business
CUST-06999,Vihaan Patel,Male,33,Mumbai,REG-01,2024-02-26,Small Business
CUST-07000,Aanya Singh,Female,38,Lucknow,REG-02,2025-06-21,Consumer
CUST-07001,Rajesh Deshmukh,Male,42,Hyderabad,REG-03,2024-12-18,Consumer
CUST-07002,Anika Kumar,Other,18,Kanpur,REG-02,2024-11-20,Small Business
CUST-07003,Shreya Nair,Female,41,Kochi,REG-03,2023-06-07,Consumer
CUST-07004,Atharv Joshi,Male,31,Ujjain,REG-05,2023-04-20,Consumer
CUST-07005,Atharv Choudhury,Male,41,Raipur,REG-05,2023-11-21,Corporate
CUST-07006,Sai Nair,Male,42,Ludhiana,REG-02,2025-02-25,Corporate
CUST-07007,Pranav Shah,Male,51,Ranchi,REG-04,2023-06-01,Consumer
CUST-07008,Neha Sharma,Female,48,Jaipur,REG-02,2024-11-17,Small Business
CUST-07009,Diya Choudhury,Female,48,Howrah,REG-04,2023-03-30,Consumer
CUST-07010,Angel Singh,Female,49,Ludhiana,REG-02,2023-04-18,Consumer
CUST-07011,Aditya Das,Male,37,Bilaspur,REG-05,2025-03-26,Consumer
CUST-07012,Diya Mishra,Female,34,Cuttack,REG-04,2025-09-21,Small Business
CUST-07013,Vihaan Mukherjee,Male,43,Panaji,REG-01,2025-02-17,Corporate
CUST-07014,Abhishek Pillai,Male,42,Hyderabad,REG-03,2023-07-08,Consumer
CUST-07015,Meera Malhotra,Female,30,Gurgaon,REG-02,2024-06-06,Consumer
CUST-07016,Anand Choudhury,Male,38,Ludhiana,REG-02,2023-05-05,Consumer
CUST-07017,Rohan Sharma,Male,33,Kochi,REG-03,2024-11-24,Consumer
CUST-07018,Sunita Joshi,Female,24,Dibrugarh,REG-06,2024-04-04,Consumer
CUST-07019,Amit Rao,Male,48,Ludhiana,REG-02,2025-09-16,Consumer
CUST-07020,Ishaan Shah,Male,34,Mumbai,REG-01,2024-09-13,Consumer
CUST-07021,Aditi Kulkarni,Female,56,Chandigarh,REG-02,2025-10-10,Corporate
CUST-07022,Aanya Saxena,Female,18,Ranchi,REG-04,2025-06-01,Small Business
CUST-07023,Sai Menon,Male,27,Delhi,REG-02,2025-11-13,Consumer
CUST-07024,Pooja Mishra,Female,34,Ludhiana,REG-02,2024-06-19,Consumer
CUST-07025,Abhishek Das,Male,46,Bilaspur,REG-05,2023-11-22,Corporate
CUST-07026,Aditya Kapoor,Male,38,Cuttack,REG-04,2023-11-13,Consumer
CUST-07027,Advaith Trivedi,Male,37,Mumbai,REG-01,2023-10-28,Corporate
CUST-07028,Aditi Joshi,Female,21,Bilaspur,REG-05,2025-02-28,Consumer
CUST-07029,Nikhil Rao,Male,21,Raipur,REG-05,2025-07-15,Consumer
CUST-07030,Sai Verma,Male,37,Kochi,REG-03,2025-02-09,Consumer
CUST-07031,Saanvi Patel,Female,18,Kanpur,REG-02,2024-07-14,Corporate
CUST-07032,Dhruv Kumar,Male,28,Asansol,REG-04,2024-08-14,Consumer
CUST-07033,Pranav Kulkarni,Male,39,Delhi,REG-02,2025-03-04,Consumer
CUST-07034,Ananya Aggarwal,Female,23,Asansol,REG-04,2024-06-29,Consumer
CUST-07035,Avani Patel,Female,51,Bhopal,REG-05,2024-05-23,Small Business
CUST-07036,Vikram Deshmukh,Male,47,Vadodara,REG-01,2025-04-23,Corporate
CUST-07037,Pooja Deshmukh,Female,18,Kochi,REG-03,2025-09-01,Consumer
CUST-07038,Kavya Saxena,Female,23,Hyderabad,REG-03,2025-07-05,Consumer
CUST-07039,Ishaan Mukherjee,Male,18,Bhopal,REG-05,2023-03-30,Consumer
CUST-07040,Vikram Shah,Male,25,Visakhapatnam,REG-03,2025-08-21,Consumer
CUST-07041,Suresh Deshmukh,Male,42,Surat,REG-01,2023-09-28,Consumer
CUST-07042,Aditi Bose,Female,29,Noida,REG-02,2023-01-18,Consumer
CUST-07043,Deepak Chopra,Male,39,Asansol,REG-04,2025-07-18,Consumer
CUST-07044,Gaurav Sharma,Male,18,Ahmedabad,REG-01,2023-10-15,Consumer
CUST-07045,Suresh Bose,Male,42,Kochi,REG-03,2023-03-27,Consumer
CUST-07046,Aanya Mehta,Female,27,Ujjain,REG-05,2023-06-06,Corporate
CUST-07047,Swati Patel,Female,34,Cuttack,REG-04,2024-02-06,Corporate
CUST-07048,Aarohi Sharma,Female,32,Ranchi,REG-04,2025-06-12,Consumer
CUST-07049,Simran Patel,Female,20,Pune,REG-01,2024-07-30,Consumer
CUST-07050,Rajesh Saxena,Male,21,Imphal,REG-06,2024-04-14,Corporate
CUST-07051,Meera Singh,Female,44,Kanpur,REG-02,2024-06-10,Corporate
CUST-07052,Swati Pillai,Female,38,Gwalior,REG-05,2025-03-01,Consumer
CUST-07053,Vihaan Patel,Male,45,Jabalpur,REG-05,2023-02-10,Corporate
CUST-07054,Shaurya Nair,Male,37,Ujjain,REG-05,2025-03-10,Consumer
CUST-07055,Sai Aggarwal,Male,35,Gurgaon,REG-02,2023-06-21,Corporate
CUST-07056,Aditi Singh,Female,18,Ujjain,REG-05,2024-06-23,Consumer
CUST-07057,Suresh Deshmukh,Male,31,Silchar,REG-06,2024-11-04,Consumer
CUST-07058,Diya Singh,Female,33,Dibrugarh,REG-06,2023-10-11,Consumer
CUST-07059,Atharv Kumar,Male,55,Nashik,REG-01,2024-10-18,Consumer
CUST-07060,Vihaan Mishra,Male,41,Kochi,REG-03,2023-11-11,Consumer
CUST-07061,Aditya Aggarwal,Male,50,Ahmedabad,REG-01,2023-01-30,Consumer
CUST-07062,Kavya Deshmukh,Female,40,Ludhiana,REG-02,2024-07-27,Consumer
CUST-07063,Pari Bhat,Female,26,Cuttack,REG-04,2023-01-23,Consumer
CUST-07064,Vivaan Verma,Male,35,Raipur,REG-05,2025-06-04,Consumer
CUST-07065,Swati Bose,Female,36,Ludhiana,REG-02,2025-06-13,Consumer
CUST-07066,Amit Kumar,Male,23,Dibrugarh,REG-06,2025-06-08,Small Business
CUST-07067,Vikram Das,Male,29,Mumbai,REG-01,2024-06-10,Corporate
CUST-07068,Pranav Iyer,Male,31,Cuttack,REG-04,2024-11-02,Corporate
CUST-07069,Amit Kapoor,Other,51,Coimbatore,REG-03,2024-09-15,Small Business
CUST-07070,Advaith Aggarwal,Male,18,Shillong,REG-06,2025-07-11,Consumer
CUST-07071,Sai Deshmukh,Male,47,Kochi,REG-03,2023-12-24,Consumer
CUST-07072,Tanvi Gupta,Female,23,Ahmedabad,REG-01,2025-08-17,Corporate
CUST-07073,Shaurya Nair,Male,18,Cuttack,REG-04,2024-08-15,Consumer
CUST-07074,Tanvi Das,Female,46,Bhubaneswar,REG-04,2025-05-27,Consumer
CUST-07075,Krishna Kapoor,Male,42,Mumbai,REG-01,2023-02-27,Consumer
CUST-07076,Ishaan Reddy,Male,47,Jaipur,REG-02,2024-08-24,Consumer
CUST-07077,Pooja Rao,Female,42,Surat,REG-01,2023-10-07,Small Business
CUST-07078,Shaurya Choudhury,Male,56,Panaji,REG-01,2025-03-04,Consumer
CUST-07079,Ananya Menon,Female,40,Cuttack,REG-04,2025-04-30,Corporate
CUST-07080,Shreya Joshi,Female,32,Gurgaon,REG-02,2023-01-11,Small Business
CUST-07081,Simran Aggarwal,Female,37,Bangalore,REG-03,2023-08-20,Consumer
CUST-07082,Avani Kapoor,Female,47,Noida,REG-02,2025-01-18,Consumer
CUST-07083,Aarav Mehta,Male,25,Bhopal,REG-05,2023-08-24,Small Business
CUST-07084,Nikhil Bhat,Male,26,Nagpur,REG-01,2023-11-11,Consumer
CUST-07085,Vikram Nair,Male,30,Pune,REG-01,2023-08-20,Consumer
CUST-07086,Manish Shah,Male,18,Delhi,REG-02,2023-05-12,Consumer
CUST-07087,Avani Trivedi,Female,35,Bangalore,REG-03,2025-01-25,Corporate
CUST-07088,Priyanka Menon,Female,18,Patna,REG-04,2023-09-05,Corporate
CUST-07089,Vivaan Kapoor,Male,34,Gwalior,REG-05,2023-07-09,Consumer
CUST-07090,Preeti Nair,Female,43,Delhi,REG-02,2023-03-14,Consumer
CUST-07091,Arjun Menon,Male,28,Nagpur,REG-01,2024-11-18,Consumer
CUST-07092,Advaith Kapoor,Male,52,Lucknow,REG-02,2023-01-18,Corporate
CUST-07093,Ira Mishra,Female,18,Ahmedabad,REG-01,2025-03-17,Corporate
CUST-07094,Ayaan Aggarwal,Male,47,Chennai,REG-03,2024-09-25,Consumer
CUST-07095,Avani Chopra,Female,41,Nashik,REG-01,2023-06-10,Consumer
CUST-07096,Sai Mukherjee,Male,18,Bhubaneswar,REG-04,2023-10-02,Consumer
CUST-07097,Advik Malhotra,Male,63,Agartala,REG-06,2025-02-20,Corporate
CUST-07098,Reyansh Bhat,Male,33,Asansol,REG-04,2025-11-02,Corporate
CUST-07099,Dhruv Iyer,Male,24,Patna,REG-04,2024-10-02,Small Business
CUST-07100,Sara Rao,Female,18,Ludhiana,REG-02,2024-06-15,Consumer
CUST-07101,Diya Kulkarni,Female,31,Indore,REG-05,2025-11-06,Small Business
CUST-07102,Gaurav Kumar,Male,32,Mysore,REG-03,2025-07-27,Small Business
CUST-07103,Neha Rao,Female,35,Vadodara,REG-01,2024-11-27,Consumer
CUST-07104,Manish Kapoor,Male,30,Indore,REG-05,2023-09-08,Consumer
CUST-07105,Amit Pillai,Male,40,Chennai,REG-03,2023-08-13,Corporate
CUST-07106,Avani Bhat,Female,29,Chandigarh,REG-02,2025-01-31,Consumer
CUST-07107,Deepika Verma,Female,18,Ranchi,REG-04,2025-02-17,Consumer
CUST-07108,Manish Mukherjee,Male,32,Kochi,REG-03,2024-04-30,Consumer
CUST-07109,Swati Shah,Female,18,Kolkata,REG-04,2023-03-08,Corporate
CUST-07110,Ananya Kapoor,Female,37,Jaipur,REG-02,2024-02-05,Consumer
CUST-07111,Pari Mishra,Female,23,Trivandrum,REG-03,2024-02-27,Consumer
CUST-07112,Shreya Choudhury,Female,35,Ahmedabad,REG-01,2025-01-04,Consumer
CUST-07113,Manish Pandey,Male,48,Bangalore,REG-03,2023-09-09,Consumer
CUST-07114,Gaurav Mehta,Male,23,Panaji,REG-01,2023-09-07,Consumer
CUST-07115,Sara Rao,Female,45,Ahmedabad,REG-01,2024-08-25,Corporate
CUST-07116,Aarohi Chopra,Female,29,Nagpur,REG-01,2024-09-24,Consumer
CUST-07117,Sunita Rao,Female,53,Ludhiana,REG-02,2023-05-21,Consumer
CUST-07118,Sunita Das,Female,29,Pune,REG-01,2023-04-26,Small Business
CUST-07119,Angel Rao,Female,24,Ujjain,REG-05,2023-12-23,Consumer
CUST-07120,Deepak Kulkarni,Male,41,Nagpur,REG-01,2024-07-28,Consumer
CUST-07121,Preeti Mehta,Female,29,Gurgaon,REG-02,2023-01-01,Consumer
CUST-07122,Swati Rao,Female,24,Ludhiana,REG-02,2024-08-23,Consumer
CUST-07123,Riya Chopra,Female,28,Surat,REG-01,2025-03-24,Consumer
CUST-07124,Aanya Aggarwal,Female,33,Mysore,REG-03,2023-03-15,Corporate
CUST-07125,Rahul Mehta,Male,48,Hyderabad,REG-03,2024-10-04,Small Business
CUST-07126,Sneha Chopra,Female,18,Coimbatore,REG-03,2024-08-19,Consumer
CUST-07127,Rahul Reddy,Male,34,Pune,REG-01,2023-06-28,Consumer
CUST-07128,Anushka Rao,Female,40,Delhi,REG-02,2023-12-15,Consumer
CUST-07129,Aarohi Bhat,Female,36,Mumbai,REG-01,2024-05-17,Corporate
CUST-07130,Sai Reddy,Male,48,Chennai,REG-03,2024-10-28,Corporate
CUST-07131,Anand Patel,Male,33,Jaipur,REG-02,2025-03-28,Consumer
CUST-07132,Aanya Pandey,Female,31,Lucknow,REG-02,2025-11-21,Small Business
CUST-07133,Anand Iyer,Male,40,Mysore,REG-03,2024-07-08,Consumer
CUST-07134,Saanvi Sharma,Female,35,Chandigarh,REG-02,2024-11-21,Corporate
CUST-07135,Avani Choudhury,Female,29,Coimbatore,REG-03,2023-09-06,Consumer
CUST-07136,Pranav Pandey,Male,39,Ujjain,REG-05,2024-12-10,Corporate
CUST-07137,Vihaan Bose,Male,26,Ahmedabad,REG-01,2025-01-21,Consumer
CUST-07138,Sunita Reddy,Female,27,Patna,REG-04,2023-03-23,Consumer
CUST-07139,Avani Aggarwal,Female,28,Trivandrum,REG-03,2025-04-07,Corporate
CUST-07140,Vivaan Kumar,Male,48,Asansol,REG-04,2024-11-20,Consumer
CUST-07141,Ira Mukherjee,Female,18,Kanpur,REG-02,2025-01-01,Consumer
CUST-07142,Anushka Singh,Female,38,Delhi,REG-02,2025-05-11,Consumer
CUST-07143,Atharv Mishra,Male,34,Indore,REG-05,2023-10-06,Consumer
CUST-07144,Riya Nair,Female,18,Bilaspur,REG-05,2024-06-15,Consumer
CUST-07145,Saanvi Malhotra,Female,37,Bhubaneswar,REG-04,2024-02-05,Consumer
CUST-07146,Sneha Mishra,Female,39,Nagpur,REG-01,2023-04-13,Consumer
CUST-07147,Pooja Malhotra,Female,40,Bangalore,REG-03,2025-11-17,Consumer
CUST-07148,Reyansh Bhat,Male,18,Bhopal,REG-05,2024-03-17,Consumer
CUST-07149,Deepika Singh,Female,49,Chennai,REG-03,2025-11-02,Consumer
CUST-07150,Pooja Pandey,Female,25,Gwalior,REG-05,2025-09-05,Corporate
CUST-07151,Pranav Chopra,Male,41,Pune,REG-01,2025-08-11,Corporate
CUST-07152,Manish Sharma,Male,42,Mumbai,REG-01,2025-11-30,Consumer
CUST-07153,Gaurav Chopra,Male,24,Patna,REG-04,2025-04-22,Consumer
CUST-07154,Aadhya Chopra,Female,41,Surat,REG-01,2023-12-11,Consumer
CUST-07155,Simran Bose,Female,29,Raipur,REG-05,2023-06-14,Consumer
CUST-07156,Aditya Gupta,Male,18,Nashik,REG-01,2024-08-16,Consumer
CUST-07157,Shaurya Singh,Male,46,Asansol,REG-04,2025-09-28,Consumer
CUST-07158,Sai Saxena,Male,25,Bhubaneswar,REG-04,2024-05-20,Small Business
CUST-07159,Atharv Patel,Male,24,Ahmedabad,REG-01,2024-10-18,Consumer
CUST-07160,Deepika Menon,Female,29,Kanpur,REG-02,2024-03-15,Consumer
CUST-07161,Dhruv Mehta,Male,36,Bhubaneswar,REG-04,2024-02-02,Consumer
CUST-07162,Preeti Choudhury,Female,33,Shillong,REG-06,2024-08-11,Consumer
CUST-07163,Saanvi Gupta,Female,40,Nagpur,REG-01,2023-01-26,Consumer
CUST-07164,Rahul Mukherjee,Male,19,Gwalior,REG-05,2025-06-22,Consumer
CUST-07165,Manish Iyer,Male,25,Jaipur,REG-02,2024-09-15,Consumer
CUST-07166,Aarohi Bhat,Female,32,Ujjain,REG-05,2025-09-27,Consumer
CUST-07167,Ira Kumar,Other,54,Ahmedabad,REG-01,2024-11-06,Small Business
CUST-07168,Dhruv Kulkarni,Male,32,Delhi,REG-02,2024-12-20,Consumer
CUST-07169,Myra Patel,Female,45,Nagpur,REG-01,2025-02-03,Consumer
CUST-07170,Kavya Chopra,Female,34,Cuttack,REG-04,2025-05-28,Consumer
CUST-07171,Dhruv Saxena,Male,28,Ludhiana,REG-02,2025-10-04,Consumer
CUST-07172,Sai Chopra,Male,31,Howrah,REG-04,2025-11-28,Corporate
CUST-07173,Tanvi Kapoor,Female,32,Pune,REG-01,2023-02-22,Consumer
CUST-07174,Simran Trivedi,Female,40,Nashik,REG-01,2025-05-13,Corporate
CUST-07175,Nikhil Kumar,Male,49,Guwahati,REG-06,2025-05-12,Corporate
CUST-07176,Preeti Reddy,Female,37,Indore,REG-05,2024-03-14,Small Business
CUST-07177,Anand Kulkarni,Male,47,Chandigarh,REG-02,2023-07-14,Consumer
CUST-07178,Shreya Rao,Female,23,Nashik,REG-01,2023-09-07,Corporate
CUST-07179,Sneha Kumar,Female,29,Guwahati,REG-06,2023-01-26,Consumer
CUST-07180,Angel Verma,Female,26,Kochi,REG-03,2024-11-17,Corporate
CUST-07181,Dhruv Choudhury,Male,37,Visakhapatnam,REG-03,2024-02-10,Consumer
CUST-07182,Simran Shah,Female,30,Pune,REG-01,2023-01-23,Consumer
CUST-07183,Abhishek Mukherjee,Male,42,Kolkata,REG-04,2025-10-24,Small Business
CUST-07184,Rajesh Bhat,Male,23,Visakhapatnam,REG-03,2025-11-14,Small Business
CUST-07185,Kabir Kapoor,Male,34,Ranchi,REG-04,2024-12-29,Consumer
CUST-07186,Aadhya Mehta,Female,41,Noida,REG-02,2025-07-27,Small Business
CUST-07187,Diya Mukherjee,Female,18,Mumbai,REG-01,2025-02-08,Consumer
CUST-07188,Pari Saxena,Female,57,Panaji,REG-01,2023-07-17,Consumer
CUST-07189,Preeti Choudhury,Female,30,Patna,REG-04,2023-09-30,Corporate
CUST-07190,Ira Bose,Female,18,Trivandrum,REG-03,2024-09-09,Consumer
CUST-07191,Sai Bose,Male,35,Raipur,REG-05,2023-05-04,Consumer
CUST-07192,Simran Chopra,Other,34,Raipur,REG-05,2023-07-12,Consumer
CUST-07193,Aanya Choudhury,Female,33,Kanpur,REG-02,2025-02-04,Corporate
CUST-07194,Advaith Gupta,Other,44,Chandigarh,REG-02,2025-02-04,Consumer
CUST-07195,Suresh Kapoor,Male,42,Ranchi,REG-04,2023-05-25,Small Business
CUST-07196,Aditi Kapoor,Female,37,Hyderabad,REG-03,2025-09-05,Consumer
CUST-07197,Anika Bhat,Female,38,Silchar,REG-06,2025-06-28,Consumer
CUST-07198,Nikhil Pillai,Male,32,Ludhiana,REG-02,2025-02-10,Consumer
CUST-07199,Preeti Gupta,Female,53,Jaipur,REG-02,2025-04-07,Corporate
CUST-07200,Sneha Reddy,Other,18,Guwahati,REG-06,2024-12-06,Corporate
CUST-07201,Swati Bhat,Female,35,Coimbatore,REG-03,2025-01-12,Consumer
CUST-07202,Pari Mishra,Female,34,Guwahati,REG-06,2023-03-07,Consumer
CUST-07203,Deepak Verma,Male,42,Delhi,REG-02,2023-12-26,Consumer
CUST-07204,Avani Verma,Female,24,Vadodara,REG-01,2024-01-11,Corporate
CUST-07205,Meera Reddy,Female,18,Surat,REG-01,2024-09-04,Corporate
CUST-07206,Aditya Iyer,Male,35,Jabalpur,REG-05,2023-09-11,Corporate
CUST-07207,Riya Mishra,Female,37,Patna,REG-04,2023-06-03,Corporate
CUST-07208,Riya Das,Female,50,Bilaspur,REG-05,2024-08-25,Corporate
CUST-07209,Deepika Das,Female,20,Mumbai,REG-01,2023-08-01,Consumer
CUST-07210,Krishna Rao,Male,46,Kolkata,REG-04,2024-11-28,Corporate
CUST-07211,Tanvi Chopra,Female,60,Dibrugarh,REG-06,2025-10-01,Consumer
CUST-07212,Aditya Reddy,Male,29,Mumbai,REG-01,2024-07-16,Consumer
CUST-07213,Priyanka Trivedi,Female,19,Jaipur,REG-02,2023-07-08,Consumer
CUST-07214,Dhruv Patel,Male,29,Ludhiana,REG-02,2023-04-16,Small Business
CUST-07215,Suresh Rao,Male,34,Jabalpur,REG-05,2025-11-05,Consumer
CUST-07216,Swati Mishra,Female,40,Panaji,REG-01,2025-07-07,Consumer
CUST-07217,Avani Mehta,Female,27,Surat,REG-01,2023-06-26,Consumer
CUST-07218,Riya Sharma,Female,51,Visakhapatnam,REG-03,2023-01-24,Consumer
CUST-07219,Advaith Pillai,Male,21,Ujjain,REG-05,2023-11-26,Corporate
CUST-07220,Sai Deshmukh,Male,18,Coimbatore,REG-03,2024-02-06,Consumer
CUST-07221,Navya Das,Female,46,Bangalore,REG-03,2025-05-10,Small Business
CUST-07222,Kavya Trivedi,Female,18,Silchar,REG-06,2024-09-21,Corporate
CUST-07223,Nikhil Mishra,Male,31,Coimbatore,REG-03,2025-11-12,Consumer
CUST-07224,Suresh Gupta,Male,68,Kolkata,REG-04,2024-03-05,Corporate
CUST-07225,Advik Rao,Male,33,Jabalpur,REG-05,2025-10-23,Consumer
CUST-07226,Anika Kulkarni,Female,21,Ludhiana,REG-02,2025-01-23,Corporate
CUST-07227,Dhruv Aggarwal,Male,33,Ranchi,REG-04,2024-10-26,Consumer
CUST-07228,Angel Choudhury,Female,33,Agartala,REG-06,2024-02-25,Consumer
CUST-07229,Ayaan Singh,Male,35,Panaji,REG-01,2025-08-01,Consumer
CUST-07230,Arjun Kumar,Male,41,Chandigarh,REG-02,2024-05-03,Consumer
CUST-07231,Nikhil Sharma,Male,22,Mysore,REG-03,2025-01-27,Small Business
CUST-07232,Avani Reddy,Female,52,Ahmedabad,REG-01,2025-05-18,Consumer
CUST-07233,Anand Nair,Male,36,Trivandrum,REG-03,2023-01-05,Consumer
CUST-07234,Aditi Malhotra,Female,41,Guwahati,REG-06,2025-09-12,Small Business
CUST-07235,Arjun Nair,Male,27,Kanpur,REG-02,2024-07-12,Consumer
CUST-07236,Rahul Reddy,Male,48,Trivandrum,REG-03,2025-09-06,Consumer
CUST-07237,Tanvi Saxena,Female,31,Patna,REG-04,2024-02-20,Consumer
CUST-07238,Reyansh Bhat,Male,37,Kanpur,REG-02,2025-11-15,Consumer
CUST-07239,Ira Bhat,Female,23,Hyderabad,REG-03,2024-12-08,Consumer
CUST-07240,Anika Rao,Female,23,Jabalpur,REG-05,2023-07-29,Small Business
CUST-07241,Sai Choudhury,Male,41,Panaji,REG-01,2023-03-18,Consumer
CUST-07242,Priyanka Pandey,Female,29,Cuttack,REG-04,2024-04-27,Consumer
CUST-07243,Navya Choudhury,Female,24,Hyderabad,REG-03,2023-08-22,Consumer
CUST-07244,Ira Bhat,Female,26,Kanpur,REG-02,2023-03-04,Consumer
CUST-07245,Swati Iyer,Female,41,Panaji,REG-01,2023-04-28,Consumer
CUST-07246,Manish Singh,Male,27,Kanpur,REG-02,2024-01-15,Consumer
CUST-07247,Avani Bose,Female,32,Ludhiana,REG-02,2025-04-26,Small Business
CUST-07248,Navya Aggarwal,Female,34,Chennai,REG-03,2023-05-19,Small Business
CUST-07249,Amit Pillai,Male,18,Kanpur,REG-02,2025-10-23,Small Business
CUST-07250,Neha Reddy,Female,18,Panaji,REG-01,2024-03-17,Consumer
CUST-07251,Anand Mukherjee,Male,37,Vadodara,REG-01,2023-10-15,Consumer
CUST-07252,Ayaan Reddy,Male,25,Nashik,REG-01,2025-10-17,Consumer
CUST-07253,Kabir Rao,Male,45,Noida,REG-02,2025-04-17,Corporate
CUST-07254,Arjun Pillai,Male,44,Kanpur,REG-02,2024-05-02,Small Business
CUST-07255,Pari Nair,Female,41,Lucknow,REG-02,2024-12-14,Consumer
CUST-07256,Advik Malhotra,Male,54,Bhubaneswar,REG-04,2023-03-12,Consumer
CUST-07257,Deepak Malhotra,Male,33,Asansol,REG-04,2024-04-09,Consumer
CUST-07258,Sara Bhat,Female,41,Asansol,REG-04,2023-01-17,Consumer
CUST-07259,Neha Shah,Female,27,Trivandrum,REG-03,2023-11-26,Corporate
CUST-07260,Deepika Saxena,Female,60,Raipur,REG-05,2023-02-03,Small Business
CUST-07261,Krishna Das,Male,55,Nashik,REG-01,2024-04-02,Consumer
CUST-07262,Sara Nair,Female,34,Vadodara,REG-01,2024-10-20,Consumer
CUST-07263,Ishaan Das,Male,38,Chennai,REG-03,2023-05-06,Consumer
CUST-07264,Neha Das,Female,48,Visakhapatnam,REG-03,2023-10-19,Consumer
CUST-07265,Pranav Iyer,Male,32,Jabalpur,REG-05,2023-06-23,Corporate
CUST-07266,Ayaan Reddy,Male,26,Guwahati,REG-06,2023-10-30,Consumer
CUST-07267,Nikhil Joshi,Male,43,Asansol,REG-04,2025-09-02,Corporate
CUST-07268,Priyanka Kulkarni,Female,34,Howrah,REG-04,2025-06-13,Consumer
CUST-07269,Rohan Aggarwal,Male,36,Panaji,REG-01,2023-08-10,Consumer
CUST-07270,Rohan Bose,Male,24,Bangalore,REG-03,2023-08-28,Small Business
CUST-07271,Karan Patel,Male,18,Mumbai,REG-01,2025-10-16,Consumer
CUST-07272,Aarav Bose,Male,36,Chennai,REG-03,2024-12-13,Consumer
CUST-07273,Sara Shah,Female,43,Hyderabad,REG-03,2023-10-22,Corporate
CUST-07274,Atharv Mukherjee,Male,31,Lucknow,REG-02,2024-01-07,Consumer
CUST-07275,Rohan Das,Male,49,Noida,REG-02,2024-01-24,Consumer
CUST-07276,Neha Joshi,Female,26,Visakhapatnam,REG-03,2025-04-03,Consumer
CUST-07277,Vivaan Reddy,Male,22,Mysore,REG-03,2025-06-07,Consumer
CUST-07278,Aanya Kulkarni,Female,33,Nagpur,REG-01,2025-01-26,Consumer
CUST-07279,Pranav Pandey,Male,33,Ranchi,REG-04,2023-08-18,Consumer
CUST-07280,Arjun Bhat,Male,42,Raipur,REG-05,2023-03-26,Consumer
CUST-07281,Vihaan Patel,Male,25,Lucknow,REG-02,2023-02-20,Consumer
CUST-07282,Priyanka Reddy,Female,49,Indore,REG-05,2023-05-22,Consumer
CUST-07283,Advaith Trivedi,Male,55,Silchar,REG-06,2025-03-23,Consumer
CUST-07284,Navya Sharma,Female,33,Patna,REG-04,2024-08-10,Consumer
CUST-07285,Kabir Joshi,Male,47,Nagpur,REG-01,2023-04-17,Consumer
CUST-07286,Vihaan Pillai,Male,22,Nagpur,REG-01,2023-04-20,Consumer
CUST-07287,Sara Choudhury,Female,45,Silchar,REG-06,2025-05-12,Consumer
CUST-07288,Pooja Patel,Female,45,Coimbatore,REG-03,2024-07-11,Small Business
CUST-07289,Navya Rao,Female,43,Imphal,REG-06,2024-12-24,Small Business
CUST-07290,Vikram Menon,Male,33,Nashik,REG-01,2023-04-16,Consumer
CUST-07291,Kabir Deshmukh,Male,18,Ludhiana,REG-02,2023-03-17,Consumer
CUST-07292,Ayaan Sharma,Male,26,Bilaspur,REG-05,2023-04-07,Corporate
CUST-07293,Aarav Pillai,Male,27,Coimbatore,REG-03,2024-07-11,Consumer
CUST-07294,Sara Sharma,Female,23,Indore,REG-05,2024-03-28,Small Business
CUST-07295,Advik Kapoor,Male,35,Kanpur,REG-02,2025-06-05,Corporate
CUST-07296,Simran Joshi,Female,29,Panaji,REG-01,2023-02-12,Corporate
CUST-07297,Deepika Joshi,Female,24,Ranchi,REG-04,2024-11-06,Consumer
CUST-07298,Anika Pandey,Female,22,Cuttack,REG-04,2024-05-24,Consumer
CUST-07299,Diya Kulkarni,Female,26,Ludhiana,REG-02,2023-11-08,Corporate
CUST-07300,Aanya Aggarwal,Female,46,Ahmedabad,REG-01,2023-06-19,Consumer
CUST-07301,Neha Choudhury,Female,26,Jabalpur,REG-05,2023-02-07,Consumer
CUST-07302,Advaith Mukherjee,Male,28,Raipur,REG-05,2025-10-15,Consumer
CUST-07303,Preeti Iyer,Female,28,Surat,REG-01,2023-12-11,Consumer
CUST-07304,Amit Pillai,Male,37,Nagpur,REG-01,2025-05-03,Corporate
CUST-07305,Dhruv Deshmukh,Male,39,Pune,REG-01,2024-03-24,Small Business
CUST-07306,Saanvi Das,Female,18,Gwalior,REG-05,2024-05-13,Consumer
CUST-07307,Sai Reddy,Male,45,Bangalore,REG-03,2024-02-29,Consumer
CUST-07308,Reyansh Choudhury,Male,49,Gwalior,REG-05,2025-06-26,Consumer
CUST-07309,Atharv Mukherjee,Male,22,Kanpur,REG-02,2025-04-27,Corporate
CUST-07310,Anand Chopra,Male,23,Bhopal,REG-05,2023-03-06,Consumer
CUST-07311,Rohan Pillai,Male,29,Kochi,REG-03,2023-08-26,Consumer
CUST-07312,Preeti Trivedi,Female,25,Pune,REG-01,2024-10-05,Consumer
CUST-07313,Anushka Choudhury,Female,36,Bhubaneswar,REG-04,2025-07-18,Consumer
CUST-07314,Aanya Kulkarni,Female,18,Chandigarh,REG-02,2023-08-07,Corporate
CUST-07315,Sneha Mishra,Female,21,Bhubaneswar,REG-04,2023-08-22,Small Business
CUST-07316,Pranav Patel,Male,50,Bilaspur,REG-05,2024-11-29,Consumer
CUST-07317,Vivaan Sharma,Male,23,Jabalpur,REG-05,2025-01-14,Consumer
CUST-07318,Advik Bose,Male,47,Jaipur,REG-02,2024-08-17,Corporate
CUST-07319,Shaurya Reddy,Male,37,Howrah,REG-04,2025-03-28,Consumer
CUST-07320,Riya Mukherjee,Female,18,Jaipur,REG-02,2023-04-04,Consumer
CUST-07321,Ishaan Shah,Male,40,Patna,REG-04,2024-04-22,Corporate
CUST-07322,Simran Mukherjee,Female,32,Nagpur,REG-01,2025-05-28,Small Business
CUST-07323,Ishaan Das,Male,28,Trivandrum,REG-03,2023-07-18,Consumer
CUST-07324,Pooja Bhat,Female,36,Surat,REG-01,2024-11-17,Consumer
CUST-07325,Atharv Menon,Male,39,Pune,REG-01,2025-01-08,Consumer
CUST-07326,Anand Gupta,Male,41,Noida,REG-02,2023-08-12,Small Business
CUST-07327,Pari Kulkarni,Female,46,Visakhapatnam,REG-03,2024-01-20,Consumer
CUST-07328,Gaurav Pillai,Male,38,Ranchi,REG-04,2023-12-16,Corporate
CUST-07329,Vikram Trivedi,Male,18,Kolkata,REG-04,2025-09-15,Corporate
CUST-07330,Suresh Mishra,Male,28,Gurgaon,REG-02,2023-12-15,Consumer
CUST-07331,Shreya Bhat,Female,66,Agartala,REG-06,2024-02-08,Consumer
CUST-07332,Tanvi Chopra,Female,41,Howrah,REG-04,2025-10-11,Consumer
CUST-07333,Diya Deshmukh,Female,60,Ludhiana,REG-02,2024-02-04,Consumer
CUST-07334,Amit Mukherjee,Male,49,Nashik,REG-01,2024-12-12,Consumer
CUST-07335,Rahul Pillai,Male,36,Kolkata,REG-04,2025-02-27,Consumer
CUST-07336,Meera Iyer,Female,37,Jaipur,REG-02,2023-09-12,Consumer
CUST-07337,Shaurya Nair,Male,33,Noida,REG-02,2023-09-16,Consumer
CUST-07338,Arjun Bhat,Male,18,Shillong,REG-06,2024-09-29,Consumer
CUST-07339,Pranav Mishra,Male,34,Howrah,REG-04,2025-07-13,Consumer
CUST-07340,Shreya Bose,Female,47,Pune,REG-01,2024-09-15,Consumer
CUST-07341,Ayaan Kulkarni,Male,27,Bhubaneswar,REG-04,2024-01-03,Consumer
CUST-07342,Ira Das,Female,38,Nagpur,REG-01,2023-08-12,Consumer
CUST-07343,Aadhya Joshi,Female,43,Indore,REG-05,2024-01-20,Consumer
CUST-07344,Sneha Nair,Female,23,Pune,REG-01,2024-02-17,Consumer
CUST-07345,Sneha Patel,Female,29,Mumbai,REG-01,2025-09-24,Consumer
CUST-07346,Amit Mehta,Male,22,Coimbatore,REG-03,2024-12-07,Consumer
CUST-07347,Aarohi Nair,Female,24,Mysore,REG-03,2024-10-31,Consumer
CUST-07348,Dhruv Mishra,Male,19,Mumbai,REG-01,2025-08-14,Consumer
CUST-07349,Manish Patel,Male,24,Gwalior,REG-05,2023-04-12,Consumer
CUST-07350,Kabir Bhat,Male,49,Jabalpur,REG-05,2024-09-28,Consumer
CUST-07351,Anushka Kumar,Female,23,Dibrugarh,REG-06,2023-02-17,Corporate
CUST-07352,Avani Shah,Female,35,Vadodara,REG-01,2025-02-27,Consumer
CUST-07353,Ayaan Sharma,Male,28,Trivandrum,REG-03,2023-01-06,Consumer
CUST-07354,Aarohi Malhotra,Female,46,Bangalore,REG-03,2025-11-13,Consumer
CUST-07355,Ayaan Gupta,Male,48,Ahmedabad,REG-01,2025-10-06,Consumer
CUST-07356,Suresh Singh,Male,43,Ranchi,REG-04,2024-01-11,Consumer
CUST-07357,Navya Pandey,Female,37,Jaipur,REG-02,2023-05-02,Consumer
CUST-07358,Deepak Kapoor,Male,31,Delhi,REG-02,2024-11-10,Consumer
CUST-07359,Ayaan Joshi,Male,20,Ahmedabad,REG-01,2023-12-03,Consumer
CUST-07360,Swati Joshi,Female,55,Lucknow,REG-02,2023-04-18,Small Business
CUST-07361,Sara Mishra,Female,25,Nashik,REG-01,2024-01-24,Corporate
CUST-07362,Aarohi Gupta,Female,41,Mysore,REG-03,2025-06-08,Consumer
CUST-07363,Amit Bose,Male,45,Howrah,REG-04,2023-02-22,Consumer
CUST-07364,Avani Kumar,Female,27,Delhi,REG-02,2024-10-05,Consumer
CUST-07365,Navya Mehta,Female,45,Jabalpur,REG-05,2024-08-18,Consumer
CUST-07366,Vikram Mishra,Male,42,Surat,REG-01,2025-06-08,Consumer
CUST-07367,Vivaan Kapoor,Male,53,Shillong,REG-06,2025-01-08,Small Business
CUST-07368,Pari Mukherjee,Female,28,Nagpur,REG-01,2023-09-18,Consumer
CUST-07369,Shreya Kumar,Female,19,Vadodara,REG-01,2024-02-22,Consumer
CUST-07370,Deepak Das,Male,28,Panaji,REG-01,2024-09-07,Consumer
CUST-07371,Neha Kumar,Female,36,Pune,REG-01,2025-09-15,Consumer
CUST-07372,Sai Das,Male,34,Ludhiana,REG-02,2025-07-27,Consumer
CUST-07373,Vihaan Kumar,Male,29,Mysore,REG-03,2025-06-11,Consumer
CUST-07374,Dhruv Mukherjee,Male,18,Ludhiana,REG-02,2023-04-30,Consumer
CUST-07375,Aadhya Kumar,Female,39,Pune,REG-01,2024-05-17,Consumer
CUST-07376,Anushka Bhat,Female,55,Kochi,REG-03,2024-06-20,Consumer
CUST-07377,Manish Bhat,Male,39,Panaji,REG-01,2024-08-13,Consumer
CUST-07378,Tanvi Saxena,Female,40,Lucknow,REG-02,2025-05-20,Corporate
CUST-07379,Pooja Aggarwal,Female,40,Ahmedabad,REG-01,2025-01-31,Corporate
CUST-07380,Vikram Mishra,Male,38,Panaji,REG-01,2024-05-24,Small Business
CUST-07381,Aditya Joshi,Male,44,Surat,REG-01,2024-08-09,Corporate
CUST-07382,Karan Sharma,Male,38,Imphal,REG-06,2023-11-07,Small Business
CUST-07383,Vihaan Joshi,Male,30,Jaipur,REG-02,2025-04-30,Corporate
CUST-07384,Vivaan Malhotra,Male,25,Bhopal,REG-05,2024-03-12,Corporate
CUST-07385,Abhishek Mehta,Male,31,Patna,REG-04,2024-11-23,Small Business
CUST-07386,Vihaan Mishra,Male,37,Cuttack,REG-04,2025-11-14,Consumer
CUST-07387,Rohan Joshi,Male,30,Bhopal,REG-05,2024-06-20,Small Business
CUST-07388,Kavya Pandey,Female,37,Ahmedabad,REG-01,2025-04-24,Corporate
CUST-07389,Aarohi Iyer,Female,38,Lucknow,REG-02,2025-08-30,Consumer
CUST-07390,Angel Chopra,Female,43,Nagpur,REG-01,2025-09-27,Consumer
CUST-07391,Rohan Bhat,Male,48,Asansol,REG-04,2023-06-10,Consumer
CUST-07392,Tanvi Das,Female,34,Ahmedabad,REG-01,2025-05-15,Consumer
CUST-07393,Deepak Kumar,Male,19,Ranchi,REG-04,2024-01-25,Consumer
CUST-07394,Kavya Das,Female,30,Kochi,REG-03,2024-01-29,Consumer
CUST-07395,Neha Aggarwal,Female,34,Mumbai,REG-01,2024-11-29,Consumer
CUST-07396,Navya Kumar,Female,18,Pune,REG-01,2024-12-26,Consumer
CUST-07397,Advaith Rao,Male,49,Ranchi,REG-04,2023-11-28,Consumer
CUST-07398,Sai Trivedi,Male,35,Nagpur,REG-01,2024-08-05,Consumer
CUST-07399,Navya Sharma,Female,38,Trivandrum,REG-03,2025-11-08,Consumer
CUST-07400,Manish Joshi,Male,49,Nagpur,REG-01,2025-10-11,Small Business
CUST-07401,Anika Pillai,Other,27,Kochi,REG-03,2023-08-10,Small Business
CUST-07402,Ayaan Trivedi,Other,40,Gwalior,REG-05,2024-08-17,Consumer
CUST-07403,Shreya Deshmukh,Female,32,Noida,REG-02,2023-12-21,Consumer
CUST-07404,Priyanka Aggarwal,Female,31,Bangalore,REG-03,2023-10-18,Consumer
CUST-07405,Vihaan Kulkarni,Male,25,Raipur,REG-05,2025-11-30,Corporate
CUST-07406,Sunita Shah,Female,52,Indore,REG-05,2024-11-13,Consumer
CUST-07407,Dhruv Verma,Male,29,Nagpur,REG-01,2025-04-16,Small Business
CUST-07408,Rajesh Trivedi,Male,41,Raipur,REG-05,2024-07-04,Consumer
CUST-07409,Sai Shah,Male,18,Nagpur,REG-01,2024-12-27,Corporate
CUST-07410,Diya Aggarwal,Female,46,Visakhapatnam,REG-03,2024-02-28,Corporate
CUST-07411,Meera Joshi,Female,45,Coimbatore,REG-03,2024-02-16,Consumer
CUST-07412,Advaith Kulkarni,Male,35,Mumbai,REG-01,2024-02-24,Consumer
CUST-07413,Priyanka Singh,Other,31,Kanpur,REG-02,2023-03-26,Consumer
CUST-07414,Neha Menon,Female,38,Kanpur,REG-02,2025-07-13,Consumer
CUST-07415,Aditi Bhat,Other,59,Chandigarh,REG-02,2023-11-26,Consumer
CUST-07416,Krishna Menon,Male,18,Noida,REG-02,2023-12-12,Consumer
CUST-07417,Swati Rao,Female,42,Kanpur,REG-02,2023-10-12,Consumer
CUST-07418,Tanvi Das,Female,23,Bhopal,REG-05,2023-04-02,Consumer
CUST-07419,Rahul Mishra,Male,33,Bilaspur,REG-05,2023-08-25,Consumer
CUST-07420,Diya Choudhury,Female,31,Mumbai,REG-01,2025-01-03,Corporate
CUST-07421,Saanvi Malhotra,Female,29,Surat,REG-01,2024-06-29,Consumer
CUST-07422,Sai Das,Male,33,Patna,REG-04,2025-04-29,Consumer
CUST-07423,Pari Saxena,Female,21,Ludhiana,REG-02,2023-10-05,Consumer
CUST-07424,Ayaan Aggarwal,Male,45,Hyderabad,REG-03,2024-08-07,Consumer
CUST-07425,Meera Bose,Female,18,Vadodara,REG-01,2023-09-17,Consumer
CUST-07426,Aadhya Deshmukh,Female,39,Chandigarh,REG-02,2023-10-11,Consumer
CUST-07427,Rahul Aggarwal,Male,30,Howrah,REG-04,2025-03-30,Consumer
CUST-07428,Amit Kumar,Male,21,Kanpur,REG-02,2025-10-27,Corporate
CUST-07429,Vihaan Rao,Male,36,Chennai,REG-03,2023-12-05,Consumer
CUST-07430,Tanvi Bose,Female,18,Chandigarh,REG-02,2023-11-23,Corporate
CUST-07431,Priyanka Saxena,Female,34,Hyderabad,REG-03,2023-01-17,Consumer
CUST-07432,Neha Aggarwal,Female,18,Nagpur,REG-01,2024-05-20,Consumer
CUST-07433,Simran Pandey,Female,39,Chennai,REG-03,2023-06-03,Consumer
CUST-07434,Navya Mehta,Female,23,Gurgaon,REG-02,2024-12-18,Corporate
CUST-07435,Vikram Kulkarni,Male,29,Nagpur,REG-01,2023-04-16,Consumer
CUST-07436,Avani Menon,Female,37,Mysore,REG-03,2025-08-01,Consumer
CUST-07437,Advaith Patel,Male,25,Bangalore,REG-03,2023-08-24,Consumer
CUST-07438,Aarav Sharma,Male,33,Ahmedabad,REG-01,2024-11-20,Small Business
CUST-07439,Aditi Mukherjee,Female,18,Chandigarh,REG-02,2023-05-18,Consumer
CUST-07440,Aadhya Shah,Female,40,Pune,REG-01,2025-04-29,Consumer
CUST-07441,Pooja Menon,Female,53,Bhubaneswar,REG-04,2023-11-20,Consumer
CUST-07442,Anika Patel,Female,64,Lucknow,REG-02,2023-02-06,Consumer
CUST-07443,Saanvi Gupta,Female,35,Coimbatore,REG-03,2023-08-29,Consumer
CUST-07444,Advik Kapoor,Male,42,Kanpur,REG-02,2025-06-03,Consumer
CUST-07445,Ishaan Mukherjee,Male,18,Bilaspur,REG-05,2024-02-05,Consumer
CUST-07446,Diya Chopra,Female,50,Ahmedabad,REG-01,2024-03-11,Consumer
CUST-07447,Reyansh Pandey,Male,42,Jaipur,REG-02,2024-01-18,Corporate
CUST-07448,Tanvi Das,Female,28,Coimbatore,REG-03,2025-04-12,Consumer
CUST-07449,Shaurya Rao,Male,47,Surat,REG-01,2024-12-10,Consumer
CUST-07450,Riya Sharma,Female,31,Imphal,REG-06,2024-08-25,Consumer
CUST-07451,Aditya Singh,Male,28,Pune,REG-01,2024-10-24,Consumer
CUST-07452,Krishna Deshmukh,Male,39,Bangalore,REG-03,2025-07-15,Corporate
CUST-07453,Advik Gupta,Male,22,Mumbai,REG-01,2024-01-24,Consumer
CUST-07454,Angel Mehta,Female,45,Bilaspur,REG-05,2024-12-10,Consumer
CUST-07455,Deepika Bose,Female,22,Nagpur,REG-01,2024-09-01,Consumer
CUST-07456,Meera Patel,Female,22,Nagpur,REG-01,2024-06-19,Consumer
CUST-07457,Anika Bose,Female,23,Visakhapatnam,REG-03,2025-06-06,Consumer
CUST-07458,Dhruv Kapoor,Male,42,Indore,REG-05,2025-03-02,Consumer
CUST-07459,Reyansh Sharma,Male,27,Bhopal,REG-05,2024-04-21,Consumer
CUST-07460,Vikram Menon,Male,19,Hyderabad,REG-03,2023-07-13,Corporate
CUST-07461,Amit Mukherjee,Male,27,Visakhapatnam,REG-03,2023-09-05,Consumer
CUST-07462,Ishaan Mishra,Male,33,Chennai,REG-03,2024-12-21,Consumer
CUST-07463,Sara Mukherjee,Female,21,Imphal,REG-06,2023-03-27,Corporate
CUST-07464,Neha Chopra,Female,21,Shillong,REG-06,2025-03-26,Consumer
CUST-07465,Abhishek Kumar,Male,57,Gwalior,REG-05,2025-07-27,Consumer
CUST-07466,Aadhya Iyer,Female,24,Asansol,REG-04,2023-01-23,Consumer
CUST-07467,Aditya Malhotra,Male,30,Gwalior,REG-05,2023-12-14,Consumer
CUST-07468,Manish Chopra,Male,29,Imphal,REG-06,2023-04-05,Small Business
CUST-07469,Rajesh Trivedi,Male,29,Mumbai,REG-01,2024-01-27,Consumer
CUST-07470,Tanvi Reddy,Female,40,Ludhiana,REG-02,2023-05-26,Consumer
CUST-07471,Dhruv Gupta,Male,44,Ahmedabad,REG-01,2024-04-24,Corporate
CUST-07472,Sara Kapoor,Female,30,Mysore,REG-03,2023-07-19,Consumer
CUST-07473,Amit Singh,Male,20,Guwahati,REG-06,2025-08-09,Consumer
CUST-07474,Rajesh Gupta,Male,48,Ahmedabad,REG-01,2024-03-31,Consumer
CUST-07475,Shreya Joshi,Female,32,Pune,REG-01,2024-05-08,Consumer
CUST-07476,Navya Kulkarni,Other,53,Ranchi,REG-04,2024-05-13,Consumer
CUST-07477,Priyanka Kumar,Female,18,Ludhiana,REG-02,2025-03-09,Small Business
CUST-07478,Simran Kumar,Female,36,Mumbai,REG-01,2024-08-23,Consumer
CUST-07479,Ira Saxena,Female,55,Ujjain,REG-05,2025-04-15,Consumer
CUST-07480,Anand Nair,Male,30,Ranchi,REG-04,2024-11-24,Consumer
CUST-07481,Abhishek Bose,Male,31,Mumbai,REG-01,2025-02-21,Consumer
CUST-07482,Anand Mishra,Male,37,Coimbatore,REG-03,2023-09-10,Consumer
CUST-07483,Ananya Verma,Female,27,Pune,REG-01,2023-05-09,Consumer
CUST-07484,Sneha Nair,Female,30,Surat,REG-01,2023-09-03,Small Business
CUST-07485,Neha Aggarwal,Female,30,Chennai,REG-03,2025-06-16,Consumer
CUST-07486,Reyansh Sharma,Male,27,Bangalore,REG-03,2025-07-19,Corporate
CUST-07487,Shaurya Verma,Male,47,Raipur,REG-05,2024-05-04,Corporate
CUST-07488,Vihaan Pandey,Male,39,Indore,REG-05,2023-01-13,Consumer
CUST-07489,Deepika Nair,Female,36,Kolkata,REG-04,2025-04-18,Consumer
CUST-07490,Reyansh Malhotra,Male,42,Shillong,REG-06,2024-07-13,Corporate
CUST-07491,Kabir Menon,Male,31,Noida,REG-02,2025-05-26,Consumer
CUST-07492,Vihaan Gupta,Male,25,Mysore,REG-03,2025-09-15,Consumer
CUST-07493,Vivaan Reddy,Male,27,Gurgaon,REG-02,2023-12-25,Consumer
CUST-07494,Priyanka Nair,Female,34,Panaji,REG-01,2023-09-21,Consumer
CUST-07495,Pooja Gupta,Female,22,Chennai,REG-03,2025-06-02,Consumer
CUST-07496,Aditya Saxena,Male,28,Vadodara,REG-01,2024-07-23,Consumer
CUST-07497,Kabir Nair,Male,28,Kolkata,REG-04,2024-01-25,Consumer
CUST-07498,Aanya Saxena,Female,57,Ujjain,REG-05,2023-05-01,Corporate
CUST-07499,Deepika Mehta,Female,18,Gwalior,REG-05,2024-11-29,Consumer
CUST-07500,Pooja Joshi,Female,32,Chennai,REG-03,2023-04-19,Consumer
CUST-07501,Arjun Gupta,Male,52,Bhubaneswar,REG-04,2024-05-26,Corporate
CUST-07502,Neha Bose,Female,35,Bangalore,REG-03,2023-07-19,Corporate
CUST-07503,Pooja Mehta,Female,42,Bilaspur,REG-05,2024-05-11,Consumer
CUST-07504,Aditya Bose,Male,35,Trivandrum,REG-03,2025-03-20,Consumer
CUST-07505,Advik Rao,Male,26,Visakhapatnam,REG-03,2024-07-16,Corporate
CUST-07506,Anand Saxena,Male,18,Noida,REG-02,2023-06-07,Corporate
CUST-07507,Rohan Reddy,Male,36,Ludhiana,REG-02,2023-04-04,Consumer
CUST-07508,Amit Pandey,Male,25,Howrah,REG-04,2024-06-07,Consumer
CUST-07509,Myra Rao,Other,25,Ahmedabad,REG-01,2023-07-13,Consumer
CUST-07510,Anushka Iyer,Female,28,Indore,REG-05,2024-09-29,Consumer
CUST-07511,Simran Choudhury,Female,53,Lucknow,REG-02,2023-02-12,Consumer
CUST-07512,Advik Pillai,Male,60,Chandigarh,REG-02,2023-10-28,Corporate
CUST-07513,Navya Iyer,Female,36,Bangalore,REG-03,2023-02-13,Small Business
CUST-07514,Kavya Bhat,Female,28,Cuttack,REG-04,2024-04-08,Consumer
CUST-07515,Vivaan Nair,Male,21,Panaji,REG-01,2023-07-02,Consumer
CUST-07516,Vivaan Gupta,Male,39,Nagpur,REG-01,2025-03-10,Consumer
CUST-07517,Suresh Shah,Male,53,Nagpur,REG-01,2024-07-02,Corporate
CUST-07518,Suresh Rao,Male,31,Hyderabad,REG-03,2023-03-05,Small Business
CUST-07519,Ananya Bhat,Female,18,Noida,REG-02,2025-11-14,Consumer
CUST-07520,Advik Das,Male,41,Vadodara,REG-01,2024-06-05,Corporate
CUST-07521,Atharv Deshmukh,Male,44,Vadodara,REG-01,2025-10-17,Corporate
CUST-07522,Rajesh Reddy,Male,18,Ranchi,REG-04,2024-02-06,Consumer
CUST-07523,Aarav Aggarwal,Male,35,Guwahati,REG-06,2025-04-15,Consumer
CUST-07524,Angel Pillai,Female,38,Coimbatore,REG-03,2023-08-13,Consumer
CUST-07525,Preeti Gupta,Female,33,Mumbai,REG-01,2023-05-09,Consumer
CUST-07526,Ira Mukherjee,Female,25,Silchar,REG-06,2025-02-08,Consumer
CUST-07527,Vihaan Aggarwal,Male,45,Mysore,REG-03,2024-03-17,Corporate
CUST-07528,Krishna Choudhury,Male,29,Asansol,REG-04,2023-04-15,Corporate
CUST-07529,Vivaan Menon,Male,18,Raipur,REG-05,2025-07-24,Consumer
CUST-07530,Pari Pandey,Female,18,Kanpur,REG-02,2024-12-10,Consumer
CUST-07531,Angel Mehta,Female,47,Mysore,REG-03,2025-03-20,Consumer
CUST-07532,Shaurya Deshmukh,Male,40,Kolkata,REG-04,2023-06-20,Corporate
CUST-07533,Deepak Kulkarni,Male,34,Mumbai,REG-01,2024-11-22,Consumer
CUST-07534,Anika Menon,Female,29,Kanpur,REG-02,2025-10-01,Consumer
CUST-07535,Aditi Trivedi,Female,28,Jaipur,REG-02,2024-11-25,Consumer
CUST-07536,Aditya Joshi,Male,22,Surat,REG-01,2024-01-20,Consumer
CUST-07537,Aditi Kapoor,Female,29,Coimbatore,REG-03,2023-04-07,Corporate
CUST-07538,Kabir Mukherjee,Male,18,Kochi,REG-03,2023-01-21,Corporate
CUST-07539,Arjun Kumar,Male,25,Visakhapatnam,REG-03,2025-02-04,Consumer
CUST-07540,Aarohi Aggarwal,Female,30,Kolkata,REG-04,2024-05-07,Consumer
CUST-07541,Neha Pandey,Female,40,Mumbai,REG-01,2024-07-28,Consumer
CUST-07542,Deepak Pandey,Male,33,Raipur,REG-05,2024-09-25,Corporate
CUST-07543,Shreya Pillai,Female,42,Bangalore,REG-03,2023-08-06,Corporate
CUST-07544,Shaurya Mukherjee,Male,48,Delhi,REG-02,2023-10-31,Corporate
CUST-07545,Dhruv Verma,Male,45,Bangalore,REG-03,2024-10-27,Consumer
CUST-07546,Deepak Deshmukh,Male,39,Cuttack,REG-04,2023-01-15,Consumer
CUST-07547,Vikram Mishra,Male,34,Pune,REG-01,2025-11-23,Corporate
CUST-07548,Kavya Trivedi,Female,23,Lucknow,REG-02,2025-02-18,Consumer
CUST-07549,Kavya Patel,Female,42,Lucknow,REG-02,2025-03-07,Small Business
CUST-07550,Riya Trivedi,Female,52,Nashik,REG-01,2024-10-13,Consumer
CUST-07551,Deepak Malhotra,Male,37,Coimbatore,REG-03,2024-01-04,Consumer
CUST-07552,Sara Mishra,Female,55,Ludhiana,REG-02,2023-06-30,Consumer
CUST-07553,Suresh Singh,Male,18,Gurgaon,REG-02,2025-06-29,Corporate
CUST-07554,Atharv Verma,Male,21,Asansol,REG-04,2025-08-25,Consumer
CUST-07555,Shaurya Mukherjee,Male,43,Vadodara,REG-01,2023-06-14,Consumer
CUST-07556,Preeti Choudhury,Female,36,Gwalior,REG-05,2025-02-28,Consumer
CUST-07557,Anushka Joshi,Female,48,Bhopal,REG-05,2024-04-07,Corporate
CUST-07558,Rahul Gupta,Male,33,Bangalore,REG-03,2025-06-16,Small Business
CUST-07559,Aadhya Iyer,Female,24,Bhopal,REG-05,2023-07-27,Consumer
CUST-07560,Simran Malhotra,Female,31,Asansol,REG-04,2024-09-26,Consumer
CUST-07561,Pooja Kumar,Other,18,Chennai,REG-03,2024-09-28,Consumer
CUST-07562,Ishaan Kulkarni,Male,21,Kochi,REG-03,2025-01-02,Corporate
CUST-07563,Pari Gupta,Female,44,Gurgaon,REG-02,2025-09-13,Small Business
CUST-07564,Kabir Malhotra,Male,43,Kochi,REG-03,2024-09-18,Consumer
CUST-07565,Advik Kapoor,Male,37,Kochi,REG-03,2024-01-01,Corporate
CUST-07566,Aanya Mishra,Female,18,Raipur,REG-05,2024-08-29,Small Business
CUST-07567,Pranav Mehta,Male,30,Kochi,REG-03,2023-04-28,Corporate
CUST-07568,Deepak Sharma,Male,20,Chennai,REG-03,2025-10-22,Corporate
CUST-07569,Sunita Nair,Female,46,Kanpur,REG-02,2023-05-20,Consumer
CUST-07570,Sara Mehta,Female,27,Mumbai,REG-01,2024-03-17,Consumer
CUST-07571,Manish Kumar,Male,22,Kanpur,REG-02,2023-09-30,Consumer
CUST-07572,Meera Kapoor,Female,34,Hyderabad,REG-03,2023-02-22,Consumer
CUST-07573,Preeti Pillai,Female,26,Agartala,REG-06,2025-02-04,Consumer
CUST-07574,Tanvi Nair,Female,50,Noida,REG-02,2024-12-06,Consumer
CUST-07575,Tanvi Bose,Female,25,Bangalore,REG-03,2025-02-05,Corporate
CUST-07576,Riya Joshi,Female,18,Gurgaon,REG-02,2023-02-14,Consumer
CUST-07577,Rohan Pillai,Male,18,Surat,REG-01,2023-02-14,Consumer
CUST-07578,Vihaan Choudhury,Male,33,Nashik,REG-01,2025-03-14,Consumer
CUST-07579,Anand Deshmukh,Male,27,Surat,REG-01,2023-11-09,Corporate
CUST-07580,Vikram Gupta,Male,18,Patna,REG-04,2024-04-10,Consumer
CUST-07581,Riya Shah,Female,47,Ludhiana,REG-02,2025-09-01,Consumer
CUST-07582,Advik Bose,Male,41,Raipur,REG-05,2024-02-23,Corporate
CUST-07583,Nikhil Iyer,Male,33,Hyderabad,REG-03,2025-05-07,Consumer
CUST-07584,Sneha Rao,Female,49,Ranchi,REG-04,2025-06-22,Consumer
CUST-07585,Swati Iyer,Female,41,Jaipur,REG-02,2024-11-24,Consumer
CUST-07586,Atharv Bose,Male,24,Bhubaneswar,REG-04,2023-06-29,Corporate
CUST-07587,Angel Singh,Female,22,Lucknow,REG-02,2024-06-27,Consumer
CUST-07588,Preeti Kapoor,Female,42,Mysore,REG-03,2023-07-06,Consumer
CUST-07589,Anand Bhat,Male,38,Kochi,REG-03,2024-10-30,Consumer
CUST-07590,Riya Bhat,Female,35,Chandigarh,REG-02,2023-05-20,Consumer
CUST-07591,Riya Malhotra,Female,24,Coimbatore,REG-03,2025-06-30,Small Business
CUST-07592,Neha Deshmukh,Female,40,Chennai,REG-03,2023-02-07,Consumer
CUST-07593,Avani Mishra,Female,25,Asansol,REG-04,2024-01-02,Consumer
CUST-07594,Kavya Verma,Female,32,Bilaspur,REG-05,2025-11-01,Corporate
CUST-07595,Avani Malhotra,Female,49,Bhubaneswar,REG-04,2023-12-24,Small Business
CUST-07596,Suresh Sharma,Male,26,Mysore,REG-03,2025-08-21,Consumer
CUST-07597,Sai Singh,Male,18,Ranchi,REG-04,2024-03-04,Consumer
CUST-07598,Aditya Rao,Male,22,Asansol,REG-04,2024-10-13,Corporate
CUST-07599,Aditya Singh,Male,44,Pune,REG-01,2024-04-23,Consumer
CUST-07600,Vikram Bhat,Male,36,Visakhapatnam,REG-03,2023-04-07,Consumer
CUST-07601,Kavya Malhotra,Female,32,Mysore,REG-03,2023-08-10,Small Business
CUST-07602,Gaurav Mukherjee,Male,28,Asansol,REG-04,2023-07-29,Consumer
CUST-07603,Meera Joshi,Female,39,Trivandrum,REG-03,2025-08-06,Consumer
CUST-07604,Anushka Aggarwal,Other,24,Gurgaon,REG-02,2024-01-12,Consumer
CUST-07605,Arjun Nair,Male,37,Agartala,REG-06,2024-11-16,Consumer
CUST-07606,Meera Das,Female,25,Ludhiana,REG-02,2025-07-15,Small Business
CUST-07607,Anika Shah,Female,24,Kanpur,REG-02,2024-05-03,Consumer
CUST-07608,Pari Kumar,Female,26,Ranchi,REG-04,2023-09-12,Consumer
CUST-07609,Sneha Verma,Female,29,Pune,REG-01,2024-07-23,Consumer
CUST-07610,Manish Menon,Male,33,Agartala,REG-06,2025-06-25,Small Business
CUST-07611,Karan Chopra,Male,36,Ludhiana,REG-02,2024-05-20,Consumer
CUST-07612,Ananya Rao,Female,18,Pune,REG-01,2024-01-21,Consumer
CUST-07613,Aadhya Rao,Female,25,Howrah,REG-04,2024-05-08,Consumer
CUST-07614,Meera Nair,Female,29,Kochi,REG-03,2025-01-03,Consumer
CUST-07615,Sneha Nair,Female,50,Ludhiana,REG-02,2024-02-27,Consumer
CUST-07616,Deepak Trivedi,Other,22,Chandigarh,REG-02,2024-11-16,Consumer
CUST-07617,Abhishek Kapoor,Male,35,Mumbai,REG-01,2023-10-22,Consumer
CUST-07618,Karan Das,Male,50,Mysore,REG-03,2023-03-01,Consumer
CUST-07619,Deepak Pandey,Male,19,Vadodara,REG-01,2025-08-15,Consumer
CUST-07620,Simran Mukherjee,Female,38,Nagpur,REG-01,2024-08-18,Consumer
CUST-07621,Aadhya Trivedi,Other,25,Visakhapatnam,REG-03,2023-12-30,Small Business
CUST-07622,Ishaan Bose,Male,28,Indore,REG-05,2023-06-18,Consumer
CUST-07623,Angel Saxena,Female,25,Mumbai,REG-01,2023-12-20,Consumer
CUST-07624,Shreya Pillai,Female,25,Cuttack,REG-04,2025-11-22,Consumer
CUST-07625,Arjun Verma,Male,63,Pune,REG-01,2024-11-29,Consumer
CUST-07626,Sara Malhotra,Other,43,Chennai,REG-03,2024-03-06,Consumer
CUST-07627,Shaurya Iyer,Male,46,Bilaspur,REG-05,2025-03-05,Consumer
CUST-07628,Ayaan Kulkarni,Male,39,Nashik,REG-01,2025-10-17,Consumer
CUST-07629,Vivaan Menon,Male,18,Ahmedabad,REG-01,2023-11-21,Small Business
CUST-07630,Dhruv Reddy,Male,38,Ludhiana,REG-02,2025-11-09,Corporate
CUST-07631,Pranav Deshmukh,Male,45,Silchar,REG-06,2024-09-26,Consumer
CUST-07632,Advaith Patel,Other,24,Asansol,REG-04,2024-03-03,Consumer
CUST-07633,Ananya Shah,Other,44,Mysore,REG-03,2024-06-11,Consumer
CUST-07634,Sunita Kulkarni,Female,41,Panaji,REG-01,2024-12-03,Consumer
CUST-07635,Pranav Trivedi,Male,54,Asansol,REG-04,2024-11-29,Consumer
CUST-07636,Pooja Singh,Female,29,Surat,REG-01,2023-07-10,Small Business
CUST-07637,Sunita Patel,Female,21,Panaji,REG-01,2025-10-23,Consumer
CUST-07638,Manish Das,Male,30,Surat,REG-01,2023-02-12,Consumer
CUST-07639,Vihaan Singh,Male,49,Ujjain,REG-05,2024-11-06,Consumer
CUST-07640,Avani Trivedi,Female,18,Nashik,REG-01,2024-01-17,Corporate
CUST-07641,Abhishek Aggarwal,Male,18,Bhubaneswar,REG-04,2025-08-18,Consumer
CUST-07642,Avani Patel,Female,34,Pune,REG-01,2025-02-04,Corporate
CUST-07643,Kavya Saxena,Female,29,Visakhapatnam,REG-03,2024-03-07,Consumer
CUST-07644,Ishaan Kumar,Male,34,Chandigarh,REG-02,2024-10-11,Consumer
CUST-07645,Sunita Reddy,Female,44,Coimbatore,REG-03,2025-05-25,Consumer
CUST-07646,Reyansh Aggarwal,Male,27,Mumbai,REG-01,2023-01-30,Consumer
CUST-07647,Anand Joshi,Male,18,Visakhapatnam,REG-03,2023-10-04,Consumer
CUST-07648,Anushka Saxena,Female,56,Delhi,REG-02,2024-01-19,Consumer
CUST-07649,Arjun Bose,Male,23,Noida,REG-02,2023-01-14,Consumer
CUST-07650,Avani Pandey,Female,22,Mumbai,REG-01,2025-09-27,Consumer
CUST-07651,Swati Choudhury,Female,46,Bilaspur,REG-05,2024-09-21,Consumer
CUST-07652,Advik Kapoor,Male,29,Mysore,REG-03,2023-01-06,Corporate
CUST-07653,Aarohi Pillai,Female,33,Howrah,REG-04,2024-07-01,Consumer
CUST-07654,Anushka Reddy,Female,39,Gurgaon,REG-02,2024-01-22,Consumer
CUST-07655,Pari Patel,Female,45,Ujjain,REG-05,2023-09-05,Corporate
CUST-07656,Saanvi Sharma,Other,30,Bangalore,REG-03,2023-03-24,Consumer
CUST-07657,Arjun Verma,Male,50,Gurgaon,REG-02,2023-12-08,Consumer
CUST-07658,Neha Aggarwal,Female,18,Delhi,REG-02,2023-03-04,Consumer
CUST-07659,Karan Deshmukh,Male,42,Mumbai,REG-01,2023-07-08,Consumer
CUST-07660,Pari Nair,Female,24,Asansol,REG-04,2024-12-22,Corporate
CUST-07661,Aarohi Menon,Female,49,Nashik,REG-01,2024-01-28,Consumer
CUST-07662,Kavya Chopra,Female,35,Nagpur,REG-01,2025-11-20,Consumer
CUST-07663,Sara Deshmukh,Female,26,Asansol,REG-04,2023-03-21,Consumer
CUST-07664,Anika Mehta,Female,41,Lucknow,REG-02,2024-12-14,Consumer
CUST-07665,Sunita Mishra,Female,43,Kanpur,REG-02,2024-02-13,Consumer
CUST-07666,Gaurav Verma,Male,41,Bilaspur,REG-05,2024-12-16,Consumer
CUST-07667,Swati Patel,Female,22,Trivandrum,REG-03,2024-06-10,Corporate
CUST-07668,Myra Mukherjee,Female,28,Jabalpur,REG-05,2025-05-01,Consumer
CUST-07669,Amit Shah,Male,33,Coimbatore,REG-03,2025-04-23,Consumer
CUST-07670,Angel Kumar,Female,33,Bhubaneswar,REG-04,2023-01-18,Consumer
CUST-07671,Simran Sharma,Female,42,Bhopal,REG-05,2024-03-09,Corporate
CUST-07672,Angel Gupta,Female,18,Chandigarh,REG-02,2025-09-28,Corporate
CUST-07673,Dhruv Reddy,Male,37,Hyderabad,REG-03,2024-01-26,Small Business
CUST-07674,Karan Choudhury,Male,30,Dibrugarh,REG-06,2024-04-01,Consumer
CUST-07675,Nikhil Trivedi,Male,24,Ahmedabad,REG-01,2024-03-04,Corporate
CUST-07676,Vivaan Mehta,Male,25,Noida,REG-02,2025-08-22,Consumer
CUST-07677,Rohan Mukherjee,Male,31,Imphal,REG-06,2023-06-10,Consumer
CUST-07678,Aanya Sharma,Female,18,Gwalior,REG-05,2023-06-26,Corporate
CUST-07679,Abhishek Bose,Male,26,Vadodara,REG-01,2025-10-20,Consumer
CUST-07680,Reyansh Kapoor,Male,24,Agartala,REG-06,2025-11-06,Consumer
CUST-07681,Vivaan Singh,Male,39,Kanpur,REG-02,2024-04-06,Consumer
CUST-07682,Suresh Joshi,Male,25,Bangalore,REG-03,2023-02-08,Consumer
CUST-07683,Nikhil Chopra,Male,31,Noida,REG-02,2024-03-10,Consumer
CUST-07684,Navya Choudhury,Female,50,Patna,REG-04,2024-01-30,Consumer
CUST-07685,Pooja Nair,Female,44,Kanpur,REG-02,2024-10-16,Consumer
CUST-07686,Deepika Rao,Female,43,Panaji,REG-01,2024-09-02,Corporate
CUST-07687,Diya Kumar,Female,28,Hyderabad,REG-03,2025-04-05,Corporate
CUST-07688,Deepak Verma,Other,39,Nashik,REG-01,2024-05-26,Consumer
CUST-07689,Shreya Verma,Female,31,Nagpur,REG-01,2025-01-10,Consumer
CUST-07690,Ishaan Saxena,Male,31,Cuttack,REG-04,2025-09-23,Consumer
CUST-07691,Ayaan Patel,Male,38,Hyderabad,REG-03,2025-03-05,Consumer
CUST-07692,Avani Chopra,Female,27,Delhi,REG-02,2025-06-08,Consumer
CUST-07693,Kabir Mukherjee,Male,50,Trivandrum,REG-03,2023-01-22,Consumer
CUST-07694,Advik Mishra,Male,32,Bhopal,REG-05,2024-01-18,Consumer
CUST-07695,Aditya Aggarwal,Male,40,Nashik,REG-01,2024-10-03,Consumer
CUST-07696,Atharv Rao,Male,50,Kolkata,REG-04,2025-10-06,Consumer
CUST-07697,Avani Bose,Other,45,Vadodara,REG-01,2023-10-03,Consumer
CUST-07698,Neha Mehta,Female,18,Trivandrum,REG-03,2023-09-03,Consumer
CUST-07699,Advik Rao,Male,38,Chandigarh,REG-02,2024-10-11,Consumer
CUST-07700,Ira Shah,Female,43,Gurgaon,REG-02,2023-12-20,Consumer
CUST-07701,Tanvi Pillai,Female,43,Gwalior,REG-05,2023-11-10,Consumer
CUST-07702,Nikhil Reddy,Male,21,Surat,REG-01,2024-12-17,Consumer
CUST-07703,Anushka Rao,Female,26,Bhubaneswar,REG-04,2025-04-10,Consumer
CUST-07704,Angel Choudhury,Female,44,Noida,REG-02,2023-03-22,Consumer
CUST-07705,Ayaan Iyer,Male,25,Silchar,REG-06,2024-05-06,Small Business
CUST-07706,Simran Menon,Female,30,Jabalpur,REG-05,2023-12-02,Small Business
CUST-07707,Aditi Shah,Female,51,Lucknow,REG-02,2024-08-13,Consumer
CUST-07708,Shreya Kapoor,Female,33,Patna,REG-04,2025-10-24,Consumer
CUST-07709,Ira Malhotra,Female,26,Ludhiana,REG-02,2025-07-14,Consumer
CUST-07710,Ayaan Iyer,Male,24,Mumbai,REG-01,2025-10-03,Corporate
CUST-07711,Dhruv Iyer,Male,37,Chandigarh,REG-02,2023-08-05,Consumer
CUST-07712,Sneha Nair,Female,19,Bangalore,REG-03,2023-02-06,Corporate
CUST-07713,Aarav Trivedi,Male,31,Patna,REG-04,2024-05-04,Consumer
CUST-07714,Deepika Kumar,Female,37,Bhubaneswar,REG-04,2023-02-07,Consumer
CUST-07715,Aditya Choudhury,Male,48,Patna,REG-04,2023-11-28,Consumer
CUST-07716,Pooja Mishra,Female,41,Kolkata,REG-04,2023-11-04,Consumer
CUST-07717,Arjun Nair,Male,26,Ludhiana,REG-02,2025-05-11,Small Business
CUST-07718,Aditya Bhat,Male,46,Howrah,REG-04,2024-09-27,Consumer
CUST-07719,Aarohi Joshi,Female,30,Bilaspur,REG-05,2024-02-06,Consumer
CUST-07720,Shaurya Das,Male,20,Bhubaneswar,REG-04,2025-09-25,Corporate
CUST-07721,Deepika Pillai,Female,32,Nashik,REG-01,2023-09-01,Consumer
CUST-07722,Priyanka Menon,Female,49,Surat,REG-01,2024-04-01,Small Business
CUST-07723,Simran Choudhury,Female,35,Kanpur,REG-02,2023-09-06,Consumer
CUST-07724,Aditi Menon,Female,34,Chennai,REG-03,2023-10-05,Consumer
CUST-07725,Vikram Pillai,Male,52,Ahmedabad,REG-01,2025-07-26,Corporate
CUST-07726,Shreya Pandey,Female,18,Trivandrum,REG-03,2025-02-10,Consumer
CUST-07727,Aditi Iyer,Female,19,Bilaspur,REG-05,2025-05-18,Consumer
CUST-07728,Avani Malhotra,Female,18,Silchar,REG-06,2025-08-08,Consumer
CUST-07729,Suresh Malhotra,Male,38,Howrah,REG-04,2025-11-04,Consumer
CUST-07730,Myra Verma,Female,35,Ranchi,REG-04,2023-09-30,Consumer
CUST-07731,Tanvi Kulkarni,Female,50,Surat,REG-01,2024-05-04,Consumer
CUST-07732,Anushka Patel,Female,36,Bilaspur,REG-05,2023-12-26,Consumer
CUST-07733,Ira Pandey,Female,29,Delhi,REG-02,2025-07-03,Consumer
CUST-07734,Sunita Joshi,Female,34,Kanpur,REG-02,2023-01-07,Corporate
CUST-07735,Ananya Patel,Female,35,Shillong,REG-06,2023-10-05,Consumer
CUST-07736,Amit Chopra,Male,18,Visakhapatnam,REG-03,2023-12-09,Corporate
CUST-07737,Abhishek Sharma,Male,63,Dibrugarh,REG-06,2023-11-17,Consumer
CUST-07738,Myra Menon,Female,39,Asansol,REG-04,2025-10-20,Consumer
CUST-07739,Aanya Bhat,Female,36,Kochi,REG-03,2025-10-17,Corporate
CUST-07740,Vikram Choudhury,Male,40,Chennai,REG-03,2023-01-21,Consumer
CUST-07741,Anand Kapoor,Male,41,Vadodara,REG-01,2024-04-05,Corporate
CUST-07742,Aditya Pillai,Male,32,Bhubaneswar,REG-04,2025-07-19,Consumer
CUST-07743,Sunita Iyer,Female,27,Trivandrum,REG-03,2025-09-26,Consumer
CUST-07744,Tanvi Menon,Female,40,Panaji,REG-01,2025-02-11,Consumer
CUST-07745,Atharv Pandey,Male,38,Howrah,REG-04,2023-04-07,Small Business
CUST-07746,Pranav Shah,Male,25,Nagpur,REG-01,2025-07-21,Consumer
CUST-07747,Vikram Bose,Male,49,Nashik,REG-01,2023-04-27,Consumer
CUST-07748,Ananya Mishra,Female,37,Nagpur,REG-01,2025-05-18,Consumer
CUST-07749,Karan Das,Male,42,Nashik,REG-01,2023-09-01,Consumer
CUST-07750,Rajesh Chopra,Male,49,Cuttack,REG-04,2023-11-22,Consumer
CUST-07751,Rajesh Patel,Male,34,Ujjain,REG-05,2023-02-15,Consumer
CUST-07752,Vihaan Rao,Male,37,Trivandrum,REG-03,2023-03-08,Consumer
CUST-07753,Ishaan Bose,Male,42,Pune,REG-01,2025-08-28,Consumer
CUST-07754,Dhruv Trivedi,Male,26,Kolkata,REG-04,2024-07-25,Consumer
CUST-07755,Sara Iyer,Female,34,Gurgaon,REG-02,2024-05-21,Corporate
CUST-07756,Myra Joshi,Female,35,Trivandrum,REG-03,2024-09-09,Corporate
CUST-07757,Amit Mukherjee,Male,23,Delhi,REG-02,2024-02-07,Consumer
CUST-07758,Pranav Aggarwal,Male,59,Kanpur,REG-02,2024-11-12,Consumer
CUST-07759,Ishaan Nair,Male,18,Ahmedabad,REG-01,2024-10-11,Corporate
CUST-07760,Rahul Patel,Male,19,Lucknow,REG-02,2025-03-25,Consumer
CUST-07761,Advik Kapoor,Male,48,Kanpur,REG-02,2025-09-09,Consumer
CUST-07762,Simran Mishra,Female,41,Pune,REG-01,2024-09-24,Corporate
CUST-07763,Karan Nair,Male,22,Trivandrum,REG-03,2024-07-16,Corporate
CUST-07764,Gaurav Chopra,Male,40,Mumbai,REG-01,2023-02-05,Consumer
CUST-07765,Atharv Choudhury,Male,50,Asansol,REG-04,2024-07-21,Consumer
CUST-07766,Anika Das,Female,33,Vadodara,REG-01,2025-04-07,Consumer
CUST-07767,Anika Singh,Female,62,Bhopal,REG-05,2023-04-11,Consumer
CUST-07768,Neha Mehta,Female,18,Jabalpur,REG-05,2024-07-27,Small Business
CUST-07769,Kabir Nair,Male,41,Howrah,REG-04,2023-02-22,Corporate
CUST-07770,Neha Saxena,Female,46,Mumbai,REG-01,2025-01-12,Consumer
CUST-07771,Ira Mishra,Female,43,Ahmedabad,REG-01,2024-05-14,Corporate
CUST-07772,Ananya Chopra,Female,31,Kochi,REG-03,2023-10-02,Corporate
CUST-07773,Dhruv Choudhury,Male,30,Kolkata,REG-04,2023-12-12,Consumer
CUST-07774,Meera Mehta,Female,38,Surat,REG-01,2023-01-06,Corporate
CUST-07775,Karan Reddy,Male,42,Kolkata,REG-04,2025-11-15,Consumer
CUST-07776,Deepika Das,Female,40,Panaji,REG-01,2023-08-26,Consumer
CUST-07777,Riya Deshmukh,Female,45,Kanpur,REG-02,2023-01-17,Consumer
CUST-07778,Aarohi Kulkarni,Female,22,Ahmedabad,REG-01,2024-04-30,Consumer
CUST-07779,Amit Pillai,Other,31,Surat,REG-01,2025-01-10,Consumer
CUST-07780,Navya Joshi,Female,23,Ludhiana,REG-02,2023-10-09,Consumer
CUST-07781,Avani Pandey,Other,29,Coimbatore,REG-03,2023-02-27,Consumer
CUST-07782,Rajesh Deshmukh,Male,45,Chennai,REG-03,2025-05-28,Consumer
CUST-07783,Priyanka Rao,Female,35,Ahmedabad,REG-01,2024-08-17,Consumer
CUST-07784,Simran Shah,Female,62,Surat,REG-01,2025-02-07,Consumer
CUST-07785,Reyansh Bhat,Male,36,Chandigarh,REG-02,2025-06-18,Corporate
CUST-07786,Suresh Kumar,Male,34,Ahmedabad,REG-01,2023-10-10,Consumer
CUST-07787,Anika Deshmukh,Female,35,Silchar,REG-06,2024-03-15,Consumer
CUST-07788,Pari Chopra,Female,26,Vadodara,REG-01,2024-12-02,Small Business
CUST-07789,Tanvi Kulkarni,Female,33,Silchar,REG-06,2024-07-27,Consumer
CUST-07790,Angel Nair,Female,46,Noida,REG-02,2025-06-25,Consumer
CUST-07791,Krishna Patel,Male,35,Nashik,REG-01,2024-09-05,Consumer
CUST-07792,Suresh Chopra,Male,25,Panaji,REG-01,2024-03-20,Consumer
CUST-07793,Arjun Nair,Male,23,Chandigarh,REG-02,2024-04-20,Consumer
CUST-07794,Rahul Pillai,Male,29,Delhi,REG-02,2025-07-09,Consumer
CUST-07795,Angel Kulkarni,Female,34,Pune,REG-01,2024-10-21,Consumer
CUST-07796,Pranav Mukherjee,Male,47,Mumbai,REG-01,2023-08-01,Consumer
CUST-07797,Pari Sharma,Female,19,Ludhiana,REG-02,2025-06-27,Small Business
CUST-07798,Karan Iyer,Male,30,Visakhapatnam,REG-03,2023-12-04,Consumer
CUST-07799,Arjun Mukherjee,Male,35,Ahmedabad,REG-01,2025-11-28,Corporate
CUST-07800,Shreya Reddy,Female,18,Nagpur,REG-01,2023-10-01,Corporate
CUST-07801,Pooja Mishra,Female,24,Ahmedabad,REG-01,2023-02-13,Corporate
CUST-07802,Preeti Sharma,Female,26,Hyderabad,REG-03,2023-12-17,Small Business
CUST-07803,Ananya Joshi,Female,25,Pune,REG-01,2023-01-09,Consumer
CUST-07804,Angel Menon,Female,36,Panaji,REG-01,2024-06-14,Consumer
CUST-07805,Vivaan Choudhury,Male,32,Ahmedabad,REG-01,2023-01-24,Consumer
CUST-07806,Aarav Saxena,Male,27,Hyderabad,REG-03,2023-12-13,Consumer
CUST-07807,Aditi Singh,Female,38,Ujjain,REG-05,2025-08-07,Consumer
CUST-07808,Simran Bhat,Female,52,Indore,REG-05,2024-11-12,Corporate
CUST-07809,Meera Malhotra,Female,52,Surat,REG-01,2023-12-12,Consumer
CUST-07810,Sai Pandey,Male,18,Mumbai,REG-01,2023-01-10,Corporate
CUST-07811,Amit Verma,Male,40,Nashik,REG-01,2023-08-02,Consumer
CUST-07812,Aanya Trivedi,Female,32,Jaipur,REG-02,2023-10-31,Consumer
CUST-07813,Kabir Trivedi,Male,35,Silchar,REG-06,2025-01-26,Corporate
CUST-07814,Anand Verma,Male,29,Chennai,REG-03,2025-01-03,Consumer
CUST-07815,Amit Mishra,Male,35,Trivandrum,REG-03,2023-04-04,Consumer
CUST-07816,Priyanka Aggarwal,Female,35,Chandigarh,REG-02,2024-07-28,Small Business
CUST-07817,Advaith Mehta,Male,27,Delhi,REG-02,2024-04-25,Consumer
CUST-07818,Sneha Choudhury,Female,24,Visakhapatnam,REG-03,2023-09-15,Consumer
CUST-07819,Aditi Malhotra,Female,29,Asansol,REG-04,2023-08-05,Consumer
CUST-07820,Kavya Bhat,Female,36,Lucknow,REG-02,2024-07-05,Corporate
CUST-07821,Neha Shah,Female,40,Visakhapatnam,REG-03,2025-05-23,Consumer
CUST-07822,Ishaan Malhotra,Male,43,Ujjain,REG-05,2024-11-26,Consumer
CUST-07823,Priyanka Menon,Female,28,Ujjain,REG-05,2025-09-20,Consumer
CUST-07824,Avani Malhotra,Female,37,Jabalpur,REG-05,2023-04-16,Consumer
CUST-07825,Angel Saxena,Other,44,Mumbai,REG-01,2024-04-20,Consumer
CUST-07826,Gaurav Reddy,Male,46,Gwalior,REG-05,2023-11-01,Consumer
CUST-07827,Pari Gupta,Female,33,Jaipur,REG-02,2023-06-27,Consumer
CUST-07828,Meera Shah,Female,31,Trivandrum,REG-03,2025-05-11,Consumer
CUST-07829,Shreya Kapoor,Female,36,Lucknow,REG-02,2025-08-12,Consumer
CUST-07830,Shaurya Iyer,Male,21,Pune,REG-01,2023-08-19,Corporate
CUST-07831,Tanvi Bhat,Female,31,Mysore,REG-03,2024-06-09,Consumer
CUST-07832,Priyanka Singh,Female,42,Ranchi,REG-04,2024-10-28,Consumer
CUST-07833,Dhruv Gupta,Male,41,Nagpur,REG-01,2025-05-16,Consumer
CUST-07834,Ayaan Patel,Male,31,Nashik,REG-01,2024-06-24,Consumer
CUST-07835,Saanvi Aggarwal,Female,36,Mumbai,REG-01,2023-08-28,Corporate
CUST-07836,Pranav Reddy,Male,24,Hyderabad,REG-03,2024-07-14,Corporate
CUST-07837,Advik Joshi,Male,41,Cuttack,REG-04,2024-10-05,Consumer
CUST-07838,Amit Malhotra,Male,33,Visakhapatnam,REG-03,2025-10-22,Consumer
CUST-07839,Shaurya Patel,Male,30,Silchar,REG-06,2023-08-19,Consumer
CUST-07840,Ira Pillai,Female,30,Bangalore,REG-03,2024-03-13,Consumer
CUST-07841,Angel Rao,Female,33,Shillong,REG-06,2023-02-28,Small Business
CUST-07842,Krishna Verma,Male,29,Chennai,REG-03,2023-03-10,Small Business
CUST-07843,Shaurya Bose,Male,41,Chennai,REG-03,2024-03-18,Consumer
CUST-07844,Sunita Gupta,Female,29,Nashik,REG-01,2023-12-11,Consumer
CUST-07845,Aarav Menon,Male,51,Bilaspur,REG-05,2024-05-01,Consumer
CUST-07846,Aarav Chopra,Male,50,Bangalore,REG-03,2025-05-31,Consumer
CUST-07847,Vivaan Bose,Male,24,Delhi,REG-02,2023-08-03,Consumer
CUST-07848,Vihaan Sharma,Male,34,Bhubaneswar,REG-04,2023-11-29,Corporate
CUST-07849,Advik Chopra,Male,26,Nashik,REG-01,2024-08-15,Consumer
CUST-07850,Atharv Aggarwal,Male,30,Kochi,REG-03,2023-06-24,Consumer
CUST-07851,Meera Mukherjee,Female,56,Jaipur,REG-02,2024-06-08,Corporate
CUST-07852,Angel Shah,Female,30,Noida,REG-02,2023-10-30,Corporate
CUST-07853,Rohan Bhat,Male,37,Kolkata,REG-04,2025-08-18,Consumer
CUST-07854,Meera Rao,Female,39,Bilaspur,REG-05,2024-05-03,Consumer
CUST-07855,Advaith Verma,Male,22,Kochi,REG-03,2023-02-16,Consumer
CUST-07856,Aarohi Deshmukh,Female,24,Patna,REG-04,2024-05-26,Small Business
CUST-07857,Shaurya Shah,Male,20,Chennai,REG-03,2023-06-23,Consumer
CUST-07858,Priyanka Kapoor,Female,24,Nashik,REG-01,2025-08-06,Consumer
CUST-07859,Preeti Mehta,Female,18,Visakhapatnam,REG-03,2025-10-26,Corporate
CUST-07860,Krishna Bose,Male,39,Delhi,REG-02,2023-05-06,Consumer
CUST-07861,Ananya Saxena,Female,56,Silchar,REG-06,2025-06-27,Corporate
CUST-07862,Aditya Kumar,Male,35,Chandigarh,REG-02,2024-12-17,Consumer
CUST-07863,Avani Pillai,Female,18,Mysore,REG-03,2023-06-29,Consumer
CUST-07864,Rahul Mishra,Male,26,Bhopal,REG-05,2023-05-17,Small Business
CUST-07865,Angel Sharma,Female,28,Cuttack,REG-04,2023-02-13,Consumer
CUST-07866,Diya Iyer,Female,22,Jabalpur,REG-05,2023-12-15,Consumer
CUST-07867,Ananya Pandey,Female,43,Panaji,REG-01,2024-05-19,Consumer
CUST-07868,Avani Pandey,Female,42,Asansol,REG-04,2024-03-20,Corporate
CUST-07869,Aditi Shah,Female,21,Visakhapatnam,REG-03,2025-04-06,Consumer
CUST-07870,Atharv Aggarwal,Male,41,Vadodara,REG-01,2024-09-01,Consumer
CUST-07871,Navya Mehta,Female,50,Ujjain,REG-05,2024-10-18,Consumer
CUST-07872,Saanvi Bose,Female,54,Raipur,REG-05,2023-05-15,Consumer
CUST-07873,Atharv Menon,Male,65,Nashik,REG-01,2025-06-15,Consumer
CUST-07874,Shaurya Verma,Male,24,Trivandrum,REG-03,2025-11-13,Consumer
CUST-07875,Arjun Singh,Male,65,Kanpur,REG-02,2025-04-30,Consumer
CUST-07876,Priyanka Kapoor,Female,30,Ahmedabad,REG-01,2025-05-09,Consumer
CUST-07877,Amit Deshmukh,Male,27,Nagpur,REG-01,2024-12-04,Consumer
CUST-07878,Abhishek Gupta,Male,37,Nagpur,REG-01,2023-07-21,Consumer
CUST-07879,Angel Singh,Female,27,Asansol,REG-04,2023-01-12,Consumer
CUST-07880,Meera Rao,Other,38,Surat,REG-01,2023-09-29,Consumer
CUST-07881,Aanya Kumar,Female,19,Lucknow,REG-02,2023-03-30,Consumer
CUST-07882,Sneha Bose,Other,31,Chandigarh,REG-02,2023-02-04,Corporate
CUST-07883,Deepak Menon,Male,48,Agartala,REG-06,2024-03-26,Consumer
CUST-07884,Myra Bose,Female,33,Lucknow,REG-02,2024-10-25,Corporate
CUST-07885,Gaurav Choudhury,Male,35,Visakhapatnam,REG-03,2024-11-26,Consumer
CUST-07886,Kabir Nair,Male,39,Kochi,REG-03,2024-05-01,Consumer
CUST-07887,Aarohi Joshi,Female,46,Nagpur,REG-01,2024-06-02,Consumer
CUST-07888,Tanvi Patel,Female,18,Lucknow,REG-02,2024-03-04,Consumer
CUST-07889,Arjun Kumar,Male,40,Mumbai,REG-01,2025-08-13,Consumer
CUST-07890,Karan Patel,Male,31,Asansol,REG-04,2024-11-15,Consumer
CUST-07891,Rajesh Pandey,Male,35,Hyderabad,REG-03,2025-01-23,Consumer
CUST-07892,Rohan Gupta,Male,45,Dibrugarh,REG-06,2024-02-04,Consumer
CUST-07893,Aadhya Kulkarni,Female,20,Chennai,REG-03,2024-09-14,Consumer
CUST-07894,Myra Kapoor,Female,22,Ludhiana,REG-02,2025-06-13,Corporate
CUST-07895,Tanvi Aggarwal,Female,18,Jaipur,REG-02,2024-02-17,Consumer
CUST-07896,Aarohi Kulkarni,Female,27,Ahmedabad,REG-01,2023-03-30,Consumer
CUST-07897,Anushka Kulkarni,Female,48,Kolkata,REG-04,2025-06-29,Consumer
CUST-07898,Karan Saxena,Male,32,Hyderabad,REG-03,2024-03-02,Small Business
CUST-07899,Arjun Kumar,Male,19,Gurgaon,REG-02,2023-09-22,Consumer
CUST-07900,Aadhya Bose,Female,28,Agartala,REG-06,2024-04-11,Small Business
CUST-07901,Anika Choudhury,Female,18,Howrah,REG-04,2024-12-29,Small Business
CUST-07902,Priyanka Das,Female,21,Gurgaon,REG-02,2023-05-15,Consumer
CUST-07903,Vikram Kumar,Male,38,Delhi,REG-02,2024-03-10,Corporate
CUST-07904,Dhruv Mukherjee,Male,21,Hyderabad,REG-03,2023-04-08,Consumer
CUST-07905,Aditi Mehta,Female,46,Kolkata,REG-04,2025-10-18,Small Business
CUST-07906,Preeti Reddy,Female,33,Pune,REG-01,2023-03-24,Consumer
CUST-07907,Anand Menon,Male,34,Delhi,REG-02,2023-04-09,Corporate
CUST-07908,Deepak Verma,Male,30,Jaipur,REG-02,2025-03-03,Corporate
CUST-07909,Ira Aggarwal,Female,42,Delhi,REG-02,2024-02-15,Consumer
CUST-07910,Anika Kulkarni,Female,42,Hyderabad,REG-03,2023-10-05,Consumer
CUST-07911,Sneha Reddy,Female,37,Patna,REG-04,2023-01-17,Consumer
CUST-07912,Pari Iyer,Female,40,Delhi,REG-02,2025-10-04,Corporate
CUST-07913,Gaurav Choudhury,Male,31,Bhubaneswar,REG-04,2025-08-05,Consumer
CUST-07914,Ishaan Gupta,Male,39,Hyderabad,REG-03,2023-07-24,Consumer
CUST-07915,Aditya Kumar,Male,30,Ujjain,REG-05,2024-08-28,Consumer
CUST-07916,Advaith Nair,Male,34,Chennai,REG-03,2023-06-06,Consumer
CUST-07917,Angel Malhotra,Female,30,Cuttack,REG-04,2023-09-04,Consumer
CUST-07918,Reyansh Kapoor,Male,28,Howrah,REG-04,2024-07-09,Consumer
CUST-07919,Angel Deshmukh,Female,26,Howrah,REG-04,2024-09-10,Consumer
CUST-07920,Aditi Malhotra,Female,39,Chandigarh,REG-02,2024-09-08,Small Business
CUST-07921,Krishna Kumar,Male,48,Panaji,REG-01,2025-08-07,Consumer
CUST-07922,Aadhya Nair,Female,46,Mumbai,REG-01,2025-09-09,Consumer
CUST-07923,Rahul Patel,Male,20,Gurgaon,REG-02,2025-06-21,Consumer
CUST-07924,Advik Mehta,Male,48,Shillong,REG-06,2024-03-09,Corporate
CUST-07925,Krishna Joshi,Male,30,Howrah,REG-04,2023-10-29,Corporate
CUST-07926,Tanvi Mehta,Female,40,Jabalpur,REG-05,2023-12-20,Corporate
CUST-07927,Pranav Saxena,Male,24,Lucknow,REG-02,2023-05-04,Small Business
CUST-07928,Avani Rao,Female,35,Surat,REG-01,2024-06-06,Consumer
CUST-07929,Vivaan Aggarwal,Male,37,Kochi,REG-03,2023-08-26,Corporate
CUST-07930,Anand Saxena,Male,18,Kochi,REG-03,2023-11-20,Consumer
CUST-07931,Simran Patel,Female,40,Kochi,REG-03,2024-10-18,Consumer
CUST-07932,Kabir Iyer,Male,48,Mysore,REG-03,2024-11-26,Consumer
CUST-07933,Kabir Mehta,Male,32,Noida,REG-02,2024-06-26,Consumer
CUST-07934,Kabir Chopra,Male,48,Kanpur,REG-02,2023-11-26,Consumer
CUST-07935,Anushka Menon,Female,31,Gurgaon,REG-02,2025-08-04,Corporate
CUST-07936,Ayaan Pandey,Male,43,Chennai,REG-03,2024-09-16,Consumer
CUST-07937,Karan Pandey,Male,18,Guwahati,REG-06,2024-07-03,Consumer
CUST-07938,Reyansh Kapoor,Male,60,Vadodara,REG-01,2024-06-15,Consumer
CUST-07939,Rohan Nair,Male,50,Chandigarh,REG-02,2024-11-14,Corporate
CUST-07940,Amit Singh,Male,30,Vadodara,REG-01,2023-07-25,Consumer
CUST-07941,Vivaan Joshi,Male,18,Indore,REG-05,2023-04-25,Consumer
CUST-07942,Anushka Reddy,Female,37,Ahmedabad,REG-01,2024-01-15,Consumer
CUST-07943,Suresh Shah,Male,18,Noida,REG-02,2025-10-20,Consumer
CUST-07944,Neha Deshmukh,Female,38,Nagpur,REG-01,2024-02-17,Consumer
CUST-07945,Sai Bose,Male,38,Ranchi,REG-04,2024-08-15,Consumer
CUST-07946,Shreya Sharma,Female,23,Visakhapatnam,REG-03,2025-09-25,Consumer
CUST-07947,Diya Pillai,Female,46,Hyderabad,REG-03,2025-01-18,Consumer
CUST-07948,Neha Sharma,Female,42,Patna,REG-04,2023-07-05,Consumer
CUST-07949,Reyansh Verma,Male,44,Panaji,REG-01,2024-03-30,Consumer
CUST-07950,Karan Choudhury,Other,34,Kanpur,REG-02,2024-03-31,Consumer
CUST-07951,Amit Chopra,Male,18,Raipur,REG-05,2024-08-17,Consumer
CUST-07952,Angel Bhat,Female,44,Pune,REG-01,2023-06-01,Consumer
CUST-07953,Rajesh Chopra,Male,31,Dibrugarh,REG-06,2025-10-08,Consumer
CUST-07954,Sara Joshi,Female,18,Lucknow,REG-02,2023-11-30,Consumer
CUST-07955,Swati Choudhury,Female,48,Asansol,REG-04,2024-10-26,Corporate
CUST-07956,Aarav Singh,Male,57,Chandigarh,REG-02,2025-01-22,Consumer
CUST-07957,Simran Gupta,Female,33,Kolkata,REG-04,2025-08-05,Consumer
CUST-07958,Aadhya Iyer,Other,57,Cuttack,REG-04,2024-02-13,Small Business
CUST-07959,Aditi Choudhury,Female,35,Howrah,REG-04,2025-04-12,Corporate
CUST-07960,Kabir Sharma,Male,29,Nagpur,REG-01,2024-11-28,Small Business
CUST-07961,Meera Kumar,Female,27,Coimbatore,REG-03,2024-09-30,Corporate
CUST-07962,Sai Malhotra,Male,52,Nagpur,REG-01,2023-07-31,Small Business
CUST-07963,Tanvi Mehta,Female,25,Lucknow,REG-02,2025-06-30,Consumer
CUST-07964,Riya Shah,Female,42,Gurgaon,REG-02,2023-03-01,Consumer
CUST-07965,Sunita Pandey,Female,27,Mysore,REG-03,2023-04-19,Consumer
CUST-07966,Aditi Saxena,Female,28,Nashik,REG-01,2024-04-09,Consumer
CUST-07967,Manish Rao,Male,45,Chennai,REG-03,2023-04-07,Small Business
CUST-07968,Rahul Mehta,Male,29,Ujjain,REG-05,2023-02-20,Corporate
CUST-07969,Pari Trivedi,Female,29,Cuttack,REG-04,2025-07-04,Consumer
CUST-07970,Diya Mehta,Female,46,Ranchi,REG-04,2023-08-02,Consumer
CUST-07971,Preeti Menon,Female,51,Gwalior,REG-05,2025-08-06,Consumer
CUST-07972,Sara Mishra,Female,41,Bhubaneswar,REG-04,2025-03-31,Consumer
CUST-07973,Ananya Pillai,Female,26,Surat,REG-01,2025-07-23,Consumer
CUST-07974,Deepika Patel,Female,28,Chandigarh,REG-02,2023-01-29,Consumer
CUST-07975,Advik Aggarwal,Male,34,Mumbai,REG-01,2024-09-26,Consumer
CUST-07976,Aarohi Iyer,Female,37,Panaji,REG-01,2024-01-16,Corporate
CUST-07977,Diya Singh,Female,23,Kanpur,REG-02,2025-10-01,Corporate
CUST-07978,Vihaan Mukherjee,Male,41,Ludhiana,REG-02,2024-07-27,Small Business
CUST-07979,Tanvi Deshmukh,Female,34,Trivandrum,REG-03,2024-02-26,Consumer
CUST-07980,Ishaan Reddy,Male,18,Noida,REG-02,2023-07-13,Small Business
CUST-07981,Sara Pillai,Female,23,Patna,REG-04,2024-09-28,Consumer
CUST-07982,Pranav Bhat,Male,28,Visakhapatnam,REG-03,2023-12-02,Consumer
CUST-07983,Angel Choudhury,Female,33,Patna,REG-04,2024-10-26,Consumer
CUST-07984,Aditya Sharma,Male,54,Surat,REG-01,2023-08-29,Corporate
CUST-07985,Tanvi Patel,Female,36,Delhi,REG-02,2023-06-23,Consumer
CUST-07986,Rajesh Patel,Male,24,Coimbatore,REG-03,2025-08-15,Consumer
CUST-07987,Myra Malhotra,Female,36,Kanpur,REG-02,2023-07-17,Small Business
CUST-07988,Angel Trivedi,Female,30,Mumbai,REG-01,2024-01-17,Corporate
CUST-07989,Shaurya Saxena,Male,37,Patna,REG-04,2024-06-21,Corporate
CUST-07990,Aarav Bhat,Male,40,Dibrugarh,REG-06,2025-10-17,Consumer
CUST-07991,Kabir Kapoor,Male,47,Ranchi,REG-04,2024-07-05,Corporate
CUST-07992,Ishaan Kumar,Male,33,Gurgaon,REG-02,2024-09-26,Consumer
CUST-07993,Sai Bose,Male,52,Chennai,REG-03,2024-10-14,Corporate
CUST-07994,Ira Bose,Female,43,Gurgaon,REG-02,2023-01-04,Consumer
CUST-07995,Neha Deshmukh,Female,26,Surat,REG-01,2023-08-26,Corporate
CUST-07996,Avani Sharma,Female,58,Trivandrum,REG-03,2024-05-08,Consumer
CUST-07997,Tanvi Choudhury,Female,37,Lucknow,REG-02,2025-06-19,Small Business
CUST-07998,Aanya Rao,Female,24,Mumbai,REG-01,2024-02-16,Small Business
CUST-07999,Myra Bose,Female,52,Cuttack,REG-04,2025-10-24,Consumer
CUST-08000,Ishaan Nair,Male,56,Ahmedabad,REG-01,2025-07-12,Consumer
CUST-08001,Arjun Malhotra,Male,33,Chandigarh,REG-02,2024-08-29,Consumer
CUST-08002,Sunita Iyer,Female,28,Ranchi,REG-04,2023-04-24,Consumer
CUST-08003,Aditya Joshi,Male,32,Nashik,REG-01,2023-12-08,Consumer
CUST-08004,Simran Menon,Female,41,Gurgaon,REG-02,2024-05-25,Consumer
CUST-08005,Anand Sharma,Male,48,Ahmedabad,REG-01,2025-08-25,Consumer
CUST-08006,Dhruv Choudhury,Male,40,Patna,REG-04,2024-07-03,Consumer
CUST-08007,Anika Sharma,Female,35,Hyderabad,REG-03,2024-01-06,Small Business
CUST-08008,Kabir Rao,Male,50,Mumbai,REG-01,2024-02-24,Corporate
CUST-08009,Rohan Pandey,Male,30,Ahmedabad,REG-01,2023-11-03,Consumer
CUST-08010,Ayaan Iyer,Male,45,Chandigarh,REG-02,2023-05-27,Corporate
CUST-08011,Preeti Verma,Female,30,Chennai,REG-03,2024-06-04,Corporate
CUST-08012,Priyanka Nair,Female,38,Hyderabad,REG-03,2023-12-03,Consumer
CUST-08013,Ananya Kumar,Female,32,Coimbatore,REG-03,2025-05-20,Corporate
CUST-08014,Ayaan Das,Other,33,Visakhapatnam,REG-03,2023-06-16,Consumer
CUST-08015,Tanvi Bhat,Female,29,Gurgaon,REG-02,2023-08-16,Consumer
CUST-08016,Deepak Menon,Male,48,Howrah,REG-04,2024-01-01,Consumer
CUST-08017,Anand Joshi,Male,25,Bhubaneswar,REG-04,2025-07-03,Consumer
CUST-08018,Suresh Verma,Male,25,Gwalior,REG-05,2025-10-05,Corporate
CUST-08019,Pari Shah,Female,57,Panaji,REG-01,2025-07-15,Consumer
CUST-08020,Krishna Bhat,Male,44,Raipur,REG-05,2023-04-17,Consumer
CUST-08021,Avani Pandey,Female,18,Lucknow,REG-02,2023-10-25,Corporate
CUST-08022,Sunita Verma,Female,27,Delhi,REG-02,2024-05-19,Consumer
CUST-08023,Riya Reddy,Female,18,Dibrugarh,REG-06,2025-02-20,Consumer
CUST-08024,Kabir Joshi,Male,23,Visakhapatnam,REG-03,2025-09-23,Small Business
CUST-08025,Swati Choudhury,Female,18,Lucknow,REG-02,2024-04-08,Consumer
CUST-08026,Aadhya Gupta,Other,32,Bangalore,REG-03,2024-01-13,Consumer
CUST-08027,Meera Pillai,Female,21,Raipur,REG-05,2023-04-25,Consumer
CUST-08028,Diya Malhotra,Female,34,Ranchi,REG-04,2023-08-03,Small Business
CUST-08029,Manish Trivedi,Male,18,Hyderabad,REG-03,2023-03-31,Consumer
CUST-08030,Ananya Nair,Female,34,Mysore,REG-03,2023-11-21,Consumer
CUST-08031,Tanvi Deshmukh,Female,29,Noida,REG-02,2025-07-10,Consumer
CUST-08032,Avani Singh,Female,50,Nashik,REG-01,2023-02-16,Consumer
CUST-08033,Amit Chopra,Male,49,Kanpur,REG-02,2025-07-20,Consumer
CUST-08034,Ayaan Joshi,Male,42,Nagpur,REG-01,2025-07-17,Consumer
CUST-08035,Angel Aggarwal,Female,30,Bangalore,REG-03,2025-10-02,Small Business
CUST-08036,Riya Kapoor,Female,55,Bangalore,REG-03,2024-04-26,Consumer
CUST-08037,Ishaan Menon,Male,18,Hyderabad,REG-03,2024-03-24,Consumer
CUST-08038,Swati Sharma,Female,18,Kochi,REG-03,2024-09-11,Consumer
CUST-08039,Aditi Mehta,Female,33,Howrah,REG-04,2024-10-02,Corporate
CUST-08040,Rajesh Gupta,Male,58,Kochi,REG-03,2023-04-23,Corporate
CUST-08041,Karan Shah,Male,31,Panaji,REG-01,2024-07-05,Consumer
CUST-08042,Navya Deshmukh,Female,31,Kolkata,REG-04,2023-11-06,Small Business
CUST-08043,Aditi Aggarwal,Female,18,Vadodara,REG-01,2025-11-20,Consumer
CUST-08044,Meera Rao,Female,44,Nashik,REG-01,2025-01-17,Consumer
CUST-08045,Deepak Reddy,Other,44,Ahmedabad,REG-01,2023-09-30,Corporate
CUST-08046,Vivaan Das,Male,42,Kochi,REG-03,2025-03-22,Consumer
CUST-08047,Deepika Verma,Female,27,Delhi,REG-02,2024-07-20,Small Business
CUST-08048,Pooja Mukherjee,Female,26,Bhopal,REG-05,2024-03-31,Consumer
CUST-08049,Neha Patel,Female,19,Ujjain,REG-05,2024-06-11,Consumer
CUST-08050,Advaith Kapoor,Male,34,Kanpur,REG-02,2024-06-09,Consumer
CUST-08051,Aditya Mehta,Male,22,Chennai,REG-03,2023-03-28,Consumer
CUST-08052,Sai Deshmukh,Male,21,Patna,REG-04,2024-10-23,Consumer
CUST-08053,Aarav Choudhury,Male,29,Mumbai,REG-01,2025-10-09,Consumer
CUST-08054,Sai Mishra,Male,28,Ahmedabad,REG-01,2023-11-27,Consumer
CUST-08055,Deepak Saxena,Male,28,Panaji,REG-01,2023-11-21,Consumer
CUST-08056,Sai Kulkarni,Male,39,Howrah,REG-04,2023-10-29,Consumer
CUST-08057,Anushka Nair,Female,34,Pune,REG-01,2025-03-01,Consumer
CUST-08058,Pooja Kumar,Female,30,Ludhiana,REG-02,2025-01-18,Corporate
CUST-08059,Advaith Deshmukh,Male,36,Chandigarh,REG-02,2025-04-14,Consumer
CUST-08060,Deepak Iyer,Male,23,Dibrugarh,REG-06,2024-11-09,Consumer
CUST-08061,Abhishek Menon,Male,35,Cuttack,REG-04,2025-02-19,Corporate
CUST-08062,Suresh Kapoor,Male,35,Trivandrum,REG-03,2025-10-29,Consumer
CUST-08063,Ishaan Menon,Male,18,Shillong,REG-06,2023-09-15,Consumer
CUST-08064,Riya Menon,Female,44,Mumbai,REG-01,2024-10-28,Consumer
CUST-08065,Saanvi Shah,Female,24,Gwalior,REG-05,2023-05-12,Consumer
CUST-08066,Vivaan Kulkarni,Male,34,Jabalpur,REG-05,2024-04-29,Small Business
CUST-08067,Gaurav Bhat,Male,46,Patna,REG-04,2025-04-16,Consumer
CUST-08068,Aadhya Pillai,Female,44,Bangalore,REG-03,2024-03-01,Small Business
CUST-08069,Vivaan Choudhury,Male,34,Kochi,REG-03,2024-04-17,Consumer
CUST-08070,Dhruv Mishra,Male,30,Chandigarh,REG-02,2025-01-26,Consumer
CUST-08071,Meera Iyer,Female,44,Ranchi,REG-04,2023-11-25,Consumer
CUST-08072,Anushka Das,Female,41,Raipur,REG-05,2024-08-01,Corporate
CUST-08073,Meera Malhotra,Female,27,Noida,REG-02,2025-07-22,Consumer
CUST-08074,Advik Rao,Male,25,Chandigarh,REG-02,2023-09-15,Corporate
CUST-08075,Ira Mehta,Female,18,Nagpur,REG-01,2023-12-05,Consumer
CUST-08076,Gaurav Rao,Male,35,Surat,REG-01,2023-03-02,Consumer
CUST-08077,Nikhil Kulkarni,Male,33,Chennai,REG-03,2023-12-29,Consumer
CUST-08078,Aditya Kumar,Male,46,Indore,REG-05,2024-10-09,Corporate
CUST-08079,Aditi Rao,Female,37,Nagpur,REG-01,2025-09-06,Consumer
CUST-08080,Abhishek Bose,Male,48,Panaji,REG-01,2023-07-29,Consumer
CUST-08081,Pranav Singh,Male,26,Asansol,REG-04,2025-11-05,Corporate
CUST-08082,Dhruv Malhotra,Male,46,Ahmedabad,REG-01,2025-10-21,Consumer
CUST-08083,Aarohi Mishra,Female,28,Ahmedabad,REG-01,2023-04-30,Consumer
CUST-08084,Vivaan Pillai,Male,42,Silchar,REG-06,2023-11-17,Consumer
CUST-08085,Ananya Iyer,Female,18,Trivandrum,REG-03,2025-05-07,Consumer
CUST-08086,Avani Bhat,Female,36,Surat,REG-01,2023-07-19,Consumer
CUST-08087,Angel Verma,Female,18,Kochi,REG-03,2025-08-31,Consumer
CUST-08088,Pranav Trivedi,Male,31,Gwalior,REG-05,2024-06-12,Consumer
CUST-08089,Amit Mehta,Male,38,Howrah,REG-04,2025-02-18,Consumer
CUST-08090,Aarohi Rao,Female,28,Jaipur,REG-02,2023-05-20,Consumer
CUST-08091,Manish Nair,Male,22,Dibrugarh,REG-06,2025-05-23,Consumer
CUST-08092,Myra Patel,Female,43,Raipur,REG-05,2023-03-22,Consumer
CUST-08093,Ishaan Menon,Male,32,Kochi,REG-03,2024-05-31,Consumer
CUST-08094,Aanya Pandey,Female,28,Gurgaon,REG-02,2025-07-16,Consumer
CUST-08095,Priyanka Kulkarni,Female,34,Panaji,REG-01,2025-08-25,Corporate
CUST-08096,Myra Verma,Female,63,Ahmedabad,REG-01,2024-11-19,Consumer
CUST-08097,Aditi Mehta,Female,46,Hyderabad,REG-03,2025-08-30,Consumer
CUST-08098,Ishaan Malhotra,Male,46,Asansol,REG-04,2025-01-19,Small Business
CUST-08099,Navya Malhotra,Female,38,Panaji,REG-01,2023-09-29,Consumer
CUST-08100,Riya Deshmukh,Female,35,Nagpur,REG-01,2025-06-23,Consumer
CUST-08101,Neha Sharma,Female,18,Agartala,REG-06,2023-06-14,Consumer
CUST-08102,Ira Mukherjee,Female,26,Nashik,REG-01,2024-09-04,Consumer
CUST-08103,Simran Mishra,Female,28,Imphal,REG-06,2024-03-03,Consumer
CUST-08104,Vikram Choudhury,Male,18,Nagpur,REG-01,2024-07-15,Consumer
CUST-08105,Aditya Iyer,Male,21,Mysore,REG-03,2024-09-13,Consumer
CUST-08106,Pari Das,Female,18,Panaji,REG-01,2025-02-22,Consumer
CUST-08107,Myra Choudhury,Female,33,Coimbatore,REG-03,2023-05-26,Small Business
CUST-08108,Sai Saxena,Male,43,Surat,REG-01,2024-11-02,Consumer
CUST-08109,Arjun Singh,Male,46,Indore,REG-05,2024-12-31,Small Business
CUST-08110,Dhruv Menon,Male,38,Kanpur,REG-02,2024-01-23,Consumer
CUST-08111,Rohan Choudhury,Male,23,Vadodara,REG-01,2025-03-13,Small Business
CUST-08112,Anand Saxena,Male,18,Indore,REG-05,2024-11-21,Consumer
CUST-08113,Atharv Das,Male,18,Nashik,REG-01,2023-11-25,Consumer
CUST-08114,Sunita Verma,Female,20,Coimbatore,REG-03,2024-10-30,Consumer
CUST-08115,Aadhya Menon,Female,24,Jabalpur,REG-05,2025-03-24,Consumer
CUST-08116,Shaurya Verma,Male,32,Visakhapatnam,REG-03,2025-01-07,Small Business
CUST-08117,Shaurya Gupta,Male,22,Gwalior,REG-05,2025-09-03,Small Business
CUST-08118,Simran Patel,Female,37,Kanpur,REG-02,2025-11-20,Consumer
CUST-08119,Myra Patel,Female,31,Nashik,REG-01,2024-08-08,Consumer
CUST-08120,Anika Saxena,Female,34,Nashik,REG-01,2025-07-15,Small Business
CUST-08121,Diya Chopra,Female,46,Ludhiana,REG-02,2025-08-04,Consumer
CUST-08122,Nikhil Kapoor,Male,21,Howrah,REG-04,2024-11-25,Consumer
CUST-08123,Reyansh Iyer,Male,38,Mysore,REG-03,2025-04-28,Consumer
CUST-08124,Navya Shah,Female,33,Nashik,REG-01,2025-01-17,Consumer
CUST-08125,Aadhya Choudhury,Female,30,Ranchi,REG-04,2025-01-15,Consumer
CUST-08126,Deepak Patel,Male,43,Raipur,REG-05,2025-02-23,Consumer
CUST-08127,Nikhil Das,Male,43,Chennai,REG-03,2023-04-27,Corporate
CUST-08128,Rajesh Pillai,Male,23,Mumbai,REG-01,2024-10-29,Consumer
CUST-08129,Vihaan Mukherjee,Male,31,Asansol,REG-04,2024-07-22,Small Business
CUST-08130,Aanya Bose,Female,37,Imphal,REG-06,2024-09-24,Consumer
CUST-08131,Sai Reddy,Male,30,Mysore,REG-03,2024-03-07,Consumer
CUST-08132,Rajesh Reddy,Male,40,Pune,REG-01,2024-06-23,Consumer
CUST-08133,Sara Mishra,Female,37,Jaipur,REG-02,2023-12-04,Consumer
CUST-08134,Deepika Kumar,Female,54,Asansol,REG-04,2025-03-17,Consumer
CUST-08135,Krishna Kulkarni,Male,18,Chennai,REG-03,2023-03-13,Consumer
CUST-08136,Karan Rao,Male,32,Bhopal,REG-05,2023-03-22,Consumer
CUST-08137,Meera Mukherjee,Female,24,Noida,REG-02,2025-08-13,Consumer
CUST-08138,Kabir Pandey,Male,40,Chandigarh,REG-02,2024-09-23,Consumer
CUST-08139,Neha Trivedi,Female,18,Ahmedabad,REG-01,2025-10-09,Consumer
CUST-08140,Sara Sharma,Female,37,Vadodara,REG-01,2023-11-28,Consumer
CUST-08141,Ananya Singh,Female,27,Cuttack,REG-04,2023-08-27,Consumer
CUST-08142,Reyansh Deshmukh,Male,25,Gurgaon,REG-02,2025-09-12,Consumer
CUST-08143,Preeti Bose,Female,18,Kolkata,REG-04,2025-02-08,Consumer
CUST-08144,Nikhil Saxena,Male,28,Mumbai,REG-01,2023-08-13,Corporate
CUST-08145,Nikhil Kulkarni,Male,45,Bhopal,REG-05,2023-08-25,Consumer
CUST-08146,Swati Iyer,Female,33,Delhi,REG-02,2024-03-28,Consumer
CUST-08147,Ira Nair,Female,40,Visakhapatnam,REG-03,2024-10-24,Consumer
CUST-08148,Preeti Shah,Female,52,Ahmedabad,REG-01,2024-02-24,Consumer
CUST-08149,Preeti Malhotra,Female,36,Nashik,REG-01,2025-02-11,Consumer
CUST-08150,Diya Patel,Female,27,Kochi,REG-03,2025-07-15,Consumer
CUST-08151,Advik Nair,Male,39,Trivandrum,REG-03,2025-02-26,Consumer
CUST-08152,Pari Shah,Female,28,Silchar,REG-06,2025-07-18,Consumer
CUST-08153,Deepika Singh,Female,28,Kanpur,REG-02,2023-03-07,Consumer
CUST-08154,Anushka Das,Female,18,Ujjain,REG-05,2025-04-26,Consumer
CUST-08155,Deepak Joshi,Male,44,Bangalore,REG-03,2023-05-20,Consumer
CUST-08156,Shreya Saxena,Female,29,Chennai,REG-03,2024-06-21,Small Business
CUST-08157,Neha Joshi,Female,36,Surat,REG-01,2024-11-20,Consumer
CUST-08158,Aarav Patel,Male,22,Ranchi,REG-04,2025-01-17,Consumer
CUST-08159,Aanya Chopra,Female,38,Cuttack,REG-04,2024-08-16,Small Business
CUST-08160,Anand Pillai,Male,25,Coimbatore,REG-03,2024-10-03,Consumer
CUST-08161,Saanvi Singh,Female,32,Surat,REG-01,2025-10-29,Consumer
CUST-08162,Amit Deshmukh,Male,43,Nagpur,REG-01,2023-02-15,Corporate
CUST-08163,Aadhya Singh,Female,42,Guwahati,REG-06,2023-01-13,Consumer
CUST-08164,Dhruv Das,Male,33,Gurgaon,REG-02,2023-06-15,Consumer
CUST-08165,Ishaan Rao,Male,18,Chandigarh,REG-02,2023-12-26,Consumer
CUST-08166,Anushka Mukherjee,Female,66,Silchar,REG-06,2025-02-24,Corporate
CUST-08167,Vikram Verma,Male,53,Dibrugarh,REG-06,2024-10-21,Corporate
CUST-08168,Vihaan Deshmukh,Male,41,Panaji,REG-01,2025-02-22,Consumer
CUST-08169,Ananya Das,Female,25,Nagpur,REG-01,2023-03-09,Consumer
CUST-08170,Advik Nair,Male,32,Visakhapatnam,REG-03,2023-10-18,Consumer
CUST-08171,Kabir Menon,Male,28,Dibrugarh,REG-06,2024-01-20,Small Business
CUST-08172,Neha Malhotra,Female,47,Raipur,REG-05,2023-06-19,Consumer
CUST-08173,Arjun Verma,Male,36,Ludhiana,REG-02,2023-02-17,Consumer
CUST-08174,Anushka Sharma,Female,25,Visakhapatnam,REG-03,2025-03-11,Consumer
CUST-08175,Sunita Kumar,Female,28,Lucknow,REG-02,2023-11-19,Consumer
CUST-08176,Anika Rao,Female,46,Nagpur,REG-01,2023-11-27,Corporate
CUST-08177,Pranav Mishra,Male,51,Bhubaneswar,REG-04,2024-03-07,Consumer
CUST-08178,Shreya Choudhury,Female,50,Surat,REG-01,2023-01-06,Consumer
CUST-08179,Kavya Nair,Female,42,Jaipur,REG-02,2023-03-03,Consumer
CUST-08180,Vikram Chopra,Male,31,Kolkata,REG-04,2024-10-07,Consumer
CUST-08181,Rahul Kulkarni,Male,18,Mumbai,REG-01,2023-09-05,Consumer
CUST-08182,Nikhil Nair,Male,37,Mumbai,REG-01,2025-01-14,Corporate
CUST-08183,Aanya Pandey,Female,33,Kochi,REG-03,2024-06-04,Consumer
CUST-08184,Kavya Aggarwal,Female,35,Nashik,REG-01,2025-04-07,Consumer
CUST-08185,Ira Joshi,Female,34,Chandigarh,REG-02,2023-11-15,Consumer
CUST-08186,Advaith Deshmukh,Male,19,Jaipur,REG-02,2025-08-15,Consumer
CUST-08187,Simran Menon,Female,40,Raipur,REG-05,2023-10-17,Consumer
CUST-08188,Shaurya Sharma,Male,40,Surat,REG-01,2023-10-27,Corporate
CUST-08189,Pranav Pandey,Male,41,Chandigarh,REG-02,2023-10-09,Corporate
CUST-08190,Pari Patel,Female,44,Delhi,REG-02,2024-12-28,Consumer
CUST-08191,Vihaan Nair,Male,40,Visakhapatnam,REG-03,2023-06-05,Consumer
CUST-08192,Aarav Choudhury,Male,29,Indore,REG-05,2024-10-13,Consumer
CUST-08193,Vikram Reddy,Male,33,Vadodara,REG-01,2023-04-14,Consumer
CUST-08194,Advik Aggarwal,Male,35,Imphal,REG-06,2023-10-28,Corporate
CUST-08195,Sunita Kulkarni,Other,35,Jaipur,REG-02,2024-02-22,Consumer
CUST-08196,Amit Iyer,Male,44,Jabalpur,REG-05,2025-06-03,Consumer
CUST-08197,Anushka Mukherjee,Female,41,Jaipur,REG-02,2025-11-09,Consumer
CUST-08198,Kavya Joshi,Female,56,Kanpur,REG-02,2023-05-19,Consumer
CUST-08199,Pooja Pillai,Female,58,Bangalore,REG-03,2024-05-16,Consumer
CUST-08200,Swati Chopra,Female,34,Guwahati,REG-06,2024-07-03,Consumer
CUST-08201,Sunita Kapoor,Female,18,Gurgaon,REG-02,2024-02-13,Consumer
CUST-08202,Vihaan Das,Male,47,Panaji,REG-01,2023-02-18,Consumer
CUST-08203,Deepak Aggarwal,Male,28,Jaipur,REG-02,2025-01-15,Corporate
CUST-08204,Deepak Iyer,Male,25,Howrah,REG-04,2023-09-09,Consumer
CUST-08205,Nikhil Das,Male,29,Bhopal,REG-05,2023-06-26,Consumer
CUST-08206,Saanvi Patel,Female,29,Visakhapatnam,REG-03,2023-09-16,Consumer
CUST-08207,Simran Patel,Female,40,Ranchi,REG-04,2025-11-04,Consumer
CUST-08208,Nikhil Bose,Male,18,Vadodara,REG-01,2024-01-17,Consumer
CUST-08209,Amit Trivedi,Male,22,Guwahati,REG-06,2025-04-06,Consumer
CUST-08210,Gaurav Das,Other,37,Vadodara,REG-01,2024-05-20,Consumer
CUST-08211,Advik Trivedi,Male,40,Hyderabad,REG-03,2023-05-18,Consumer
CUST-08212,Anushka Deshmukh,Female,41,Mumbai,REG-01,2023-09-26,Consumer
CUST-08213,Suresh Mehta,Male,25,Nashik,REG-01,2024-05-19,Consumer
CUST-08214,Sara Das,Female,23,Kolkata,REG-04,2024-01-06,Consumer
CUST-08215,Reyansh Mishra,Male,28,Delhi,REG-02,2024-10-26,Consumer
CUST-08216,Rajesh Gupta,Male,36,Guwahati,REG-06,2025-06-25,Consumer
CUST-08217,Meera Verma,Female,50,Coimbatore,REG-03,2025-03-20,Consumer
CUST-08218,Aditi Patel,Female,18,Trivandrum,REG-03,2025-07-20,Corporate
CUST-08219,Neha Rao,Female,31,Kochi,REG-03,2024-12-17,Consumer
CUST-08220,Deepak Iyer,Male,19,Lucknow,REG-02,2023-08-12,Consumer
CUST-08221,Vihaan Singh,Male,18,Ludhiana,REG-02,2023-01-08,Small Business
CUST-08222,Riya Gupta,Female,44,Noida,REG-02,2024-04-28,Consumer
CUST-08223,Saanvi Shah,Female,39,Delhi,REG-02,2025-07-09,Corporate
CUST-08224,Nikhil Trivedi,Male,38,Trivandrum,REG-03,2023-09-24,Consumer
CUST-08225,Pranav Rao,Male,44,Patna,REG-04,2023-06-30,Consumer
CUST-08226,Deepak Reddy,Male,28,Bhubaneswar,REG-04,2023-01-18,Corporate
CUST-08227,Tanvi Sharma,Female,29,Ranchi,REG-04,2024-05-27,Corporate
CUST-08228,Kabir Nair,Male,58,Chandigarh,REG-02,2023-04-21,Consumer
CUST-08229,Manish Kulkarni,Male,31,Dibrugarh,REG-06,2023-01-12,Consumer
CUST-08230,Aanya Mukherjee,Female,42,Asansol,REG-04,2025-09-20,Consumer
CUST-08231,Rahul Gupta,Male,34,Howrah,REG-04,2024-08-04,Consumer
CUST-08232,Abhishek Mehta,Male,18,Cuttack,REG-04,2023-03-20,Consumer
CUST-08233,Amit Singh,Male,18,Mumbai,REG-01,2024-01-29,Consumer
CUST-08234,Krishna Iyer,Male,27,Nashik,REG-01,2023-07-30,Consumer
CUST-08235,Angel Kumar,Female,45,Jaipur,REG-02,2024-07-06,Consumer
CUST-08236,Ayaan Chopra,Male,42,Vadodara,REG-01,2025-07-23,Consumer
CUST-08237,Kabir Mukherjee,Male,44,Kochi,REG-03,2023-12-06,Consumer
CUST-08238,Karan Mishra,Male,23,Bhubaneswar,REG-04,2023-02-23,Consumer
CUST-08239,Avani Shah,Female,51,Kanpur,REG-02,2023-01-16,Consumer
CUST-08240,Dhruv Mishra,Male,23,Nashik,REG-01,2023-01-20,Consumer
CUST-08241,Sunita Malhotra,Female,36,Howrah,REG-04,2024-11-17,Consumer
CUST-08242,Aditya Mishra,Male,33,Hyderabad,REG-03,2023-04-03,Consumer
CUST-08243,Amit Singh,Male,32,Vadodara,REG-01,2023-09-30,Small Business
CUST-08244,Advik Reddy,Other,48,Visakhapatnam,REG-03,2024-03-07,Consumer
CUST-08245,Nikhil Pandey,Male,26,Mumbai,REG-01,2023-04-22,Consumer
CUST-08246,Manish Mukherjee,Male,19,Surat,REG-01,2025-04-05,Consumer
CUST-08247,Deepika Menon,Female,34,Panaji,REG-01,2025-11-05,Consumer
CUST-08248,Diya Das,Female,29,Nashik,REG-01,2024-10-19,Corporate
CUST-08249,Ayaan Aggarwal,Male,71,Coimbatore,REG-03,2024-08-24,Corporate
CUST-08250,Navya Aggarwal,Female,41,Nagpur,REG-01,2025-10-16,Consumer
CUST-08251,Shaurya Pillai,Male,29,Gurgaon,REG-02,2024-03-04,Consumer
CUST-08252,Sneha Malhotra,Female,22,Kanpur,REG-02,2025-05-07,Consumer
CUST-08253,Ishaan Kumar,Male,18,Asansol,REG-04,2023-03-13,Consumer
CUST-08254,Krishna Choudhury,Male,22,Ahmedabad,REG-01,2024-08-27,Consumer
CUST-08255,Aarav Menon,Male,35,Chandigarh,REG-02,2023-08-22,Consumer
CUST-08256,Shreya Nair,Female,49,Ujjain,REG-05,2025-05-27,Consumer
CUST-08257,Dhruv Bose,Male,46,Gurgaon,REG-02,2025-05-18,Consumer
CUST-08258,Deepika Choudhury,Female,36,Delhi,REG-02,2025-07-27,Consumer
CUST-08259,Vihaan Gupta,Male,30,Coimbatore,REG-03,2025-01-18,Consumer
CUST-08260,Anika Reddy,Female,36,Jaipur,REG-02,2025-05-14,Corporate
CUST-08261,Suresh Rao,Male,28,Surat,REG-01,2023-04-18,Consumer
CUST-08262,Aanya Bose,Other,52,Nagpur,REG-01,2025-07-05,Consumer
CUST-08263,Sara Malhotra,Female,31,Kolkata,REG-04,2023-12-10,Consumer
CUST-08264,Shreya Gupta,Female,33,Vadodara,REG-01,2024-06-12,Consumer
CUST-08265,Rajesh Pillai,Male,18,Gwalior,REG-05,2024-02-24,Consumer
CUST-08266,Anand Kumar,Male,31,Bhopal,REG-05,2024-08-09,Consumer
CUST-08267,Dhruv Gupta,Male,43,Howrah,REG-04,2023-11-23,Consumer
CUST-08268,Ayaan Patel,Male,22,Kolkata,REG-04,2025-03-11,Consumer
CUST-08269,Advaith Aggarwal,Male,25,Chandigarh,REG-02,2025-07-06,Consumer
CUST-08270,Kabir Shah,Male,42,Gurgaon,REG-02,2023-01-07,Consumer
CUST-08271,Aarohi Bose,Female,18,Coimbatore,REG-03,2023-08-23,Consumer
CUST-08272,Rajesh Menon,Other,45,Chennai,REG-03,2025-10-29,Consumer
CUST-08273,Vivaan Aggarwal,Male,28,Surat,REG-01,2025-08-04,Consumer
CUST-08274,Sara Menon,Female,29,Noida,REG-02,2024-09-04,Consumer
CUST-08275,Pooja Kapoor,Female,21,Noida,REG-02,2023-09-08,Small Business
CUST-08276,Advik Patel,Male,38,Gurgaon,REG-02,2025-06-28,Consumer
CUST-08277,Aditya Kumar,Male,61,Gwalior,REG-05,2024-11-04,Corporate
CUST-08278,Sneha Pillai,Female,42,Kochi,REG-03,2025-07-31,Consumer
CUST-08279,Manish Reddy,Male,24,Chandigarh,REG-02,2024-04-03,Small Business
CUST-08280,Aarohi Verma,Female,46,Ahmedabad,REG-01,2024-06-06,Consumer
CUST-08281,Aarohi Trivedi,Female,30,Indore,REG-05,2025-01-04,Consumer
CUST-08282,Neha Choudhury,Female,49,Howrah,REG-04,2025-07-26,Small Business
CUST-08283,Karan Reddy,Male,42,Panaji,REG-01,2023-04-18,Consumer
CUST-08284,Pranav Mukherjee,Male,18,Delhi,REG-02,2024-07-03,Small Business
CUST-08285,Meera Pillai,Female,22,Ludhiana,REG-02,2023-02-07,Small Business
CUST-08286,Anand Verma,Male,44,Ranchi,REG-04,2024-07-08,Consumer
CUST-08287,Pari Reddy,Female,35,Gwalior,REG-05,2025-10-22,Consumer
CUST-08288,Swati Kulkarni,Female,22,Noida,REG-02,2025-05-07,Consumer
CUST-08289,Sneha Aggarwal,Female,27,Bhopal,REG-05,2023-12-26,Consumer
CUST-08290,Rahul Bose,Male,18,Surat,REG-01,2025-10-20,Consumer
CUST-08291,Advaith Singh,Male,33,Ahmedabad,REG-01,2025-03-12,Consumer
CUST-08292,Anika Bose,Female,58,Surat,REG-01,2025-11-27,Corporate
CUST-08293,Aanya Aggarwal,Female,42,Noida,REG-02,2025-06-04,Consumer
CUST-08294,Angel Kulkarni,Female,58,Bhubaneswar,REG-04,2025-10-28,Consumer
CUST-08295,Rajesh Verma,Male,43,Coimbatore,REG-03,2025-04-23,Consumer
CUST-08296,Vikram Nair,Male,45,Mysore,REG-03,2025-04-09,Corporate
CUST-08297,Rajesh Mukherjee,Male,55,Trivandrum,REG-03,2025-07-19,Small Business
CUST-08298,Vikram Chopra,Male,38,Ahmedabad,REG-01,2024-09-20,Consumer
CUST-08299,Aditi Gupta,Female,31,Bangalore,REG-03,2024-04-09,Consumer
CUST-08300,Preeti Das,Female,45,Kochi,REG-03,2023-09-15,Consumer
CUST-08301,Rajesh Rao,Male,49,Bilaspur,REG-05,2025-03-24,Small Business
CUST-08302,Meera Deshmukh,Female,28,Ujjain,REG-05,2024-08-07,Small Business
CUST-08303,Simran Choudhury,Female,26,Nagpur,REG-01,2024-02-13,Consumer
CUST-08304,Shreya Gupta,Female,35,Ludhiana,REG-02,2023-05-30,Consumer
CUST-08305,Abhishek Rao,Male,43,Vadodara,REG-01,2025-04-05,Corporate
CUST-08306,Aanya Nair,Female,42,Raipur,REG-05,2024-09-11,Consumer
CUST-08307,Advik Reddy,Male,18,Howrah,REG-04,2024-03-05,Consumer
CUST-08308,Pooja Malhotra,Female,55,Patna,REG-04,2023-10-20,Corporate
CUST-08309,Sunita Kumar,Female,26,Mumbai,REG-01,2024-08-04,Small Business
CUST-08310,Vivaan Reddy,Male,31,Hyderabad,REG-03,2023-03-04,Consumer
CUST-08311,Neha Aggarwal,Female,24,Ranchi,REG-04,2023-04-05,Small Business
CUST-08312,Ayaan Gupta,Male,63,Ludhiana,REG-02,2024-03-21,Corporate
CUST-08313,Anushka Choudhury,Female,36,Delhi,REG-02,2023-06-15,Consumer
CUST-08314,Gaurav Malhotra,Male,24,Hyderabad,REG-03,2023-02-19,Consumer
CUST-08315,Aarav Choudhury,Male,43,Ludhiana,REG-02,2024-07-01,Consumer
CUST-08316,Sunita Chopra,Female,42,Nashik,REG-01,2024-08-30,Consumer
CUST-08317,Aditya Reddy,Male,31,Hyderabad,REG-03,2024-02-07,Corporate
CUST-08318,Pranav Choudhury,Male,43,Lucknow,REG-02,2023-10-30,Corporate
CUST-08319,Aadhya Reddy,Female,24,Bangalore,REG-03,2024-03-22,Small Business
CUST-08320,Simran Reddy,Female,28,Bilaspur,REG-05,2025-07-22,Corporate
CUST-08321,Anika Aggarwal,Female,18,Chandigarh,REG-02,2023-05-08,Consumer
CUST-08322,Aadhya Das,Female,19,Jaipur,REG-02,2025-05-11,Consumer
CUST-08323,Myra Rao,Female,53,Pune,REG-01,2023-06-03,Consumer
CUST-08324,Priyanka Das,Female,52,Gurgaon,REG-02,2024-01-13,Consumer
CUST-08325,Manish Das,Male,34,Mysore,REG-03,2024-03-06,Consumer
CUST-08326,Aditya Shah,Male,52,Howrah,REG-04,2025-11-26,Consumer
CUST-08327,Riya Kumar,Female,32,Ahmedabad,REG-01,2025-10-16,Consumer
CUST-08328,Sneha Reddy,Female,31,Kolkata,REG-04,2024-09-24,Consumer
CUST-08329,Rohan Gupta,Male,34,Chandigarh,REG-02,2024-05-27,Consumer
CUST-08330,Ishaan Singh,Male,32,Chandigarh,REG-02,2023-07-08,Corporate
CUST-08331,Rohan Nair,Male,31,Ludhiana,REG-02,2023-03-30,Consumer
CUST-08332,Sneha Malhotra,Female,46,Chennai,REG-03,2023-04-24,Consumer
CUST-08333,Deepak Patel,Male,35,Chennai,REG-03,2023-01-22,Consumer
CUST-08334,Rahul Deshmukh,Male,41,Howrah,REG-04,2023-12-25,Small Business
CUST-08335,Ishaan Trivedi,Male,45,Ahmedabad,REG-01,2024-09-08,Consumer
CUST-08336,Vikram Malhotra,Male,38,Noida,REG-02,2023-04-25,Small Business
CUST-08337,Kavya Pandey,Female,23,Coimbatore,REG-03,2023-05-16,Small Business
CUST-08338,Rajesh Deshmukh,Male,19,Asansol,REG-04,2025-04-29,Consumer
CUST-08339,Pranav Kapoor,Male,35,Hyderabad,REG-03,2025-05-04,Consumer
CUST-08340,Diya Kumar,Female,32,Ranchi,REG-04,2025-01-21,Corporate
CUST-08341,Aadhya Verma,Female,34,Dibrugarh,REG-06,2024-09-24,Consumer
CUST-08342,Sneha Choudhury,Female,33,Agartala,REG-06,2024-01-02,Consumer
CUST-08343,Vihaan Mehta,Male,62,Hyderabad,REG-03,2024-10-27,Corporate
CUST-08344,Arjun Trivedi,Male,19,Cuttack,REG-04,2025-11-18,Consumer
CUST-08345,Vikram Shah,Male,18,Delhi,REG-02,2025-01-16,Consumer
CUST-08346,Sara Pandey,Female,37,Vadodara,REG-01,2024-11-15,Consumer
CUST-08347,Manish Shah,Male,29,Vadodara,REG-01,2023-09-15,Corporate
CUST-08348,Riya Gupta,Female,37,Gwalior,REG-05,2025-06-20,Consumer
CUST-08349,Myra Shah,Female,40,Surat,REG-01,2023-11-26,Consumer
CUST-08350,Preeti Nair,Female,48,Lucknow,REG-02,2024-04-17,Consumer
CUST-08351,Amit Verma,Male,18,Bilaspur,REG-05,2023-06-01,Consumer
CUST-08352,Dhruv Sharma,Male,27,Surat,REG-01,2024-03-15,Consumer
CUST-08353,Shaurya Saxena,Male,38,Bhopal,REG-05,2025-06-13,Consumer
CUST-08354,Aditya Choudhury,Male,42,Asansol,REG-04,2025-01-27,Consumer
CUST-08355,Kabir Mishra,Male,58,Gwalior,REG-05,2024-02-18,Consumer
CUST-08356,Tanvi Verma,Other,44,Kanpur,REG-02,2023-07-24,Consumer
CUST-08357,Krishna Reddy,Male,33,Bhubaneswar,REG-04,2023-08-18,Consumer
CUST-08358,Sneha Pillai,Female,24,Vadodara,REG-01,2024-12-09,Consumer
CUST-08359,Ishaan Kapoor,Male,27,Chandigarh,REG-02,2024-04-21,Consumer
CUST-08360,Krishna Pandey,Male,27,Mumbai,REG-01,2024-11-25,Consumer
CUST-08361,Vihaan Joshi,Male,41,Mysore,REG-03,2024-04-28,Consumer
CUST-08362,Kavya Singh,Female,36,Mysore,REG-03,2023-03-10,Corporate
CUST-08363,Priyanka Nair,Female,19,Coimbatore,REG-03,2024-05-06,Consumer
CUST-08364,Reyansh Patel,Male,29,Surat,REG-01,2025-02-19,Corporate
CUST-08365,Myra Bose,Female,43,Bhubaneswar,REG-04,2023-05-02,Corporate
CUST-08366,Saanvi Kapoor,Female,37,Mysore,REG-03,2024-01-25,Consumer
CUST-08367,Dhruv Pandey,Male,40,Hyderabad,REG-03,2025-07-10,Consumer
CUST-08368,Karan Kumar,Male,38,Dibrugarh,REG-06,2024-07-27,Consumer
CUST-08369,Reyansh Malhotra,Male,51,Noida,REG-02,2024-06-06,Consumer
CUST-08370,Aanya Mehta,Female,36,Kolkata,REG-04,2025-07-17,Consumer
CUST-08371,Ayaan Nair,Male,29,Nashik,REG-01,2025-06-29,Corporate
CUST-08372,Deepika Mukherjee,Female,23,Chennai,REG-03,2023-03-05,Consumer
CUST-08373,Navya Menon,Female,36,Nashik,REG-01,2024-05-09,Consumer
CUST-08374,Neha Mukherjee,Female,18,Pune,REG-01,2025-01-23,Consumer
CUST-08375,Navya Mishra,Female,31,Visakhapatnam,REG-03,2024-10-18,Consumer
CUST-08376,Shaurya Singh,Male,31,Asansol,REG-04,2025-02-08,Consumer
CUST-08377,Anand Kumar,Male,18,Delhi,REG-02,2023-04-07,Consumer
CUST-08378,Reyansh Kulkarni,Male,23,Raipur,REG-05,2023-06-21,Consumer
CUST-08379,Amit Verma,Male,42,Nashik,REG-01,2024-07-01,Consumer
CUST-08380,Neha Kulkarni,Female,36,Ludhiana,REG-02,2025-11-24,Corporate
CUST-08381,Swati Reddy,Female,35,Delhi,REG-02,2023-11-24,Corporate
CUST-08382,Vihaan Kapoor,Male,37,Gurgaon,REG-02,2025-11-11,Consumer
CUST-08383,Ayaan Trivedi,Male,35,Bhubaneswar,REG-04,2025-10-02,Consumer
CUST-08384,Pari Kulkarni,Female,47,Trivandrum,REG-03,2024-02-12,Consumer
CUST-08385,Ananya Sharma,Female,35,Noida,REG-02,2025-01-21,Corporate
CUST-08386,Rajesh Nair,Male,18,Asansol,REG-04,2024-01-22,Corporate
CUST-08387,Ishaan Reddy,Male,51,Vadodara,REG-01,2023-08-17,Consumer
CUST-08388,Swati Bhat,Female,38,Howrah,REG-04,2025-03-07,Consumer
CUST-08389,Ayaan Reddy,Male,27,Kochi,REG-03,2023-08-17,Small Business
CUST-08390,Saanvi Singh,Female,20,Kochi,REG-03,2023-02-11,Consumer
CUST-08391,Anand Saxena,Male,38,Pune,REG-01,2023-05-24,Consumer
CUST-08392,Dhruv Joshi,Male,32,Ludhiana,REG-02,2025-06-13,Consumer
CUST-08393,Swati Gupta,Female,51,Chandigarh,REG-02,2024-08-12,Consumer
CUST-08394,Reyansh Iyer,Male,30,Ujjain,REG-05,2025-09-07,Small Business
CUST-08395,Saanvi Saxena,Female,24,Kochi,REG-03,2023-10-25,Consumer
CUST-08396,Aarohi Shah,Female,43,Lucknow,REG-02,2025-07-25,Consumer
CUST-08397,Myra Malhotra,Female,44,Bangalore,REG-03,2025-10-01,Consumer
CUST-08398,Ananya Shah,Female,35,Coimbatore,REG-03,2025-02-18,Consumer
CUST-08399,Arjun Rao,Male,41,Kanpur,REG-02,2024-03-15,Corporate
CUST-08400,Swati Menon,Female,33,Ranchi,REG-04,2023-12-29,Consumer
CUST-08401,Pari Gupta,Female,36,Hyderabad,REG-03,2023-09-17,Consumer
CUST-08402,Krishna Reddy,Male,46,Indore,REG-05,2025-09-03,Small Business
CUST-08403,Sai Bose,Male,40,Jaipur,REG-02,2024-01-05,Consumer
CUST-08404,Aanya Kumar,Female,32,Surat,REG-01,2023-09-05,Consumer
CUST-08405,Atharv Kapoor,Male,48,Delhi,REG-02,2024-10-29,Corporate
CUST-08406,Angel Reddy,Female,18,Hyderabad,REG-03,2025-08-28,Consumer
CUST-08407,Simran Nair,Female,56,Bhopal,REG-05,2024-06-14,Consumer
CUST-08408,Aditya Rao,Male,18,Bilaspur,REG-05,2023-05-16,Corporate
CUST-08409,Ananya Iyer,Female,27,Ranchi,REG-04,2023-11-03,Corporate
CUST-08410,Kavya Mehta,Female,33,Panaji,REG-01,2024-06-17,Consumer
CUST-08411,Navya Kulkarni,Female,32,Panaji,REG-01,2024-10-21,Consumer
CUST-08412,Anushka Bose,Female,45,Pune,REG-01,2024-06-27,Consumer
CUST-08413,Sara Deshmukh,Female,22,Dibrugarh,REG-06,2023-08-15,Small Business
CUST-08414,Advaith Shah,Male,36,Ahmedabad,REG-01,2023-10-22,Corporate
CUST-08415,Sunita Gupta,Female,27,Trivandrum,REG-03,2025-04-28,Consumer
CUST-08416,Sara Aggarwal,Female,37,Vadodara,REG-01,2023-08-06,Consumer
CUST-08417,Gaurav Shah,Male,33,Nashik,REG-01,2024-07-23,Consumer
CUST-08418,Atharv Mukherjee,Male,35,Gurgaon,REG-02,2025-01-30,Consumer
CUST-08419,Reyansh Reddy,Male,27,Lucknow,REG-02,2025-04-30,Consumer
CUST-08420,Sara Menon,Female,28,Imphal,REG-06,2023-08-18,Consumer
CUST-08421,Ayaan Verma,Male,37,Bangalore,REG-03,2024-11-04,Consumer
CUST-08422,Angel Kumar,Female,44,Cuttack,REG-04,2025-03-14,Consumer
CUST-08423,Vivaan Kumar,Male,27,Jaipur,REG-02,2025-10-15,Consumer
CUST-08424,Ishaan Das,Male,24,Nagpur,REG-01,2025-10-01,Consumer
CUST-08425,Aarohi Bose,Female,40,Surat,REG-01,2024-09-02,Consumer
CUST-08426,Sneha Pillai,Female,33,Chandigarh,REG-02,2023-01-08,Consumer
CUST-08427,Shreya Pillai,Female,43,Nagpur,REG-01,2024-07-26,Consumer
CUST-08428,Swati Gupta,Female,24,Jaipur,REG-02,2025-03-08,Consumer
CUST-08429,Shaurya Iyer,Male,18,Nagpur,REG-01,2023-10-01,Corporate
CUST-08430,Aditya Bhat,Male,28,Hyderabad,REG-03,2025-04-18,Corporate
CUST-08431,Reyansh Mukherjee,Male,25,Pune,REG-01,2025-04-24,Consumer
CUST-08432,Rajesh Singh,Male,33,Nashik,REG-01,2025-07-06,Small Business
CUST-08433,Aditi Patel,Female,26,Ludhiana,REG-02,2025-09-08,Corporate
CUST-08434,Krishna Chopra,Male,42,Surat,REG-01,2025-06-25,Corporate
CUST-08435,Rajesh Deshmukh,Male,30,Trivandrum,REG-03,2023-10-09,Consumer
CUST-08436,Gaurav Nair,Male,35,Nagpur,REG-01,2023-04-13,Corporate
CUST-08437,Vivaan Deshmukh,Male,35,Hyderabad,REG-03,2024-03-01,Consumer
CUST-08438,Simran Choudhury,Female,36,Chennai,REG-03,2025-08-28,Consumer
CUST-08439,Shreya Kapoor,Female,33,Kanpur,REG-02,2024-03-28,Consumer
CUST-08440,Kabir Deshmukh,Male,39,Chennai,REG-03,2025-02-25,Consumer
CUST-08441,Preeti Pillai,Female,25,Visakhapatnam,REG-03,2024-03-26,Consumer
CUST-08442,Swati Verma,Female,49,Ludhiana,REG-02,2024-03-10,Consumer
CUST-08443,Kavya Bhat,Female,31,Delhi,REG-02,2023-03-17,Consumer
CUST-08444,Anand Nair,Male,19,Gurgaon,REG-02,2024-04-24,Corporate
CUST-08445,Deepak Mishra,Male,36,Trivandrum,REG-03,2025-04-22,Corporate
CUST-08446,Anushka Das,Female,24,Silchar,REG-06,2025-06-30,Consumer
CUST-08447,Neha Bose,Female,41,Trivandrum,REG-03,2024-04-20,Consumer
CUST-08448,Meera Choudhury,Female,58,Trivandrum,REG-03,2024-04-17,Consumer
CUST-08449,Karan Joshi,Male,25,Surat,REG-01,2025-04-05,Consumer
CUST-08450,Avani Joshi,Female,37,Chandigarh,REG-02,2023-01-19,Consumer
CUST-08451,Suresh Gupta,Male,18,Shillong,REG-06,2025-10-22,Consumer
CUST-08452,Advaith Chopra,Male,38,Ujjain,REG-05,2023-09-26,Consumer
CUST-08453,Sara Kulkarni,Other,24,Visakhapatnam,REG-03,2025-09-16,Corporate
CUST-08454,Shreya Bhat,Female,27,Cuttack,REG-04,2025-04-03,Consumer
CUST-08455,Atharv Mukherjee,Male,21,Ranchi,REG-04,2025-05-23,Consumer
CUST-08456,Pooja Kapoor,Female,42,Mumbai,REG-01,2023-10-24,Consumer
CUST-08457,Shreya Iyer,Female,45,Kanpur,REG-02,2025-06-06,Consumer
CUST-08458,Myra Patel,Female,34,Jaipur,REG-02,2025-06-05,Consumer
CUST-08459,Tanvi Bose,Other,24,Ludhiana,REG-02,2023-04-18,Consumer
CUST-08460,Rajesh Bhat,Male,51,Ahmedabad,REG-01,2024-02-09,Small Business
CUST-08461,Sneha Nair,Female,25,Pune,REG-01,2024-01-19,Corporate
CUST-08462,Aadhya Deshmukh,Female,18,Chandigarh,REG-02,2025-01-18,Consumer
CUST-08463,Diya Kumar,Female,39,Jaipur,REG-02,2024-06-20,Small Business
CUST-08464,Shreya Trivedi,Female,21,Bhopal,REG-05,2024-10-21,Consumer
CUST-08465,Nikhil Das,Male,44,Vadodara,REG-01,2025-03-06,Consumer
CUST-08466,Neha Mukherjee,Female,29,Chandigarh,REG-02,2025-08-23,Consumer
CUST-08467,Swati Patel,Female,40,Ranchi,REG-04,2023-03-31,Consumer
CUST-08468,Aarohi Choudhury,Female,49,Guwahati,REG-06,2023-06-12,Small Business
CUST-08469,Riya Bose,Female,20,Delhi,REG-02,2023-04-18,Consumer
CUST-08470,Amit Shah,Male,27,Nagpur,REG-01,2024-09-22,Corporate
CUST-08471,Sai Singh,Male,33,Panaji,REG-01,2024-01-06,Consumer
CUST-08472,Aarohi Kumar,Female,50,Agartala,REG-06,2025-04-02,Consumer
CUST-08473,Ananya Choudhury,Female,26,Bhopal,REG-05,2023-12-13,Consumer
CUST-08474,Sara Pandey,Other,27,Vadodara,REG-01,2023-08-05,Consumer
CUST-08475,Rajesh Bose,Male,39,Jaipur,REG-02,2023-11-23,Consumer
CUST-08476,Advaith Menon,Male,27,Kanpur,REG-02,2024-03-27,Consumer
CUST-08477,Myra Sharma,Female,35,Howrah,REG-04,2023-12-28,Consumer
CUST-08478,Vikram Saxena,Male,18,Visakhapatnam,REG-03,2023-11-09,Consumer
CUST-08479,Meera Gupta,Female,58,Kolkata,REG-04,2024-08-10,Consumer
CUST-08480,Ira Mehta,Female,19,Gurgaon,REG-02,2025-11-10,Consumer
CUST-08481,Kabir Pillai,Male,30,Visakhapatnam,REG-03,2023-03-22,Consumer
CUST-08482,Saanvi Mukherjee,Female,33,Chennai,REG-03,2023-09-21,Consumer
CUST-08483,Aadhya Verma,Female,55,Delhi,REG-02,2025-10-10,Consumer
CUST-08484,Anand Mukherjee,Male,19,Delhi,REG-02,2025-02-27,Consumer
CUST-08485,Avani Bhat,Female,55,Delhi,REG-02,2024-01-23,Consumer
CUST-08486,Rajesh Deshmukh,Male,42,Ranchi,REG-04,2023-03-18,Consumer
CUST-08487,Pooja Choudhury,Female,38,Chennai,REG-03,2025-11-04,Consumer
CUST-08488,Anika Choudhury,Female,23,Patna,REG-04,2025-07-13,Consumer
CUST-08489,Rahul Choudhury,Male,40,Bilaspur,REG-05,2025-10-07,Consumer
CUST-08490,Saanvi Mishra,Female,26,Pune,REG-01,2024-06-08,Consumer
CUST-08491,Pari Kapoor,Female,47,Ujjain,REG-05,2025-05-05,Corporate
CUST-08492,Priyanka Trivedi,Female,23,Chandigarh,REG-02,2023-09-10,Corporate
CUST-08493,Tanvi Singh,Female,32,Shillong,REG-06,2023-01-29,Consumer
CUST-08494,Preeti Malhotra,Female,27,Trivandrum,REG-03,2025-01-16,Consumer
CUST-08495,Deepak Aggarwal,Male,23,Surat,REG-01,2024-06-15,Consumer
CUST-08496,Priyanka Reddy,Female,42,Gurgaon,REG-02,2023-07-10,Consumer
CUST-08497,Amit Iyer,Male,39,Jaipur,REG-02,2025-09-23,Consumer
CUST-08498,Aadhya Aggarwal,Female,47,Chennai,REG-03,2024-11-13,Corporate
CUST-08499,Deepak Gupta,Male,18,Indore,REG-05,2024-07-27,Consumer
CUST-08500,Rahul Deshmukh,Male,45,Hyderabad,REG-03,2024-06-01,Small Business
CUST-08501,Anushka Bose,Female,61,Imphal,REG-06,2024-07-14,Consumer
CUST-08502,Suresh Gupta,Male,29,Kolkata,REG-04,2024-11-11,Small Business
CUST-08503,Angel Mehta,Female,54,Indore,REG-05,2025-09-29,Consumer
CUST-08504,Rahul Pandey,Male,31,Ujjain,REG-05,2024-11-06,Consumer
CUST-08505,Nikhil Kumar,Male,18,Delhi,REG-02,2023-07-30,Corporate
CUST-08506,Swati Verma,Female,30,Gwalior,REG-05,2023-09-27,Consumer
CUST-08507,Vivaan Pillai,Male,45,Pune,REG-01,2024-04-04,Consumer
CUST-08508,Krishna Malhotra,Male,24,Delhi,REG-02,2024-03-19,Consumer
CUST-08509,Aarav Kulkarni,Male,27,Vadodara,REG-01,2024-02-02,Consumer
CUST-08510,Advaith Gupta,Male,40,Bhubaneswar,REG-04,2023-09-10,Consumer
CUST-08511,Vihaan Das,Male,34,Gurgaon,REG-02,2024-11-18,Consumer
CUST-08512,Vikram Choudhury,Male,40,Nagpur,REG-01,2023-03-23,Consumer
CUST-08513,Kabir Mukherjee,Male,36,Vadodara,REG-01,2025-06-22,Corporate
CUST-08514,Sara Choudhury,Female,39,Noida,REG-02,2023-09-30,Consumer
CUST-08515,Deepak Mukherjee,Male,29,Mysore,REG-03,2024-10-13,Corporate
CUST-08516,Vihaan Mehta,Male,36,Panaji,REG-01,2024-03-10,Consumer
CUST-08517,Myra Bose,Female,23,Ranchi,REG-04,2024-11-22,Consumer
CUST-08518,Anika Nair,Female,48,Ahmedabad,REG-01,2023-10-29,Consumer
CUST-08519,Sneha Patel,Female,27,Ahmedabad,REG-01,2024-03-11,Consumer
CUST-08520,Deepika Kumar,Female,46,Kanpur,REG-02,2024-10-16,Consumer
CUST-08521,Atharv Verma,Male,31,Bhubaneswar,REG-04,2024-10-23,Consumer
CUST-08522,Shaurya Das,Male,36,Bangalore,REG-03,2025-03-03,Consumer
CUST-08523,Rahul Saxena,Male,28,Coimbatore,REG-03,2024-09-15,Corporate
CUST-08524,Ira Verma,Female,22,Nagpur,REG-01,2023-03-13,Consumer
CUST-08525,Ishaan Verma,Male,18,Gurgaon,REG-02,2023-08-04,Small Business
CUST-08526,Priyanka Sharma,Female,22,Mumbai,REG-01,2025-10-14,Consumer
CUST-08527,Rohan Trivedi,Male,30,Chennai,REG-03,2024-11-06,Consumer
CUST-08528,Rahul Reddy,Male,36,Nagpur,REG-01,2025-08-10,Consumer
CUST-08529,Rahul Kulkarni,Male,45,Mysore,REG-03,2024-04-24,Consumer
CUST-08530,Nikhil Singh,Male,29,Bilaspur,REG-05,2025-07-08,Consumer
CUST-08531,Ayaan Singh,Male,24,Lucknow,REG-02,2023-10-14,Consumer
CUST-08532,Pooja Bhat,Female,18,Asansol,REG-04,2023-02-05,Consumer
CUST-08533,Sai Kulkarni,Male,39,Gurgaon,REG-02,2023-07-19,Consumer
CUST-08534,Aadhya Choudhury,Female,49,Ujjain,REG-05,2024-10-29,Consumer
CUST-08535,Amit Shah,Male,47,Mysore,REG-03,2023-02-01,Consumer
CUST-08536,Pranav Aggarwal,Male,41,Pune,REG-01,2025-03-07,Corporate
CUST-08537,Aarav Kulkarni,Male,41,Nashik,REG-01,2025-09-19,Consumer
CUST-08538,Riya Reddy,Female,52,Panaji,REG-01,2023-07-15,Consumer
CUST-08539,Aditi Bose,Female,37,Surat,REG-01,2025-10-07,Consumer
CUST-08540,Ayaan Kapoor,Male,41,Vadodara,REG-01,2023-01-19,Consumer
CUST-08541,Aarohi Kumar,Female,30,Panaji,REG-01,2025-05-19,Small Business
CUST-08542,Simran Mishra,Other,19,Vadodara,REG-01,2024-02-14,Consumer
CUST-08543,Atharv Pandey,Male,26,Ahmedabad,REG-01,2023-02-02,Consumer
CUST-08544,Sai Bhat,Male,33,Silchar,REG-06,2025-05-20,Consumer
CUST-08545,Advik Iyer,Male,34,Lucknow,REG-02,2025-02-22,Consumer
CUST-08546,Ananya Verma,Female,55,Chennai,REG-03,2025-04-12,Consumer
CUST-08547,Aditya Trivedi,Male,34,Bangalore,REG-03,2025-08-24,Small Business
CUST-08548,Aadhya Menon,Female,46,Noida,REG-02,2025-11-21,Consumer
CUST-08549,Aditi Kapoor,Female,29,Ranchi,REG-04,2024-04-12,Corporate
CUST-08550,Rajesh Bose,Male,30,Lucknow,REG-02,2023-07-02,Consumer
CUST-08551,Ira Nair,Female,19,Mumbai,REG-01,2025-11-06,Corporate
CUST-08552,Navya Singh,Female,25,Howrah,REG-04,2024-02-11,Consumer
CUST-08553,Kavya Mishra,Female,39,Coimbatore,REG-03,2025-07-06,Consumer
CUST-08554,Arjun Reddy,Male,34,Coimbatore,REG-03,2023-12-04,Consumer
CUST-08555,Navya Reddy,Female,44,Mumbai,REG-01,2025-03-16,Consumer
CUST-08556,Vikram Kapoor,Male,35,Delhi,REG-02,2025-01-02,Consumer
CUST-08557,Ananya Shah,Female,30,Jaipur,REG-02,2023-02-25,Small Business
CUST-08558,Kavya Das,Female,57,Gurgaon,REG-02,2025-02-22,Consumer
CUST-08559,Kavya Choudhury,Female,32,Kochi,REG-03,2024-07-20,Small Business
CUST-08560,Sneha Malhotra,Female,46,Patna,REG-04,2024-11-25,Consumer
CUST-08561,Shaurya Mishra,Male,29,Noida,REG-02,2025-06-25,Consumer
CUST-08562,Ishaan Choudhury,Male,41,Chandigarh,REG-02,2023-10-29,Consumer
CUST-08563,Suresh Malhotra,Male,44,Kanpur,REG-02,2023-11-14,Consumer
CUST-08564,Aanya Nair,Female,36,Lucknow,REG-02,2023-02-24,Corporate
CUST-08565,Sai Iyer,Male,18,Kanpur,REG-02,2025-03-03,Small Business
CUST-08566,Deepak Joshi,Male,34,Patna,REG-04,2023-05-27,Corporate
CUST-08567,Riya Menon,Female,47,Visakhapatnam,REG-03,2024-08-04,Consumer
CUST-08568,Manish Das,Male,39,Ranchi,REG-04,2025-08-25,Corporate
CUST-08569,Pari Iyer,Female,38,Patna,REG-04,2024-06-10,Consumer
CUST-08570,Rajesh Aggarwal,Male,18,Nashik,REG-01,2025-04-24,Corporate
CUST-08571,Aarohi Singh,Female,26,Cuttack,REG-04,2023-10-24,Consumer
CUST-08572,Krishna Pandey,Male,38,Cuttack,REG-04,2025-08-03,Consumer
CUST-08573,Preeti Iyer,Female,38,Chennai,REG-03,2024-09-30,Consumer
CUST-08574,Suresh Rao,Male,47,Nashik,REG-01,2024-12-11,Consumer
CUST-08575,Aarav Iyer,Male,32,Gwalior,REG-05,2025-05-21,Consumer
CUST-08576,Ishaan Chopra,Other,38,Ranchi,REG-04,2025-10-27,Small Business
CUST-08577,Saanvi Bose,Female,34,Raipur,REG-05,2025-07-31,Consumer
CUST-08578,Sara Shah,Female,23,Lucknow,REG-02,2025-05-08,Corporate
CUST-08579,Sai Sharma,Male,18,Noida,REG-02,2024-12-27,Corporate
CUST-08580,Manish Kulkarni,Male,38,Coimbatore,REG-03,2025-08-09,Corporate
CUST-08581,Pranav Pillai,Male,35,Gurgaon,REG-02,2023-02-03,Corporate
CUST-08582,Ayaan Gupta,Male,27,Ludhiana,REG-02,2023-03-04,Consumer
CUST-08583,Shreya Rao,Female,18,Nashik,REG-01,2024-11-08,Small Business
CUST-08584,Swati Gupta,Female,40,Lucknow,REG-02,2025-01-18,Consumer
CUST-08585,Rahul Sharma,Male,31,Kanpur,REG-02,2024-03-24,Consumer
CUST-08586,Vikram Shah,Male,40,Chandigarh,REG-02,2023-04-09,Consumer
CUST-08587,Krishna Pandey,Male,54,Noida,REG-02,2023-02-14,Corporate
CUST-08588,Tanvi Mukherjee,Female,18,Mumbai,REG-01,2024-10-08,Consumer
CUST-08589,Anika Pillai,Female,26,Chennai,REG-03,2024-11-20,Small Business
CUST-08590,Navya Kumar,Female,31,Panaji,REG-01,2025-09-28,Consumer
CUST-08591,Pranav Rao,Male,50,Ranchi,REG-04,2023-03-30,Consumer
CUST-08592,Shreya Aggarwal,Female,18,Pune,REG-01,2024-06-10,Consumer
CUST-08593,Swati Joshi,Female,55,Ujjain,REG-05,2023-07-13,Corporate
CUST-08594,Vihaan Menon,Male,35,Raipur,REG-05,2024-06-12,Consumer
CUST-08595,Anika Bose,Female,32,Howrah,REG-04,2023-05-22,Consumer
CUST-08596,Navya Bose,Female,31,Chandigarh,REG-02,2024-08-06,Consumer
CUST-08597,Suresh Iyer,Male,29,Surat,REG-01,2024-08-26,Consumer
CUST-08598,Advaith Rao,Male,45,Bhubaneswar,REG-04,2024-11-29,Corporate
CUST-08599,Karan Patel,Male,22,Panaji,REG-01,2024-12-18,Consumer
CUST-08600,Sunita Mukherjee,Female,37,Gwalior,REG-05,2025-02-23,Consumer
CUST-08601,Advaith Bhat,Male,29,Trivandrum,REG-03,2025-05-05,Consumer
CUST-08602,Aadhya Kulkarni,Female,25,Indore,REG-05,2025-02-19,Corporate
CUST-08603,Diya Choudhury,Female,62,Kochi,REG-03,2023-02-04,Consumer
CUST-08604,Meera Sharma,Female,38,Nashik,REG-01,2023-10-02,Small Business
CUST-08605,Anika Sharma,Female,40,Nagpur,REG-01,2024-09-16,Consumer
CUST-08606,Rajesh Saxena,Male,46,Nashik,REG-01,2024-08-21,Corporate
CUST-08607,Myra Rao,Female,18,Coimbatore,REG-03,2024-02-05,Corporate
CUST-08608,Ishaan Pandey,Male,53,Lucknow,REG-02,2023-02-16,Consumer
CUST-08609,Angel Mehta,Female,18,Bhubaneswar,REG-04,2025-08-12,Corporate
CUST-08610,Atharv Choudhury,Male,25,Howrah,REG-04,2025-07-19,Consumer
CUST-08611,Myra Kapoor,Female,28,Ludhiana,REG-02,2025-08-18,Consumer
CUST-08612,Sara Shah,Female,40,Lucknow,REG-02,2023-02-13,Consumer
CUST-08613,Navya Mishra,Female,36,Nashik,REG-01,2025-04-04,Consumer
CUST-08614,Ira Aggarwal,Female,32,Coimbatore,REG-03,2025-10-19,Consumer
CUST-08615,Neha Deshmukh,Female,33,Ludhiana,REG-02,2025-02-24,Consumer
CUST-08616,Diya Mishra,Female,23,Chennai,REG-03,2025-09-14,Consumer
CUST-08617,Vivaan Pillai,Male,18,Ludhiana,REG-02,2024-12-05,Consumer
CUST-08618,Myra Mukherjee,Female,41,Agartala,REG-06,2024-07-26,Consumer
CUST-08619,Vihaan Verma,Male,41,Trivandrum,REG-03,2024-01-09,Consumer
CUST-08620,Pranav Shah,Male,51,Visakhapatnam,REG-03,2025-10-29,Consumer
CUST-08621,Navya Gupta,Female,25,Ahmedabad,REG-01,2025-02-15,Small Business
CUST-08622,Anika Patel,Female,41,Hyderabad,REG-03,2024-09-15,Consumer
CUST-08623,Aadhya Menon,Female,30,Mumbai,REG-01,2023-04-02,Consumer
CUST-08624,Priyanka Deshmukh,Female,47,Nashik,REG-01,2023-09-04,Small Business
CUST-08625,Neha Patel,Female,45,Visakhapatnam,REG-03,2023-01-31,Consumer
CUST-08626,Pooja Gupta,Female,36,Silchar,REG-06,2024-06-07,Consumer
CUST-08627,Abhishek Saxena,Male,30,Kanpur,REG-02,2023-02-25,Consumer
CUST-08628,Vivaan Sharma,Male,44,Kanpur,REG-02,2024-12-12,Small Business
CUST-08629,Sunita Gupta,Female,41,Vadodara,REG-01,2024-11-02,Consumer
CUST-08630,Sneha Trivedi,Female,26,Jaipur,REG-02,2024-01-09,Consumer
CUST-08631,Preeti Choudhury,Female,19,Guwahati,REG-06,2025-02-27,Small Business
CUST-08632,Anand Das,Male,30,Bilaspur,REG-05,2025-07-14,Consumer
CUST-08633,Krishna Singh,Male,50,Chennai,REG-03,2025-11-05,Consumer
CUST-08634,Deepak Iyer,Male,46,Guwahati,REG-06,2025-02-14,Small Business
CUST-08635,Avani Mishra,Female,21,Bhopal,REG-05,2025-10-20,Consumer
CUST-08636,Kavya Mukherjee,Female,21,Visakhapatnam,REG-03,2023-02-26,Small Business
CUST-08637,Sunita Malhotra,Female,48,Visakhapatnam,REG-03,2025-03-05,Consumer
CUST-08638,Pranav Kulkarni,Male,21,Surat,REG-01,2023-03-25,Consumer
CUST-08639,Sneha Reddy,Female,39,Imphal,REG-06,2025-01-17,Consumer
CUST-08640,Meera Choudhury,Female,27,Chennai,REG-03,2025-04-12,Consumer
CUST-08641,Gaurav Malhotra,Male,51,Surat,REG-01,2025-05-14,Corporate
CUST-08642,Pari Menon,Female,25,Guwahati,REG-06,2025-02-09,Corporate
CUST-08643,Ananya Mehta,Female,46,Mumbai,REG-01,2025-01-14,Consumer
CUST-08644,Ira Pandey,Female,36,Vadodara,REG-01,2025-09-20,Consumer
CUST-08645,Sneha Rao,Female,36,Vadodara,REG-01,2025-03-23,Consumer
CUST-08646,Tanvi Rao,Female,18,Nashik,REG-01,2024-09-10,Consumer
CUST-08647,Neha Aggarwal,Female,18,Indore,REG-05,2024-09-28,Consumer
CUST-08648,Shreya Deshmukh,Female,31,Ranchi,REG-04,2025-05-29,Corporate
CUST-08649,Vikram Bose,Male,36,Surat,REG-01,2023-12-15,Small Business
CUST-08650,Deepak Kumar,Male,21,Bangalore,REG-03,2023-08-23,Small Business
CUST-08651,Neha Kulkarni,Female,22,Kolkata,REG-04,2023-03-23,Corporate
CUST-08652,Vihaan Bose,Male,40,Delhi,REG-02,2025-07-30,Consumer
CUST-08653,Shreya Verma,Female,40,Raipur,REG-05,2023-06-05,Corporate
CUST-08654,Preeti Bhat,Female,32,Bangalore,REG-03,2023-02-07,Consumer
CUST-08655,Aadhya Bose,Female,42,Visakhapatnam,REG-03,2024-01-18,Consumer
CUST-08656,Ayaan Sharma,Male,21,Delhi,REG-02,2023-06-29,Small Business
CUST-08657,Vivaan Menon,Male,30,Ludhiana,REG-02,2024-04-10,Consumer
CUST-08658,Avani Trivedi,Female,52,Kanpur,REG-02,2025-10-03,Small Business
CUST-08659,Vihaan Kumar,Male,34,Mysore,REG-03,2023-02-18,Consumer
CUST-08660,Sneha Iyer,Female,35,Pune,REG-01,2024-12-25,Corporate
CUST-08661,Priyanka Kapoor,Female,59,Patna,REG-04,2024-01-07,Consumer
CUST-08662,Abhishek Nair,Male,18,Chandigarh,REG-02,2023-02-26,Consumer
CUST-08663,Deepak Trivedi,Male,42,Ujjain,REG-05,2024-12-08,Consumer
CUST-08664,Arjun Singh,Male,52,Nashik,REG-01,2025-02-27,Consumer
CUST-08665,Rohan Bose,Male,30,Surat,REG-01,2023-12-11,Consumer
CUST-08666,Anushka Pillai,Female,43,Surat,REG-01,2023-12-28,Corporate
CUST-08667,Anushka Kulkarni,Female,23,Panaji,REG-01,2025-02-12,Corporate
CUST-08668,Aadhya Bhat,Female,26,Mumbai,REG-01,2025-04-27,Consumer
CUST-08669,Sneha Sharma,Female,38,Chennai,REG-03,2024-02-14,Consumer
CUST-08670,Anushka Iyer,Female,42,Lucknow,REG-02,2023-11-03,Small Business
CUST-08671,Vivaan Trivedi,Male,46,Raipur,REG-05,2025-08-08,Consumer
CUST-08672,Atharv Pillai,Male,51,Cuttack,REG-04,2024-01-18,Consumer
CUST-08673,Manish Kumar,Male,33,Ranchi,REG-04,2023-11-18,Consumer
CUST-08674,Anushka Mukherjee,Female,47,Howrah,REG-04,2023-05-28,Corporate
CUST-08675,Aadhya Choudhury,Female,30,Noida,REG-02,2024-04-11,Consumer
CUST-08676,Pranav Choudhury,Male,43,Nashik,REG-01,2023-07-09,Consumer
CUST-08677,Pari Pandey,Female,36,Hyderabad,REG-03,2023-10-24,Corporate
CUST-08678,Rajesh Kumar,Male,38,Noida,REG-02,2023-02-03,Consumer
CUST-08679,Reyansh Pandey,Male,38,Pune,REG-01,2024-09-14,Consumer
CUST-08680,Simran Pillai,Female,18,Vadodara,REG-01,2023-05-17,Corporate
CUST-08681,Navya Patel,Female,21,Hyderabad,REG-03,2024-04-15,Consumer
CUST-08682,Aadhya Reddy,Female,35,Hyderabad,REG-03,2025-11-29,Consumer
CUST-08683,Advaith Shah,Male,18,Lucknow,REG-02,2023-03-25,Consumer
CUST-08684,Sneha Kulkarni,Female,43,Bangalore,REG-03,2023-01-15,Consumer
CUST-08685,Simran Malhotra,Female,43,Cuttack,REG-04,2025-05-24,Consumer
CUST-08686,Sunita Deshmukh,Female,37,Cuttack,REG-04,2025-08-05,Consumer
CUST-08687,Atharv Reddy,Male,21,Ujjain,REG-05,2023-05-15,Consumer
CUST-08688,Preeti Iyer,Female,49,Shillong,REG-06,2023-09-08,Corporate
CUST-08689,Amit Nair,Male,56,Panaji,REG-01,2023-09-06,Corporate
CUST-08690,Krishna Kumar,Male,35,Kochi,REG-03,2024-06-16,Consumer
CUST-08691,Suresh Rao,Male,39,Mysore,REG-03,2024-11-09,Small Business
CUST-08692,Kabir Das,Male,36,Pune,REG-01,2025-06-27,Consumer
CUST-08693,Kabir Malhotra,Male,39,Jaipur,REG-02,2024-05-13,Consumer
CUST-08694,Deepika Saxena,Female,32,Howrah,REG-04,2025-06-06,Consumer
CUST-08695,Anushka Sharma,Female,33,Visakhapatnam,REG-03,2023-10-03,Corporate
CUST-08696,Dhruv Mishra,Male,43,Visakhapatnam,REG-03,2024-11-08,Consumer
CUST-08697,Rohan Mehta,Male,59,Asansol,REG-04,2025-06-09,Consumer
CUST-08698,Arjun Nair,Male,18,Noida,REG-02,2023-08-18,Consumer
CUST-08699,Swati Mehta,Female,32,Patna,REG-04,2023-08-22,Small Business
CUST-08700,Preeti Saxena,Female,21,Coimbatore,REG-03,2025-05-13,Consumer
CUST-08701,Sai Mukherjee,Other,51,Chennai,REG-03,2024-12-07,Consumer
CUST-08702,Ishaan Das,Male,27,Mumbai,REG-01,2025-10-07,Consumer
CUST-08703,Krishna Chopra,Male,18,Nagpur,REG-01,2024-08-14,Corporate
CUST-08704,Navya Choudhury,Female,41,Nagpur,REG-01,2023-05-14,Corporate
CUST-08705,Saanvi Mehta,Female,53,Coimbatore,REG-03,2025-11-26,Small Business
CUST-08706,Diya Kumar,Female,41,Shillong,REG-06,2024-07-04,Corporate
CUST-08707,Swati Deshmukh,Female,36,Surat,REG-01,2023-05-08,Consumer
CUST-08708,Deepika Saxena,Female,38,Ludhiana,REG-02,2024-02-12,Consumer
CUST-08709,Kabir Kulkarni,Male,49,Jaipur,REG-02,2024-02-22,Consumer
CUST-08710,Reyansh Chopra,Male,24,Mysore,REG-03,2023-08-21,Consumer
CUST-08711,Abhishek Aggarwal,Male,32,Bilaspur,REG-05,2025-02-02,Small Business
CUST-08712,Ayaan Kumar,Male,29,Lucknow,REG-02,2024-12-19,Consumer
CUST-08713,Dhruv Rao,Male,21,Kochi,REG-03,2025-10-14,Corporate
CUST-08714,Rajesh Kumar,Male,30,Bhubaneswar,REG-04,2024-04-16,Small Business
CUST-08715,Tanvi Mehta,Other,46,Coimbatore,REG-03,2023-10-18,Consumer
CUST-08716,Advik Choudhury,Male,40,Mysore,REG-03,2025-05-02,Consumer
CUST-08717,Manish Gupta,Male,41,Asansol,REG-04,2023-11-29,Consumer
CUST-08718,Reyansh Nair,Male,35,Trivandrum,REG-03,2024-09-05,Corporate
CUST-08719,Swati Pandey,Female,39,Kanpur,REG-02,2025-03-15,Consumer
CUST-08720,Meera Iyer,Female,25,Surat,REG-01,2023-11-27,Consumer
CUST-08721,Ayaan Sharma,Male,30,Gwalior,REG-05,2023-03-03,Consumer
CUST-08722,Simran Rao,Female,36,Chennai,REG-03,2024-01-24,Consumer
CUST-08723,Meera Sharma,Female,37,Bhopal,REG-05,2023-03-01,Corporate
CUST-08724,Deepika Kapoor,Female,37,Gurgaon,REG-02,2024-02-20,Consumer
CUST-08725,Kavya Choudhury,Female,32,Nagpur,REG-01,2023-05-24,Consumer
CUST-08726,Navya Pandey,Female,29,Asansol,REG-04,2025-06-02,Consumer
CUST-08727,Anushka Mukherjee,Female,68,Bangalore,REG-03,2025-01-09,Corporate
CUST-08728,Gaurav Iyer,Male,43,Nashik,REG-01,2025-09-26,Consumer
CUST-08729,Rajesh Mehta,Male,38,Coimbatore,REG-03,2025-07-31,Corporate
CUST-08730,Ayaan Kumar,Male,31,Panaji,REG-01,2024-12-27,Consumer
CUST-08731,Navya Pandey,Female,29,Imphal,REG-06,2025-04-14,Corporate
CUST-08732,Saanvi Pandey,Female,32,Indore,REG-05,2024-11-18,Consumer
CUST-08733,Aditi Patel,Female,37,Hyderabad,REG-03,2023-08-05,Consumer
CUST-08734,Pooja Pillai,Female,18,Mumbai,REG-01,2024-10-22,Consumer
CUST-08735,Aditya Das,Male,18,Pune,REG-01,2024-06-27,Consumer
CUST-08736,Neha Mukherjee,Female,26,Mysore,REG-03,2025-02-11,Consumer
CUST-08737,Anika Verma,Female,36,Visakhapatnam,REG-03,2025-07-11,Consumer
CUST-08738,Shaurya Choudhury,Male,31,Chandigarh,REG-02,2025-02-28,Corporate
CUST-08739,Myra Bhat,Female,50,Panaji,REG-01,2024-06-13,Consumer
CUST-08740,Karan Mishra,Male,18,Kochi,REG-03,2024-03-25,Small Business
CUST-08741,Manish Sharma,Male,25,Noida,REG-02,2025-02-19,Consumer
CUST-08742,Ananya Reddy,Female,50,Gurgaon,REG-02,2025-01-19,Consumer
CUST-08743,Aanya Mehta,Female,35,Bilaspur,REG-05,2023-07-02,Consumer
CUST-08744,Aarav Mehta,Male,43,Panaji,REG-01,2023-10-02,Consumer
CUST-08745,Sneha Mehta,Female,56,Coimbatore,REG-03,2023-07-20,Consumer
CUST-08746,Gaurav Mukherjee,Male,26,Visakhapatnam,REG-03,2023-04-01,Consumer
CUST-08747,Tanvi Aggarwal,Female,32,Nashik,REG-01,2024-02-04,Corporate
CUST-08748,Atharv Patel,Male,31,Jaipur,REG-02,2024-05-05,Corporate
CUST-08749,Krishna Mukherjee,Male,18,Patna,REG-04,2023-11-09,Consumer
CUST-08750,Diya Deshmukh,Female,30,Ranchi,REG-04,2025-03-03,Consumer
CUST-08751,Diya Saxena,Female,43,Ujjain,REG-05,2023-01-03,Consumer
CUST-08752,Aadhya Kapoor,Female,39,Pune,REG-01,2024-04-08,Consumer
CUST-08753,Vihaan Iyer,Male,40,Panaji,REG-01,2024-08-31,Consumer
CUST-08754,Kabir Das,Male,29,Bhubaneswar,REG-04,2025-06-09,Consumer
CUST-08755,Rahul Joshi,Male,26,Chandigarh,REG-02,2024-10-04,Small Business
CUST-08756,Sunita Pillai,Female,47,Ranchi,REG-04,2025-01-08,Consumer
CUST-08757,Tanvi Patel,Female,28,Vadodara,REG-01,2023-02-05,Consumer
CUST-08758,Suresh Chopra,Male,37,Mumbai,REG-01,2024-08-24,Consumer
CUST-08759,Aarav Kulkarni,Male,35,Chandigarh,REG-02,2023-12-16,Consumer
CUST-08760,Vihaan Deshmukh,Male,50,Ahmedabad,REG-01,2023-03-28,Consumer
CUST-08761,Sai Kumar,Male,44,Ahmedabad,REG-01,2024-08-31,Small Business
CUST-08762,Kavya Das,Other,19,Mysore,REG-03,2025-08-06,Consumer
CUST-08763,Reyansh Iyer,Male,20,Surat,REG-01,2025-07-02,Consumer
CUST-08764,Suresh Deshmukh,Male,40,Nashik,REG-01,2023-07-23,Consumer
CUST-08765,Aditya Bhat,Male,33,Chandigarh,REG-02,2025-10-15,Consumer
CUST-08766,Sara Gupta,Female,28,Asansol,REG-04,2025-01-14,Small Business
CUST-08767,Rohan Chopra,Male,45,Ujjain,REG-05,2024-10-14,Consumer
CUST-08768,Neha Chopra,Female,36,Vadodara,REG-01,2023-08-04,Small Business
CUST-08769,Deepak Verma,Male,34,Ludhiana,REG-02,2023-09-18,Corporate
CUST-08770,Rohan Bhat,Male,42,Kanpur,REG-02,2023-03-08,Consumer
CUST-08771,Vihaan Shah,Male,29,Agartala,REG-06,2023-11-12,Consumer
CUST-08772,Anushka Verma,Female,51,Trivandrum,REG-03,2024-01-29,Consumer
CUST-08773,Suresh Kulkarni,Male,25,Bangalore,REG-03,2023-07-26,Consumer
CUST-08774,Aarav Bhat,Male,41,Trivandrum,REG-03,2024-02-18,Consumer
CUST-08775,Myra Nair,Female,49,Jaipur,REG-02,2024-01-06,Small Business
CUST-08776,Sara Reddy,Female,18,Coimbatore,REG-03,2025-08-28,Consumer
CUST-08777,Vivaan Das,Male,30,Trivandrum,REG-03,2024-04-27,Small Business
CUST-08778,Vihaan Pandey,Male,46,Coimbatore,REG-03,2024-09-22,Small Business
CUST-08779,Atharv Joshi,Male,46,Ludhiana,REG-02,2023-04-19,Consumer
CUST-08780,Abhishek Shah,Male,32,Bangalore,REG-03,2024-05-07,Consumer
CUST-08781,Ayaan Bose,Male,25,Coimbatore,REG-03,2023-03-14,Consumer
CUST-08782,Aarav Nair,Male,44,Delhi,REG-02,2024-08-12,Consumer
CUST-08783,Reyansh Shah,Male,47,Lucknow,REG-02,2023-02-12,Consumer
CUST-08784,Pranav Shah,Male,21,Raipur,REG-05,2023-09-12,Consumer
CUST-08785,Sara Choudhury,Female,20,Ludhiana,REG-02,2024-01-25,Corporate
CUST-08786,Angel Joshi,Female,36,Chandigarh,REG-02,2024-01-29,Consumer
CUST-08787,Ayaan Gupta,Male,40,Surat,REG-01,2023-06-01,Consumer
CUST-08788,Anushka Verma,Female,30,Chennai,REG-03,2023-03-25,Consumer
CUST-08789,Reyansh Shah,Male,41,Cuttack,REG-04,2023-02-23,Corporate
CUST-08790,Meera Kulkarni,Female,26,Cuttack,REG-04,2025-11-23,Consumer
CUST-08791,Ira Rao,Female,18,Ranchi,REG-04,2023-01-23,Consumer
CUST-08792,Advik Mukherjee,Male,29,Coimbatore,REG-03,2024-02-14,Corporate
CUST-08793,Kavya Chopra,Female,34,Surat,REG-01,2024-04-06,Corporate
CUST-08794,Sai Kulkarni,Male,30,Vadodara,REG-01,2023-04-02,Consumer
CUST-08795,Aanya Joshi,Female,21,Lucknow,REG-02,2024-07-26,Consumer
CUST-08796,Priyanka Bhat,Female,18,Lucknow,REG-02,2025-11-21,Corporate
CUST-08797,Shaurya Pandey,Male,28,Nashik,REG-01,2023-12-31,Small Business
CUST-08798,Saanvi Patel,Female,43,Bhubaneswar,REG-04,2024-04-20,Consumer
CUST-08799,Ishaan Pillai,Male,47,Delhi,REG-02,2023-03-14,Consumer
CUST-08800,Aanya Kumar,Female,47,Ahmedabad,REG-01,2025-02-16,Consumer
CUST-08801,Preeti Bose,Female,25,Pune,REG-01,2025-10-02,Consumer
CUST-08802,Suresh Joshi,Male,21,Delhi,REG-02,2024-12-08,Consumer
CUST-08803,Simran Aggarwal,Female,39,Jabalpur,REG-05,2025-02-10,Small Business
CUST-08804,Sai Bose,Male,40,Patna,REG-04,2024-08-28,Consumer
CUST-08805,Dhruv Menon,Male,38,Asansol,REG-04,2024-06-10,Consumer
CUST-08806,Aadhya Sharma,Female,18,Bangalore,REG-03,2024-01-01,Consumer
CUST-08807,Krishna Das,Male,24,Panaji,REG-01,2025-09-03,Consumer
CUST-08808,Sneha Pillai,Female,33,Kanpur,REG-02,2024-06-28,Consumer
CUST-08809,Shaurya Choudhury,Male,39,Nashik,REG-01,2025-09-27,Corporate
CUST-08810,Saanvi Joshi,Female,42,Ranchi,REG-04,2023-12-25,Small Business
CUST-08811,Advik Reddy,Male,35,Jabalpur,REG-05,2024-02-10,Small Business
CUST-08812,Ishaan Rao,Male,37,Chennai,REG-03,2023-05-04,Consumer
CUST-08813,Tanvi Sharma,Female,34,Indore,REG-05,2024-05-28,Consumer
CUST-08814,Aadhya Saxena,Female,41,Nashik,REG-01,2025-02-08,Corporate
CUST-08815,Advik Trivedi,Male,37,Panaji,REG-01,2025-08-22,Consumer
CUST-08816,Vihaan Mehta,Male,34,Vadodara,REG-01,2025-10-23,Consumer
CUST-08817,Manish Kumar,Male,31,Imphal,REG-06,2024-06-03,Corporate
CUST-08818,Ishaan Patel,Other,34,Silchar,REG-06,2024-06-08,Consumer
CUST-08819,Diya Mishra,Female,39,Noida,REG-02,2024-02-19,Consumer
CUST-08820,Aditya Kapoor,Male,36,Chandigarh,REG-02,2025-10-28,Consumer
CUST-08821,Priyanka Kapoor,Female,38,Ahmedabad,REG-01,2025-02-25,Corporate
CUST-08822,Anushka Saxena,Female,48,Vadodara,REG-01,2023-06-27,Consumer
CUST-08823,Aditi Joshi,Female,36,Nashik,REG-01,2024-05-04,Corporate
CUST-08824,Abhishek Verma,Male,26,Visakhapatnam,REG-03,2023-04-06,Consumer
CUST-08825,Pari Aggarwal,Female,43,Gurgaon,REG-02,2025-01-07,Corporate
CUST-08826,Ishaan Das,Male,18,Lucknow,REG-02,2024-07-22,Consumer
CUST-08827,Gaurav Bose,Male,22,Ujjain,REG-05,2024-08-26,Consumer
CUST-08828,Rahul Mukherjee,Male,37,Gwalior,REG-05,2023-09-06,Consumer
CUST-08829,Aditya Menon,Male,39,Gurgaon,REG-02,2023-06-01,Small Business
CUST-08830,Aadhya Joshi,Female,20,Gwalior,REG-05,2024-12-28,Small Business
CUST-08831,Pari Gupta,Female,29,Kanpur,REG-02,2025-02-25,Consumer
CUST-08832,Pari Reddy,Female,27,Panaji,REG-01,2023-07-27,Consumer
CUST-08833,Myra Aggarwal,Female,28,Panaji,REG-01,2024-06-25,Consumer
CUST-08834,Sara Deshmukh,Female,44,Pune,REG-01,2025-08-19,Consumer
CUST-08835,Aanya Pandey,Female,41,Bhopal,REG-05,2024-03-15,Corporate
CUST-08836,Vivaan Mishra,Male,33,Bangalore,REG-03,2025-11-12,Consumer
CUST-08837,Sai Reddy,Male,27,Ludhiana,REG-02,2024-07-18,Consumer
CUST-08838,Simran Menon,Female,19,Noida,REG-02,2025-06-23,Corporate
CUST-08839,Amit Gupta,Male,49,Nagpur,REG-01,2024-11-24,Consumer
CUST-08840,Kabir Deshmukh,Male,40,Ludhiana,REG-02,2023-07-05,Small Business
CUST-08841,Rahul Patel,Male,26,Jaipur,REG-02,2024-11-18,Consumer
CUST-08842,Aditi Deshmukh,Female,41,Nagpur,REG-01,2024-05-28,Consumer
CUST-08843,Kavya Verma,Female,33,Jabalpur,REG-05,2023-07-10,Consumer
CUST-08844,Gaurav Kumar,Male,30,Indore,REG-05,2023-09-15,Consumer
CUST-08845,Avani Saxena,Other,38,Lucknow,REG-02,2023-07-22,Consumer
CUST-08846,Myra Patel,Female,25,Chandigarh,REG-02,2023-07-21,Consumer
CUST-08847,Shaurya Nair,Male,30,Bhopal,REG-05,2025-11-28,Consumer
CUST-08848,Manish Saxena,Male,35,Howrah,REG-04,2024-07-13,Corporate
CUST-08849,Abhishek Deshmukh,Male,28,Ranchi,REG-04,2023-08-08,Consumer
CUST-08850,Preeti Kapoor,Female,41,Trivandrum,REG-03,2024-11-05,Corporate
CUST-08851,Navya Mehta,Female,54,Nashik,REG-01,2023-02-15,Small Business
CUST-08852,Sneha Deshmukh,Female,25,Chennai,REG-03,2024-11-13,Consumer
CUST-08853,Rahul Shah,Male,18,Trivandrum,REG-03,2025-09-22,Consumer
CUST-08854,Kavya Kulkarni,Female,18,Nagpur,REG-01,2025-05-31,Consumer
CUST-08855,Pooja Chopra,Female,32,Nagpur,REG-01,2023-12-31,Consumer
CUST-08856,Swati Pandey,Female,26,Jaipur,REG-02,2025-08-16,Consumer
CUST-08857,Aadhya Mishra,Female,36,Raipur,REG-05,2023-06-20,Consumer
CUST-08858,Ira Bhat,Female,35,Cuttack,REG-04,2024-11-27,Consumer
CUST-08859,Deepika Patel,Female,18,Nashik,REG-01,2025-09-30,Consumer
CUST-08860,Vivaan Rao,Male,18,Kolkata,REG-04,2024-05-31,Consumer
CUST-08861,Pranav Deshmukh,Male,37,Noida,REG-02,2025-02-18,Consumer
CUST-08862,Arjun Gupta,Male,35,Surat,REG-01,2024-08-11,Small Business
CUST-08863,Pooja Gupta,Female,29,Trivandrum,REG-03,2024-12-05,Consumer
CUST-08864,Simran Trivedi,Female,18,Mysore,REG-03,2025-08-08,Consumer
CUST-08865,Rohan Iyer,Male,39,Gurgaon,REG-02,2023-12-11,Corporate
CUST-08866,Aanya Kumar,Female,47,Nashik,REG-01,2024-01-23,Consumer
CUST-08867,Sunita Iyer,Female,37,Ranchi,REG-04,2023-04-16,Consumer
CUST-08868,Preeti Aggarwal,Female,24,Bilaspur,REG-05,2025-05-15,Consumer
CUST-08869,Pari Singh,Female,34,Jaipur,REG-02,2024-02-20,Consumer
CUST-08870,Karan Sharma,Male,18,Cuttack,REG-04,2025-01-06,Consumer
CUST-08871,Ananya Deshmukh,Female,45,Asansol,REG-04,2023-03-24,Consumer
CUST-08872,Krishna Trivedi,Male,34,Bangalore,REG-03,2025-01-15,Small Business
CUST-08873,Aarav Reddy,Male,18,Lucknow,REG-02,2025-08-25,Corporate
CUST-08874,Rajesh Pandey,Male,30,Kolkata,REG-04,2025-11-03,Corporate
CUST-08875,Aarav Aggarwal,Male,39,Gurgaon,REG-02,2024-06-17,Consumer
CUST-08876,Swati Trivedi,Female,30,Nagpur,REG-01,2025-09-26,Consumer
CUST-08877,Advaith Choudhury,Male,30,Chennai,REG-03,2023-05-24,Consumer
CUST-08878,Anika Deshmukh,Female,20,Cuttack,REG-04,2023-03-01,Consumer
CUST-08879,Avani Singh,Female,40,Ahmedabad,REG-01,2024-03-13,Consumer
CUST-08880,Preeti Saxena,Female,26,Visakhapatnam,REG-03,2025-09-02,Consumer
CUST-08881,Anand Kumar,Male,18,Raipur,REG-05,2023-12-21,Small Business
CUST-08882,Aditya Verma,Male,29,Indore,REG-05,2024-03-20,Corporate
CUST-08883,Abhishek Gupta,Male,44,Imphal,REG-06,2024-06-24,Corporate
CUST-08884,Sai Choudhury,Male,29,Chandigarh,REG-02,2023-10-29,Consumer
CUST-08885,Sneha Gupta,Female,53,Pune,REG-01,2023-05-05,Consumer
CUST-08886,Aarav Shah,Male,38,Chandigarh,REG-02,2024-03-20,Corporate
CUST-08887,Meera Iyer,Female,37,Gurgaon,REG-02,2025-10-08,Consumer
CUST-08888,Priyanka Rao,Female,32,Ranchi,REG-04,2025-11-27,Consumer
CUST-08889,Priyanka Kulkarni,Female,33,Chandigarh,REG-02,2025-05-02,Consumer
CUST-08890,Abhishek Singh,Male,31,Ahmedabad,REG-01,2025-03-27,Small Business
CUST-08891,Gaurav Chopra,Male,30,Nagpur,REG-01,2024-07-24,Small Business
CUST-08892,Suresh Pandey,Male,39,Asansol,REG-04,2025-09-21,Consumer
CUST-08893,Gaurav Pandey,Male,23,Coimbatore,REG-03,2023-04-20,Small Business
CUST-08894,Rajesh Patel,Male,22,Raipur,REG-05,2024-12-07,Consumer
CUST-08895,Anand Verma,Male,21,Patna,REG-04,2024-07-07,Consumer
CUST-08896,Meera Rao,Other,56,Nagpur,REG-01,2023-04-19,Consumer
CUST-08897,Vihaan Sharma,Male,39,Trivandrum,REG-03,2023-11-30,Consumer
CUST-08898,Advik Rao,Male,37,Gurgaon,REG-02,2023-02-08,Consumer
CUST-08899,Aditya Saxena,Male,22,Delhi,REG-02,2023-09-25,Consumer
CUST-08900,Rahul Joshi,Male,40,Bhubaneswar,REG-04,2023-01-09,Consumer
CUST-08901,Preeti Bhat,Female,32,Bhubaneswar,REG-04,2023-10-31,Small Business
CUST-08902,Meera Mehta,Female,36,Ranchi,REG-04,2023-12-21,Corporate
CUST-08903,Tanvi Deshmukh,Female,23,Indore,REG-05,2025-10-04,Consumer
CUST-08904,Karan Rao,Male,35,Bangalore,REG-03,2025-06-08,Small Business
CUST-08905,Advik Singh,Male,29,Nashik,REG-01,2024-07-30,Small Business
CUST-08906,Riya Patel,Female,25,Chennai,REG-03,2025-06-12,Consumer
CUST-08907,Suresh Singh,Male,42,Bhopal,REG-05,2024-06-04,Consumer
CUST-08908,Krishna Sharma,Male,18,Noida,REG-02,2024-04-18,Small Business
CUST-08909,Simran Iyer,Female,40,Bangalore,REG-03,2025-10-09,Consumer
CUST-08910,Ayaan Mishra,Male,41,Hyderabad,REG-03,2025-08-04,Consumer
CUST-08911,Meera Nair,Female,24,Nashik,REG-01,2023-04-27,Consumer
CUST-08912,Shreya Malhotra,Female,24,Hyderabad,REG-03,2023-09-19,Consumer
CUST-08913,Gaurav Menon,Male,31,Vadodara,REG-01,2023-04-12,Corporate
CUST-08914,Kabir Trivedi,Male,37,Silchar,REG-06,2025-01-07,Corporate
CUST-08915,Krishna Reddy,Male,32,Mysore,REG-03,2025-05-28,Consumer
CUST-08916,Anika Das,Female,38,Bangalore,REG-03,2023-07-04,Consumer
CUST-08917,Ira Gupta,Female,53,Nashik,REG-01,2024-12-31,Consumer
CUST-08918,Riya Das,Female,28,Ludhiana,REG-02,2024-10-08,Corporate
CUST-08919,Pranav Nair,Male,18,Kanpur,REG-02,2025-10-12,Consumer
CUST-08920,Aditi Nair,Female,43,Dibrugarh,REG-06,2023-07-10,Consumer
CUST-08921,Aarohi Bose,Female,52,Ujjain,REG-05,2024-07-24,Small Business
CUST-08922,Ishaan Menon,Male,38,Pune,REG-01,2025-05-16,Small Business
CUST-08923,Atharv Gupta,Male,22,Asansol,REG-04,2024-08-04,Corporate
CUST-08924,Amit Singh,Male,32,Nagpur,REG-01,2023-07-14,Consumer
CUST-08925,Kabir Gupta,Male,21,Delhi,REG-02,2023-04-19,Consumer
CUST-08926,Nikhil Das,Male,41,Shillong,REG-06,2025-05-15,Consumer
CUST-08927,Ira Pillai,Female,19,Pune,REG-01,2024-04-09,Consumer
CUST-08928,Vikram Deshmukh,Male,30,Bangalore,REG-03,2023-03-16,Consumer
CUST-08929,Pranav Menon,Other,22,Delhi,REG-02,2023-04-12,Consumer
CUST-08930,Abhishek Pillai,Male,35,Lucknow,REG-02,2024-10-24,Consumer
CUST-08931,Aarohi Gupta,Female,29,Raipur,REG-05,2023-03-18,Consumer
CUST-08932,Sunita Iyer,Female,35,Ahmedabad,REG-01,2023-03-31,Consumer
CUST-08933,Neha Chopra,Female,34,Surat,REG-01,2023-07-24,Consumer
CUST-08934,Simran Mehta,Female,23,Jaipur,REG-02,2025-01-24,Consumer
CUST-08935,Krishna Patel,Male,40,Visakhapatnam,REG-03,2023-08-16,Consumer
CUST-08936,Deepak Saxena,Male,33,Mumbai,REG-01,2023-08-30,Consumer
CUST-08937,Dhruv Menon,Male,23,Ahmedabad,REG-01,2023-04-01,Consumer
CUST-08938,Atharv Gupta,Male,58,Trivandrum,REG-03,2023-05-26,Corporate
CUST-08939,Gaurav Aggarwal,Male,39,Kolkata,REG-04,2025-08-20,Consumer
CUST-08940,Deepika Mukherjee,Female,32,Chandigarh,REG-02,2023-09-05,Corporate
CUST-08941,Karan Iyer,Male,49,Jabalpur,REG-05,2025-10-18,Small Business
CUST-08942,Vihaan Kulkarni,Male,54,Mumbai,REG-01,2023-12-21,Consumer
CUST-08943,Gaurav Menon,Male,32,Raipur,REG-05,2023-03-27,Corporate
CUST-08944,Amit Pillai,Male,37,Visakhapatnam,REG-03,2024-04-03,Consumer
CUST-08945,Ananya Mehta,Female,23,Pune,REG-01,2024-01-14,Consumer
CUST-08946,Anand Bose,Male,32,Kanpur,REG-02,2023-09-20,Corporate
CUST-08947,Reyansh Shah,Male,31,Ranchi,REG-04,2024-01-01,Consumer
CUST-08948,Krishna Mishra,Male,36,Kanpur,REG-02,2023-01-05,Consumer
CUST-08949,Kavya Choudhury,Female,37,Ahmedabad,REG-01,2023-01-20,Consumer
CUST-08950,Rohan Das,Other,40,Coimbatore,REG-03,2025-07-14,Consumer
CUST-08951,Kavya Shah,Female,36,Nashik,REG-01,2024-08-29,Consumer
CUST-08952,Preeti Malhotra,Female,20,Surat,REG-01,2024-03-08,Small Business
CUST-08953,Pranav Shah,Male,23,Chennai,REG-03,2025-06-26,Consumer
CUST-08954,Anand Sharma,Male,27,Jaipur,REG-02,2025-03-02,Consumer
CUST-08955,Shaurya Nair,Male,30,Kochi,REG-03,2025-11-02,Consumer
CUST-08956,Swati Shah,Female,45,Jabalpur,REG-05,2023-06-30,Consumer
CUST-08957,Shreya Chopra,Female,21,Ranchi,REG-04,2023-01-05,Small Business
CUST-08958,Rajesh Gupta,Male,30,Mumbai,REG-01,2025-09-12,Corporate
CUST-08959,Shreya Malhotra,Female,44,Trivandrum,REG-03,2024-05-23,Consumer
CUST-08960,Reyansh Mehta,Male,30,Indore,REG-05,2025-04-08,Corporate
CUST-08961,Ira Reddy,Female,39,Nashik,REG-01,2024-11-15,Consumer
CUST-08962,Anand Patel,Male,32,Vadodara,REG-01,2024-02-08,Corporate
CUST-08963,Gaurav Saxena,Male,36,Cuttack,REG-04,2024-04-10,Consumer
CUST-08964,Advaith Kumar,Male,31,Hyderabad,REG-03,2025-11-12,Consumer
CUST-08965,Pranav Joshi,Male,41,Asansol,REG-04,2025-02-21,Consumer
CUST-08966,Rohan Malhotra,Male,18,Chandigarh,REG-02,2025-07-31,Consumer
CUST-08967,Krishna Rao,Male,30,Surat,REG-01,2024-11-21,Consumer
CUST-08968,Pari Das,Female,37,Ujjain,REG-05,2023-11-14,Consumer
CUST-08969,Swati Singh,Female,39,Panaji,REG-01,2023-04-01,Consumer
CUST-08970,Reyansh Menon,Male,50,Kochi,REG-03,2025-03-08,Consumer
CUST-08971,Preeti Mukherjee,Female,29,Ahmedabad,REG-01,2024-04-16,Consumer
CUST-08972,Neha Iyer,Female,50,Ludhiana,REG-02,2024-07-24,Consumer
CUST-08973,Atharv Mukherjee,Male,26,Howrah,REG-04,2023-01-31,Corporate
CUST-08974,Deepika Kapoor,Female,48,Gwalior,REG-05,2025-04-22,Consumer
CUST-08975,Sara Pillai,Female,42,Vadodara,REG-01,2025-11-23,Consumer
CUST-08976,Priyanka Kapoor,Female,23,Jaipur,REG-02,2024-08-05,Consumer
CUST-08977,Krishna Deshmukh,Other,37,Mysore,REG-03,2023-06-15,Small Business
CUST-08978,Manish Pillai,Male,33,Lucknow,REG-02,2025-03-28,Consumer
CUST-08979,Riya Kumar,Female,40,Chennai,REG-03,2025-10-26,Small Business
CUST-08980,Aanya Choudhury,Female,31,Asansol,REG-04,2024-06-07,Consumer
CUST-08981,Pooja Kumar,Female,30,Guwahati,REG-06,2025-02-11,Consumer
CUST-08982,Sara Bhat,Female,49,Indore,REG-05,2025-11-23,Consumer
CUST-08983,Manish Kumar,Male,32,Guwahati,REG-06,2025-11-04,Corporate
CUST-08984,Shaurya Das,Male,43,Indore,REG-05,2025-02-02,Consumer
CUST-08985,Gaurav Malhotra,Male,31,Agartala,REG-06,2024-09-23,Corporate
CUST-08986,Kavya Menon,Female,52,Patna,REG-04,2025-03-12,Consumer
CUST-08987,Anika Saxena,Female,26,Kolkata,REG-04,2024-09-12,Consumer
CUST-08988,Anika Mishra,Female,27,Noida,REG-02,2023-11-30,Consumer
CUST-08989,Kabir Kumar,Male,50,Ahmedabad,REG-01,2023-01-16,Small Business
CUST-08990,Karan Joshi,Male,29,Kochi,REG-03,2025-06-29,Small Business
CUST-08991,Myra Patel,Female,51,Trivandrum,REG-03,2024-01-08,Consumer
CUST-08992,Krishna Verma,Male,43,Ludhiana,REG-02,2023-12-22,Consumer
CUST-08993,Priyanka Patel,Female,32,Cuttack,REG-04,2025-11-16,Corporate
CUST-08994,Tanvi Shah,Female,18,Gurgaon,REG-02,2023-11-16,Consumer
CUST-08995,Vivaan Kumar,Male,33,Chandigarh,REG-02,2024-12-28,Consumer
CUST-08996,Shaurya Pandey,Male,35,Gurgaon,REG-02,2023-03-19,Consumer
CUST-08997,Sneha Choudhury,Female,46,Indore,REG-05,2023-08-15,Consumer
CUST-08998,Suresh Trivedi,Male,51,Trivandrum,REG-03,2025-07-06,Consumer
CUST-08999,Shreya Mishra,Female,26,Visakhapatnam,REG-03,2023-02-28,Corporate
CUST-09000,Reyansh Singh,Male,42,Mumbai,REG-01,2023-06-02,Consumer
CUST-09001,Preeti Choudhury,Female,42,Jaipur,REG-02,2025-09-03,Corporate
CUST-09002,Vikram Trivedi,Male,45,Noida,REG-02,2025-03-15,Corporate
CUST-09003,Abhishek Joshi,Male,39,Howrah,REG-04,2025-08-26,Consumer
CUST-09004,Ira Gupta,Female,18,Visakhapatnam,REG-03,2023-04-15,Consumer
CUST-09005,Pranav Bose,Male,32,Nagpur,REG-01,2023-04-21,Consumer
CUST-09006,Avani Pandey,Female,21,Nashik,REG-01,2024-11-14,Small Business
CUST-09007,Aarav Chopra,Male,31,Pune,REG-01,2025-04-12,Consumer
CUST-09008,Sai Bhat,Male,44,Visakhapatnam,REG-03,2025-03-10,Corporate
CUST-09009,Advaith Nair,Male,37,Bhopal,REG-05,2023-01-22,Consumer
CUST-09010,Aarav Menon,Male,46,Gurgaon,REG-02,2025-07-12,Consumer
CUST-09011,Aditya Kulkarni,Male,37,Vadodara,REG-01,2025-06-30,Consumer
CUST-09012,Aarav Das,Male,19,Trivandrum,REG-03,2024-07-01,Small Business
CUST-09013,Vihaan Saxena,Other,18,Imphal,REG-06,2023-05-28,Consumer
CUST-09014,Navya Saxena,Female,35,Kanpur,REG-02,2023-08-06,Consumer
CUST-09015,Myra Kapoor,Female,31,Chandigarh,REG-02,2023-03-03,Corporate
CUST-09016,Pooja Saxena,Female,23,Hyderabad,REG-03,2023-04-21,Consumer
CUST-09017,Aarohi Reddy,Female,18,Gwalior,REG-05,2024-04-12,Consumer
CUST-09018,Aditya Menon,Male,25,Jaipur,REG-02,2023-09-10,Consumer
CUST-09019,Abhishek Menon,Male,31,Shillong,REG-06,2024-06-22,Consumer
CUST-09020,Simran Pandey,Female,41,Trivandrum,REG-03,2023-03-01,Consumer
CUST-09021,Aditi Patel,Female,36,Ujjain,REG-05,2024-03-20,Consumer
CUST-09022,Ira Bose,Female,51,Kolkata,REG-04,2023-05-07,Consumer
CUST-09023,Vivaan Shah,Male,22,Delhi,REG-02,2025-05-09,Consumer
CUST-09024,Aditya Rao,Male,43,Vadodara,REG-01,2023-02-15,Corporate
CUST-09025,Shreya Iyer,Female,34,Kolkata,REG-04,2025-07-19,Consumer
CUST-09026,Deepak Bhat,Male,41,Shillong,REG-06,2024-10-19,Consumer
CUST-09027,Manish Singh,Male,29,Jabalpur,REG-05,2023-08-12,Consumer
CUST-09028,Pari Singh,Female,45,Noida,REG-02,2023-05-17,Consumer
CUST-09029,Ishaan Trivedi,Male,37,Chennai,REG-03,2023-10-11,Consumer
CUST-09030,Ananya Mishra,Female,26,Bhubaneswar,REG-04,2024-03-24,Consumer
CUST-09031,Riya Reddy,Female,33,Trivandrum,REG-03,2025-10-22,Consumer
CUST-09032,Suresh Shah,Male,31,Chandigarh,REG-02,2024-10-27,Corporate
CUST-09033,Karan Nair,Male,39,Lucknow,REG-02,2023-06-15,Consumer
CUST-09034,Anand Pillai,Male,21,Noida,REG-02,2024-01-05,Small Business
CUST-09035,Manish Nair,Male,33,Ujjain,REG-05,2024-06-06,Consumer
CUST-09036,Amit Aggarwal,Male,38,Mysore,REG-03,2025-07-19,Corporate
CUST-09037,Krishna Das,Male,34,Bangalore,REG-03,2023-12-12,Corporate
CUST-09038,Dhruv Pandey,Male,48,Bhopal,REG-05,2024-09-26,Consumer
CUST-09039,Swati Malhotra,Female,42,Ahmedabad,REG-01,2025-05-14,Consumer
CUST-09040,Aditya Bhat,Male,33,Nagpur,REG-01,2023-05-18,Consumer
CUST-09041,Abhishek Trivedi,Male,36,Chennai,REG-03,2024-03-24,Consumer
CUST-09042,Vihaan Verma,Male,37,Delhi,REG-02,2025-11-07,Consumer
CUST-09043,Suresh Saxena,Male,38,Jaipur,REG-02,2024-04-16,Corporate
CUST-09044,Ananya Joshi,Female,18,Gurgaon,REG-02,2023-07-03,Small Business
CUST-09045,Aadhya Pillai,Female,30,Mysore,REG-03,2023-06-05,Small Business
CUST-09046,Rahul Nair,Male,18,Gurgaon,REG-02,2025-04-03,Consumer
CUST-09047,Deepika Shah,Female,48,Nagpur,REG-01,2024-11-30,Consumer
CUST-09048,Pranav Kumar,Male,33,Bangalore,REG-03,2023-01-01,Consumer
CUST-09049,Ananya Choudhury,Other,31,Visakhapatnam,REG-03,2025-05-12,Consumer
CUST-09050,Diya Reddy,Female,43,Ludhiana,REG-02,2023-12-06,Consumer
CUST-09051,Shaurya Mukherjee,Male,38,Howrah,REG-04,2024-01-24,Consumer
CUST-09052,Neha Reddy,Female,21,Noida,REG-02,2023-04-02,Corporate
CUST-09053,Arjun Deshmukh,Male,33,Noida,REG-02,2023-03-25,Consumer
CUST-09054,Avani Reddy,Female,30,Mumbai,REG-01,2023-12-15,Corporate
CUST-09055,Rajesh Gupta,Male,18,Howrah,REG-04,2024-10-14,Corporate
CUST-09056,Anika Chopra,Female,26,Raipur,REG-05,2023-08-23,Consumer
CUST-09057,Aditya Kapoor,Male,31,Chandigarh,REG-02,2023-03-22,Consumer
CUST-09058,Deepak Pandey,Male,32,Ludhiana,REG-02,2023-10-03,Consumer
CUST-09059,Vikram Pandey,Male,18,Gwalior,REG-05,2023-06-16,Consumer
CUST-09060,Ananya Mehta,Female,46,Howrah,REG-04,2023-04-07,Consumer
CUST-09061,Tanvi Malhotra,Female,32,Panaji,REG-01,2024-10-13,Consumer
CUST-09062,Shreya Deshmukh,Female,34,Guwahati,REG-06,2024-05-30,Consumer
CUST-09063,Advaith Shah,Male,38,Kanpur,REG-02,2025-09-06,Consumer
CUST-09064,Atharv Trivedi,Male,25,Kanpur,REG-02,2025-02-21,Consumer
CUST-09065,Riya Saxena,Female,39,Nashik,REG-01,2024-03-15,Small Business
CUST-09066,Simran Singh,Female,29,Mumbai,REG-01,2025-01-08,Consumer
CUST-09067,Aarohi Bose,Female,24,Bilaspur,REG-05,2025-06-11,Consumer
CUST-09068,Abhishek Bose,Male,40,Hyderabad,REG-03,2025-09-05,Consumer
CUST-09069,Rahul Mishra,Male,50,Vadodara,REG-01,2023-12-15,Consumer
CUST-09070,Anand Iyer,Male,41,Delhi,REG-02,2025-04-05,Small Business
CUST-09071,Myra Shah,Female,44,Kochi,REG-03,2023-10-26,Consumer
CUST-09072,Gaurav Pandey,Male,28,Patna,REG-04,2023-03-06,Small Business
CUST-09073,Vihaan Kulkarni,Male,18,Kochi,REG-03,2024-09-05,Small Business
CUST-09074,Sara Mukherjee,Female,50,Panaji,REG-01,2023-01-29,Consumer
CUST-09075,Krishna Sharma,Male,56,Raipur,REG-05,2024-08-19,Small Business
CUST-09076,Deepak Gupta,Male,50,Nagpur,REG-01,2024-08-12,Corporate
CUST-09077,Vivaan Verma,Male,30,Nashik,REG-01,2023-02-02,Consumer
CUST-09078,Avani Nair,Female,21,Kolkata,REG-04,2023-09-29,Corporate
CUST-09079,Rajesh Mishra,Male,22,Bangalore,REG-03,2025-02-06,Corporate
CUST-09080,Saanvi Aggarwal,Female,18,Asansol,REG-04,2024-10-29,Consumer
CUST-09081,Tanvi Singh,Female,32,Howrah,REG-04,2023-07-18,Consumer
CUST-09082,Abhishek Bhat,Male,51,Visakhapatnam,REG-03,2023-10-16,Consumer
CUST-09083,Riya Chopra,Female,32,Nashik,REG-01,2025-08-04,Consumer
CUST-09084,Vikram Mukherjee,Male,37,Ranchi,REG-04,2025-06-30,Consumer
CUST-09085,Sunita Mishra,Female,49,Trivandrum,REG-03,2023-05-08,Consumer
CUST-09086,Vivaan Verma,Male,29,Mysore,REG-03,2024-07-09,Consumer
CUST-09087,Anushka Bose,Female,56,Kanpur,REG-02,2025-10-13,Corporate
CUST-09088,Aarohi Singh,Female,55,Jaipur,REG-02,2023-10-18,Consumer
CUST-09089,Kabir Mukherjee,Male,32,Kanpur,REG-02,2025-10-31,Consumer
CUST-09090,Meera Saxena,Female,27,Delhi,REG-02,2023-05-19,Corporate
CUST-09091,Amit Trivedi,Male,41,Chandigarh,REG-02,2025-08-05,Consumer
CUST-09092,Anand Chopra,Male,30,Trivandrum,REG-03,2024-03-03,Consumer
CUST-09093,Navya Sharma,Female,21,Raipur,REG-05,2024-05-10,Corporate
CUST-09094,Sara Kapoor,Female,48,Gwalior,REG-05,2023-08-24,Consumer
CUST-09095,Manish Kapoor,Male,47,Asansol,REG-04,2024-05-05,Consumer
CUST-09096,Aadhya Shah,Female,35,Trivandrum,REG-03,2023-12-05,Small Business
CUST-09097,Deepak Mukherjee,Male,20,Delhi,REG-02,2023-05-11,Consumer
CUST-09098,Swati Shah,Female,20,Cuttack,REG-04,2024-12-12,Corporate
CUST-09099,Aditi Bose,Female,35,Surat,REG-01,2023-11-01,Consumer
CUST-09100,Myra Gupta,Female,28,Imphal,REG-06,2023-08-20,Consumer
CUST-09101,Aditya Rao,Male,30,Nashik,REG-01,2025-01-13,Corporate
CUST-09102,Simran Deshmukh,Female,45,Lucknow,REG-02,2025-02-27,Consumer
CUST-09103,Aditya Iyer,Male,42,Nagpur,REG-01,2023-07-19,Small Business
CUST-09104,Priyanka Malhotra,Female,49,Vadodara,REG-01,2023-05-10,Consumer
CUST-09105,Aadhya Singh,Female,23,Surat,REG-01,2024-03-10,Consumer
CUST-09106,Vivaan Malhotra,Male,30,Lucknow,REG-02,2023-11-24,Corporate
CUST-09107,Neha Deshmukh,Female,42,Mysore,REG-03,2025-08-02,Consumer
CUST-09108,Avani Joshi,Female,38,Chandigarh,REG-02,2023-07-30,Consumer
CUST-09109,Diya Joshi,Female,50,Nashik,REG-01,2023-09-16,Small Business
CUST-09110,Krishna Choudhury,Male,38,Nashik,REG-01,2025-02-28,Consumer
CUST-09111,Aditya Gupta,Male,54,Guwahati,REG-06,2025-11-15,Corporate
CUST-09112,Meera Chopra,Female,39,Gurgaon,REG-02,2025-02-05,Consumer
CUST-09113,Priyanka Aggarwal,Female,45,Gurgaon,REG-02,2023-12-13,Consumer
CUST-09114,Swati Patel,Other,30,Lucknow,REG-02,2025-03-13,Corporate
CUST-09115,Abhishek Chopra,Male,34,Trivandrum,REG-03,2023-08-11,Consumer
CUST-09116,Swati Kapoor,Female,44,Panaji,REG-01,2025-05-25,Consumer
CUST-09117,Sunita Reddy,Female,51,Pune,REG-01,2024-05-14,Consumer
CUST-09118,Anushka Mishra,Female,42,Ranchi,REG-04,2023-04-21,Consumer
CUST-09119,Aarohi Gupta,Female,33,Bhubaneswar,REG-04,2023-12-27,Corporate
CUST-09120,Gaurav Mehta,Male,49,Mumbai,REG-01,2024-03-18,Consumer
CUST-09121,Dhruv Pillai,Male,18,Kochi,REG-03,2024-02-28,Consumer
CUST-09122,Aadhya Gupta,Female,18,Chennai,REG-03,2025-05-15,Corporate
CUST-09123,Aarav Mishra,Male,41,Cuttack,REG-04,2023-11-10,Consumer
CUST-09124,Deepak Malhotra,Male,34,Howrah,REG-04,2023-08-31,Consumer
CUST-09125,Reyansh Menon,Male,40,Kanpur,REG-02,2024-01-03,Small Business
CUST-09126,Atharv Bhat,Male,34,Kolkata,REG-04,2025-01-12,Small Business
CUST-09127,Tanvi Deshmukh,Female,40,Trivandrum,REG-03,2025-10-21,Consumer
CUST-09128,Dhruv Pillai,Male,25,Vadodara,REG-01,2024-08-04,Consumer
CUST-09129,Deepak Gupta,Male,40,Trivandrum,REG-03,2024-07-10,Consumer
CUST-09130,Manish Menon,Male,44,Visakhapatnam,REG-03,2023-03-01,Corporate
CUST-09131,Aditi Kulkarni,Female,47,Raipur,REG-05,2023-10-24,Corporate
CUST-09132,Swati Trivedi,Female,56,Bangalore,REG-03,2023-07-05,Consumer
CUST-09133,Rahul Rao,Male,36,Asansol,REG-04,2024-02-29,Corporate
CUST-09134,Anand Das,Male,37,Bhubaneswar,REG-04,2025-03-13,Consumer
CUST-09135,Pranav Malhotra,Male,18,Chennai,REG-03,2024-07-13,Consumer
CUST-09136,Krishna Rao,Male,28,Raipur,REG-05,2024-07-21,Consumer
CUST-09137,Rahul Pandey,Male,31,Indore,REG-05,2023-12-19,Small Business
CUST-09138,Krishna Joshi,Male,45,Bangalore,REG-03,2025-11-03,Consumer
CUST-09139,Dhruv Joshi,Male,27,Silchar,REG-06,2025-02-12,Consumer
CUST-09140,Suresh Iyer,Male,42,Kanpur,REG-02,2025-03-07,Consumer
CUST-09141,Swati Pillai,Female,33,Panaji,REG-01,2025-08-21,Consumer
CUST-09142,Advik Mehta,Male,32,Mumbai,REG-01,2023-12-27,Consumer
CUST-09143,Amit Chopra,Male,36,Gwalior,REG-05,2025-05-05,Consumer
CUST-09144,Sneha Chopra,Female,29,Indore,REG-05,2023-12-31,Corporate
CUST-09145,Aditi Joshi,Female,29,Vadodara,REG-01,2024-08-14,Consumer
CUST-09146,Manish Nair,Male,18,Coimbatore,REG-03,2025-03-19,Consumer
CUST-09147,Vihaan Kulkarni,Male,31,Ludhiana,REG-02,2024-10-09,Consumer
CUST-09148,Ananya Mukherjee,Female,28,Trivandrum,REG-03,2023-01-25,Consumer
CUST-09149,Neha Malhotra,Female,28,Kochi,REG-03,2023-04-07,Consumer
CUST-09150,Vikram Aggarwal,Male,38,Bhopal,REG-05,2025-08-10,Consumer
CUST-09151,Rajesh Nair,Male,41,Vadodara,REG-01,2023-01-14,Consumer
CUST-09152,Aanya Chopra,Female,36,Delhi,REG-02,2023-08-14,Consumer
CUST-09153,Anika Gupta,Female,44,Vadodara,REG-01,2024-04-10,Corporate
CUST-09154,Saanvi Choudhury,Other,40,Nashik,REG-01,2024-08-14,Consumer
CUST-09155,Ayaan Mehta,Male,30,Mysore,REG-03,2024-04-25,Corporate
CUST-09156,Arjun Bose,Male,28,Ujjain,REG-05,2023-04-10,Consumer
CUST-09157,Preeti Chopra,Female,37,Shillong,REG-06,2025-02-19,Consumer
CUST-09158,Deepak Patel,Male,40,Panaji,REG-01,2025-08-19,Consumer
CUST-09159,Diya Mukherjee,Female,49,Mumbai,REG-01,2025-01-31,Corporate
CUST-09160,Manish Aggarwal,Male,47,Nagpur,REG-01,2025-03-14,Corporate
CUST-09161,Sai Bose,Male,28,Vadodara,REG-01,2023-04-05,Consumer
CUST-09162,Aditya Iyer,Male,32,Visakhapatnam,REG-03,2024-06-08,Consumer
CUST-09163,Simran Bhat,Female,41,Patna,REG-04,2025-08-06,Consumer
CUST-09164,Abhishek Saxena,Male,45,Kolkata,REG-04,2024-02-01,Corporate
CUST-09165,Sneha Kumar,Female,44,Cuttack,REG-04,2023-10-15,Consumer
CUST-09166,Angel Gupta,Female,33,Bhubaneswar,REG-04,2025-06-04,Consumer
CUST-09167,Vihaan Rao,Male,20,Asansol,REG-04,2025-04-03,Consumer
CUST-09168,Myra Nair,Female,23,Lucknow,REG-02,2025-08-13,Consumer
CUST-09169,Ishaan Pandey,Male,36,Asansol,REG-04,2025-07-04,Consumer
CUST-09170,Anand Choudhury,Male,37,Lucknow,REG-02,2023-09-11,Corporate
CUST-09171,Priyanka Rao,Female,21,Pune,REG-01,2023-09-20,Consumer
CUST-09172,Kabir Mehta,Male,34,Chennai,REG-03,2024-11-10,Consumer
CUST-09173,Tanvi Kumar,Female,40,Ranchi,REG-04,2024-05-17,Consumer
CUST-09174,Avani Malhotra,Female,21,Kolkata,REG-04,2024-07-09,Consumer
CUST-09175,Suresh Chopra,Male,46,Gwalior,REG-05,2025-04-27,Consumer
CUST-09176,Reyansh Singh,Male,29,Mumbai,REG-01,2025-03-27,Consumer
CUST-09177,Avani Deshmukh,Female,47,Jaipur,REG-02,2024-06-16,Consumer
CUST-09178,Vivaan Pandey,Male,28,Ahmedabad,REG-01,2023-05-19,Corporate
CUST-09179,Aditi Malhotra,Female,22,Visakhapatnam,REG-03,2025-11-30,Consumer
CUST-09180,Suresh Sharma,Male,28,Nagpur,REG-01,2025-05-05,Small Business
CUST-09181,Shreya Deshmukh,Female,32,Hyderabad,REG-03,2025-10-07,Small Business
CUST-09182,Anika Bose,Female,29,Bangalore,REG-03,2025-10-08,Consumer
CUST-09183,Anushka Mishra,Female,31,Hyderabad,REG-03,2023-02-03,Consumer
CUST-09184,Neha Bhat,Female,37,Dibrugarh,REG-06,2024-05-13,Consumer
CUST-09185,Aarohi Trivedi,Female,32,Ranchi,REG-04,2023-09-24,Consumer
CUST-09186,Reyansh Patel,Male,33,Hyderabad,REG-03,2025-02-14,Consumer
CUST-09187,Ishaan Mishra,Male,18,Jaipur,REG-02,2025-04-22,Consumer
CUST-09188,Manish Pandey,Male,38,Panaji,REG-01,2023-02-16,Consumer
CUST-09189,Avani Choudhury,Female,33,Coimbatore,REG-03,2025-10-22,Corporate
CUST-09190,Simran Sharma,Female,51,Bhubaneswar,REG-04,2024-11-09,Consumer
CUST-09191,Aarav Sharma,Male,23,Ahmedabad,REG-01,2024-04-04,Consumer
CUST-09192,Ira Deshmukh,Other,18,Bhopal,REG-05,2024-08-29,Corporate
CUST-09193,Diya Gupta,Female,40,Bangalore,REG-03,2023-09-09,Consumer
CUST-09194,Preeti Shah,Female,37,Vadodara,REG-01,2023-11-18,Consumer
CUST-09195,Simran Verma,Female,22,Asansol,REG-04,2025-04-05,Consumer
CUST-09196,Dhruv Reddy,Male,18,Mysore,REG-03,2024-04-23,Consumer
CUST-09197,Vihaan Kumar,Male,50,Bhopal,REG-05,2025-09-19,Consumer
CUST-09198,Myra Saxena,Female,49,Bangalore,REG-03,2024-11-06,Consumer
CUST-09199,Sai Singh,Male,18,Delhi,REG-02,2024-04-17,Consumer
CUST-09200,Anushka Patel,Female,28,Surat,REG-01,2025-08-08,Consumer
CUST-09201,Aanya Bose,Female,52,Bangalore,REG-03,2025-04-17,Consumer
CUST-09202,Anika Pandey,Other,28,Panaji,REG-01,2024-10-30,Consumer
CUST-09203,Rahul Gupta,Male,28,Mumbai,REG-01,2023-03-19,Consumer
CUST-09204,Ananya Malhotra,Female,30,Vadodara,REG-01,2024-07-01,Consumer
CUST-09205,Aarohi Reddy,Female,21,Nagpur,REG-01,2023-07-26,Consumer
CUST-09206,Anand Saxena,Male,18,Coimbatore,REG-03,2023-09-06,Consumer
CUST-09207,Aarav Saxena,Male,45,Ranchi,REG-04,2024-07-15,Small Business
CUST-09208,Vihaan Trivedi,Male,18,Ahmedabad,REG-01,2024-01-08,Consumer
CUST-09209,Anand Aggarwal,Male,36,Bilaspur,REG-05,2025-02-02,Consumer
CUST-09210,Ayaan Kumar,Male,43,Ahmedabad,REG-01,2023-09-05,Consumer
CUST-09211,Shreya Singh,Female,18,Gwalior,REG-05,2024-10-06,Small Business
CUST-09212,Sunita Mehta,Female,23,Gurgaon,REG-02,2025-10-10,Consumer
CUST-09213,Arjun Mehta,Male,47,Asansol,REG-04,2023-06-23,Consumer
CUST-09214,Suresh Menon,Male,39,Panaji,REG-01,2024-04-03,Consumer
CUST-09215,Saanvi Chopra,Female,27,Coimbatore,REG-03,2024-01-02,Corporate
CUST-09216,Shreya Rao,Female,47,Vadodara,REG-01,2024-05-20,Consumer
CUST-09217,Anushka Kapoor,Female,47,Coimbatore,REG-03,2023-09-08,Consumer
CUST-09218,Priyanka Saxena,Female,36,Chennai,REG-03,2025-09-21,Consumer
CUST-09219,Vihaan Das,Male,24,Howrah,REG-04,2023-07-30,Consumer
CUST-09220,Deepak Gupta,Male,29,Asansol,REG-04,2025-06-09,Consumer
CUST-09221,Sai Malhotra,Other,37,Delhi,REG-02,2024-09-09,Consumer
CUST-09222,Pooja Bhat,Female,31,Mumbai,REG-01,2025-04-12,Consumer
CUST-09223,Arjun Kapoor,Male,44,Bangalore,REG-03,2024-01-21,Consumer
CUST-09224,Anika Mukherjee,Female,18,Patna,REG-04,2024-02-23,Consumer
CUST-09225,Amit Choudhury,Male,18,Kolkata,REG-04,2024-10-07,Consumer
CUST-09226,Manish Deshmukh,Male,35,Chennai,REG-03,2025-05-21,Consumer
CUST-09227,Sunita Singh,Female,28,Chandigarh,REG-02,2024-07-09,Consumer
CUST-09228,Aarav Joshi,Male,27,Imphal,REG-06,2023-09-25,Consumer
CUST-09229,Amit Choudhury,Male,18,Nashik,REG-01,2023-03-31,Consumer
CUST-09230,Advik Rao,Male,34,Ludhiana,REG-02,2025-06-13,Corporate
CUST-09231,Swati Pandey,Female,33,Ahmedabad,REG-01,2023-10-16,Consumer
CUST-09232,Vivaan Nair,Male,41,Nagpur,REG-01,2023-07-09,Consumer
CUST-09233,Kabir Malhotra,Male,34,Delhi,REG-02,2023-07-25,Consumer
CUST-09234,Amit Singh,Male,32,Vadodara,REG-01,2025-11-27,Consumer
CUST-09235,Kavya Sharma,Female,46,Gurgaon,REG-02,2025-06-17,Consumer
CUST-09236,Dhruv Verma,Male,19,Kanpur,REG-02,2024-09-08,Consumer
CUST-09237,Vihaan Pandey,Male,39,Chennai,REG-03,2023-12-15,Consumer
CUST-09238,Shaurya Pandey,Male,18,Vadodara,REG-01,2025-01-05,Consumer
CUST-09239,Simran Gupta,Female,24,Ahmedabad,REG-01,2025-05-05,Consumer
CUST-09240,Amit Gupta,Male,20,Mumbai,REG-01,2023-12-28,Small Business
CUST-09241,Sneha Chopra,Female,42,Bangalore,REG-03,2025-01-13,Consumer
CUST-09242,Kabir Sharma,Male,33,Agartala,REG-06,2024-06-07,Consumer
CUST-09243,Sara Mukherjee,Female,33,Jaipur,REG-02,2023-06-11,Consumer
CUST-09244,Krishna Aggarwal,Male,21,Panaji,REG-01,2023-03-13,Consumer
CUST-09245,Tanvi Aggarwal,Female,30,Dibrugarh,REG-06,2024-09-08,Corporate
CUST-09246,Anushka Pillai,Female,25,Asansol,REG-04,2023-10-14,Corporate
CUST-09247,Atharv Nair,Male,38,Chandigarh,REG-02,2023-06-27,Consumer
CUST-09248,Aadhya Pandey,Female,23,Nashik,REG-01,2024-08-06,Small Business
CUST-09249,Sunita Nair,Female,48,Indore,REG-05,2025-11-17,Consumer
CUST-09250,Neha Chopra,Female,18,Visakhapatnam,REG-03,2024-08-29,Consumer
CUST-09251,Swati Trivedi,Female,25,Ujjain,REG-05,2025-04-20,Corporate
CUST-09252,Krishna Das,Male,52,Ujjain,REG-05,2024-11-29,Consumer
CUST-09253,Preeti Iyer,Female,29,Silchar,REG-06,2025-02-16,Consumer
CUST-09254,Pranav Gupta,Male,19,Hyderabad,REG-03,2025-11-02,Consumer
CUST-09255,Manish Chopra,Male,36,Cuttack,REG-04,2023-11-26,Consumer
CUST-09256,Vihaan Mishra,Male,28,Gwalior,REG-05,2024-08-01,Consumer
CUST-09257,Vihaan Patel,Male,24,Kanpur,REG-02,2025-01-26,Corporate
CUST-09258,Ira Reddy,Female,21,Jabalpur,REG-05,2024-03-31,Consumer
CUST-09259,Diya Pandey,Female,64,Kochi,REG-03,2024-02-19,Consumer
CUST-09260,Aanya Patel,Female,31,Chandigarh,REG-02,2023-01-27,Consumer
CUST-09261,Sara Pandey,Female,18,Agartala,REG-06,2025-04-06,Consumer
CUST-09262,Angel Shah,Female,50,Ludhiana,REG-02,2024-03-07,Consumer
CUST-09263,Ananya Aggarwal,Female,40,Trivandrum,REG-03,2023-11-01,Consumer
CUST-09264,Advaith Nair,Male,25,Howrah,REG-04,2025-03-15,Consumer
CUST-09265,Kavya Shah,Female,23,Ranchi,REG-04,2025-03-16,Corporate
CUST-09266,Ira Iyer,Female,41,Surat,REG-01,2024-05-13,Consumer
CUST-09267,Advik Mehta,Male,31,Noida,REG-02,2023-04-25,Consumer
CUST-09268,Avani Pillai,Female,18,Lucknow,REG-02,2024-01-12,Consumer
CUST-09269,Kavya Shah,Female,53,Vadodara,REG-01,2024-08-03,Consumer
CUST-09270,Pari Bhat,Female,29,Bhopal,REG-05,2024-12-06,Consumer
CUST-09271,Anika Kulkarni,Female,50,Coimbatore,REG-03,2025-06-28,Consumer
CUST-09272,Dhruv Choudhury,Male,48,Surat,REG-01,2025-04-29,Corporate
CUST-09273,Vivaan Kulkarni,Male,22,Imphal,REG-06,2025-09-05,Consumer
CUST-09274,Sara Gupta,Female,45,Jaipur,REG-02,2023-03-16,Consumer
CUST-09275,Simran Aggarwal,Female,26,Kolkata,REG-04,2025-05-26,Consumer
CUST-09276,Shreya Joshi,Female,18,Gwalior,REG-05,2023-04-24,Consumer
CUST-09277,Kabir Mishra,Male,29,Chandigarh,REG-02,2025-10-08,Consumer
CUST-09278,Shreya Joshi,Female,38,Jabalpur,REG-05,2024-09-18,Consumer
CUST-09279,Anika Mishra,Female,28,Lucknow,REG-02,2023-12-13,Corporate
CUST-09280,Nikhil Mukherjee,Male,30,Gurgaon,REG-02,2025-10-19,Consumer
CUST-09281,Deepika Singh,Female,46,Surat,REG-01,2025-04-19,Consumer
CUST-09282,Kavya Mukherjee,Female,35,Delhi,REG-02,2025-02-12,Small Business
CUST-09283,Aanya Shah,Female,24,Hyderabad,REG-03,2025-10-16,Consumer
CUST-09284,Swati Saxena,Female,41,Trivandrum,REG-03,2025-02-03,Consumer
CUST-09285,Krishna Deshmukh,Male,36,Ranchi,REG-04,2024-12-23,Consumer
CUST-09286,Riya Kapoor,Female,18,Vadodara,REG-01,2023-02-27,Corporate
CUST-09287,Vihaan Aggarwal,Male,38,Hyderabad,REG-03,2024-02-05,Consumer
CUST-09288,Anushka Nair,Female,38,Bhubaneswar,REG-04,2025-07-07,Consumer
CUST-09289,Priyanka Patel,Female,34,Chandigarh,REG-02,2024-01-12,Consumer
CUST-09290,Kabir Kapoor,Male,43,Panaji,REG-01,2025-09-06,Consumer
CUST-09291,Rohan Reddy,Male,26,Mumbai,REG-01,2025-10-02,Small Business
CUST-09292,Ayaan Choudhury,Male,37,Nagpur,REG-01,2025-05-05,Small Business
CUST-09293,Reyansh Pandey,Male,18,Mumbai,REG-01,2024-11-03,Consumer
CUST-09294,Pooja Malhotra,Female,38,Kanpur,REG-02,2025-04-04,Consumer
CUST-09295,Vikram Rao,Male,55,Agartala,REG-06,2025-05-03,Corporate
CUST-09296,Vivaan Pandey,Male,23,Nashik,REG-01,2025-01-04,Consumer
CUST-09297,Suresh Kapoor,Male,25,Bhubaneswar,REG-04,2023-04-23,Corporate
CUST-09298,Aarohi Shah,Female,26,Kanpur,REG-02,2025-04-11,Consumer
CUST-09299,Reyansh Gupta,Other,35,Ranchi,REG-04,2024-02-16,Consumer
CUST-09300,Anika Pillai,Female,22,Bhopal,REG-05,2023-01-27,Consumer
CUST-09301,Aarav Bhat,Male,38,Bangalore,REG-03,2024-10-06,Corporate
CUST-09302,Krishna Mishra,Male,43,Visakhapatnam,REG-03,2025-01-07,Consumer
CUST-09303,Deepika Choudhury,Other,39,Indore,REG-05,2024-09-06,Corporate
CUST-09304,Advaith Patel,Male,18,Cuttack,REG-04,2023-10-19,Consumer
CUST-09305,Myra Malhotra,Female,44,Chandigarh,REG-02,2024-07-04,Consumer
CUST-09306,Sunita Choudhury,Female,44,Gwalior,REG-05,2023-02-17,Consumer
CUST-09307,Swati Saxena,Female,43,Mumbai,REG-01,2023-09-13,Consumer
CUST-09308,Ananya Bose,Female,38,Vadodara,REG-01,2024-12-23,Corporate
CUST-09309,Kabir Kumar,Male,36,Bhubaneswar,REG-04,2025-04-02,Consumer
CUST-09310,Vivaan Joshi,Male,45,Pune,REG-01,2025-04-22,Consumer
CUST-09311,Rahul Mukherjee,Male,55,Pune,REG-01,2025-08-01,Consumer
CUST-09312,Anika Mishra,Female,23,Mysore,REG-03,2025-03-21,Consumer
CUST-09313,Rahul Menon,Male,45,Visakhapatnam,REG-03,2023-03-23,Corporate
CUST-09314,Aanya Saxena,Female,33,Mumbai,REG-01,2024-05-11,Consumer
CUST-09315,Karan Mukherjee,Male,32,Ahmedabad,REG-01,2024-02-16,Corporate
CUST-09316,Vihaan Mishra,Male,18,Surat,REG-01,2024-05-05,Consumer
CUST-09317,Nikhil Saxena,Male,30,Panaji,REG-01,2025-09-25,Consumer
CUST-09318,Aditya Reddy,Male,23,Trivandrum,REG-03,2023-01-06,Consumer
CUST-09319,Vikram Deshmukh,Male,28,Asansol,REG-04,2025-11-12,Consumer
CUST-09320,Krishna Joshi,Male,21,Jaipur,REG-02,2024-04-22,Corporate
CUST-09321,Aanya Kulkarni,Female,29,Delhi,REG-02,2025-09-05,Consumer
CUST-09322,Shreya Pillai,Female,29,Kanpur,REG-02,2025-08-10,Consumer
CUST-09323,Deepak Chopra,Male,35,Silchar,REG-06,2024-04-07,Consumer
CUST-09324,Swati Kulkarni,Female,18,Jabalpur,REG-05,2023-08-20,Small Business
CUST-09325,Amit Kapoor,Male,18,Indore,REG-05,2024-05-18,Consumer
CUST-09326,Aditya Sharma,Male,37,Howrah,REG-04,2023-06-11,Corporate
CUST-09327,Anika Patel,Female,25,Mumbai,REG-01,2024-04-11,Corporate
CUST-09328,Pranav Bhat,Male,45,Lucknow,REG-02,2023-03-22,Consumer
CUST-09329,Vivaan Gupta,Male,36,Lucknow,REG-02,2024-07-10,Small Business
CUST-09330,Arjun Bhat,Male,40,Bhubaneswar,REG-04,2023-01-19,Consumer
CUST-09331,Rohan Chopra,Male,49,Kolkata,REG-04,2023-06-07,Consumer
CUST-09332,Pooja Choudhury,Female,30,Ahmedabad,REG-01,2023-05-30,Corporate
CUST-09333,Aditi Reddy,Female,27,Visakhapatnam,REG-03,2024-12-09,Consumer
CUST-09334,Rajesh Choudhury,Male,43,Coimbatore,REG-03,2025-03-02,Consumer
CUST-09335,Riya Mukherjee,Female,39,Jabalpur,REG-05,2023-09-21,Consumer
CUST-09336,Aarav Choudhury,Male,31,Visakhapatnam,REG-03,2023-01-30,Consumer
CUST-09337,Advaith Saxena,Male,49,Trivandrum,REG-03,2024-07-04,Consumer
CUST-09338,Saanvi Bhat,Female,31,Hyderabad,REG-03,2025-01-31,Consumer
CUST-09339,Krishna Trivedi,Male,34,Bhubaneswar,REG-04,2024-12-14,Consumer
CUST-09340,Sara Kapoor,Female,34,Visakhapatnam,REG-03,2024-06-04,Consumer
CUST-09341,Krishna Reddy,Male,23,Bhopal,REG-05,2024-12-14,Corporate
CUST-09342,Avani Pandey,Female,34,Howrah,REG-04,2024-06-24,Corporate
CUST-09343,Navya Sharma,Female,49,Gwalior,REG-05,2025-05-21,Corporate
CUST-09344,Saanvi Menon,Female,38,Bhubaneswar,REG-04,2024-03-26,Small Business
CUST-09345,Suresh Choudhury,Male,34,Mysore,REG-03,2025-02-08,Consumer
CUST-09346,Kavya Saxena,Female,32,Mumbai,REG-01,2024-05-31,Consumer
CUST-09347,Kabir Reddy,Male,37,Trivandrum,REG-03,2024-11-18,Consumer
CUST-09348,Sneha Trivedi,Female,42,Coimbatore,REG-03,2024-02-08,Consumer
CUST-09349,Nikhil Bhat,Male,40,Bangalore,REG-03,2025-01-21,Consumer
CUST-09350,Navya Nair,Female,30,Noida,REG-02,2025-03-04,Consumer
CUST-09351,Nikhil Pandey,Male,37,Ranchi,REG-04,2023-05-07,Consumer
CUST-09352,Anushka Iyer,Female,39,Ahmedabad,REG-01,2023-12-18,Consumer
CUST-09353,Krishna Pillai,Male,22,Mumbai,REG-01,2025-07-06,Consumer
CUST-09354,Aarohi Kapoor,Female,35,Kochi,REG-03,2023-07-20,Corporate
CUST-09355,Kabir Trivedi,Male,18,Trivandrum,REG-03,2024-06-10,Corporate
CUST-09356,Deepak Nair,Male,39,Jabalpur,REG-05,2024-10-22,Corporate
CUST-09357,Vihaan Malhotra,Male,41,Visakhapatnam,REG-03,2024-10-01,Small Business
CUST-09358,Anushka Mehta,Female,42,Nagpur,REG-01,2025-04-22,Consumer
CUST-09359,Abhishek Kumar,Male,29,Jabalpur,REG-05,2024-03-22,Small Business
CUST-09360,Nikhil Chopra,Male,37,Bilaspur,REG-05,2025-10-06,Consumer
CUST-09361,Karan Reddy,Male,49,Kanpur,REG-02,2025-05-08,Consumer
CUST-09362,Kavya Pandey,Female,49,Patna,REG-04,2023-10-25,Corporate
CUST-09363,Anand Aggarwal,Male,33,Panaji,REG-01,2025-05-29,Consumer
CUST-09364,Riya Das,Female,35,Coimbatore,REG-03,2024-06-27,Consumer
CUST-09365,Anand Joshi,Male,46,Nagpur,REG-01,2025-11-16,Consumer
CUST-09366,Manish Mukherjee,Male,18,Silchar,REG-06,2023-04-30,Consumer
CUST-09367,Riya Mehta,Female,30,Nagpur,REG-01,2023-01-24,Small Business
CUST-09368,Suresh Das,Male,48,Coimbatore,REG-03,2025-07-01,Consumer
CUST-09369,Deepak Kulkarni,Male,44,Patna,REG-04,2023-09-21,Consumer
CUST-09370,Tanvi Kulkarni,Female,38,Gwalior,REG-05,2023-07-20,Consumer
CUST-09371,Rahul Bose,Male,18,Gwalior,REG-05,2025-07-02,Small Business
CUST-09372,Aditya Mehta,Male,33,Ludhiana,REG-02,2025-06-23,Consumer
CUST-09373,Reyansh Mehta,Male,27,Kochi,REG-03,2023-04-14,Consumer
CUST-09374,Amit Choudhury,Male,37,Gwalior,REG-05,2025-03-18,Corporate
CUST-09375,Kabir Choudhury,Male,25,Hyderabad,REG-03,2024-04-17,Consumer
CUST-09376,Nikhil Aggarwal,Male,22,Bangalore,REG-03,2023-09-25,Consumer
CUST-09377,Aanya Malhotra,Female,18,Kochi,REG-03,2024-11-12,Consumer
CUST-09378,Pooja Choudhury,Female,47,Coimbatore,REG-03,2024-03-10,Consumer
CUST-09379,Karan Shah,Male,29,Gwalior,REG-05,2024-10-07,Corporate
CUST-09380,Pari Mishra,Female,35,Panaji,REG-01,2024-05-29,Small Business
CUST-09381,Dhruv Bose,Male,33,Bilaspur,REG-05,2024-11-25,Consumer
CUST-09382,Nikhil Bhat,Male,22,Noida,REG-02,2024-09-30,Small Business
CUST-09383,Pranav Menon,Other,20,Hyderabad,REG-03,2024-09-20,Corporate
CUST-09384,Deepika Gupta,Other,22,Patna,REG-04,2025-09-27,Consumer
CUST-09385,Ira Malhotra,Female,26,Delhi,REG-02,2023-07-17,Consumer
CUST-09386,Ishaan Rao,Male,38,Bangalore,REG-03,2023-10-26,Consumer
CUST-09387,Rajesh Deshmukh,Male,25,Pune,REG-01,2023-09-19,Consumer
CUST-09388,Anand Bhat,Male,53,Chandigarh,REG-02,2024-07-19,Consumer
CUST-09389,Pari Pillai,Female,45,Guwahati,REG-06,2023-12-10,Consumer
CUST-09390,Ananya Malhotra,Female,42,Jabalpur,REG-05,2023-02-26,Consumer
CUST-09391,Ira Kumar,Female,32,Imphal,REG-06,2025-02-02,Consumer
CUST-09392,Myra Malhotra,Other,50,Asansol,REG-04,2023-11-07,Consumer
CUST-09393,Ishaan Reddy,Male,31,Gurgaon,REG-02,2023-11-16,Corporate
CUST-09394,Kavya Mukherjee,Female,33,Raipur,REG-05,2025-01-21,Small Business
CUST-09395,Swati Kapoor,Female,35,Ludhiana,REG-02,2023-04-21,Small Business
CUST-09396,Vivaan Deshmukh,Male,41,Mumbai,REG-01,2025-02-06,Small Business
CUST-09397,Riya Menon,Female,41,Shillong,REG-06,2025-11-05,Corporate
CUST-09398,Ananya Chopra,Female,28,Ranchi,REG-04,2024-06-06,Consumer
CUST-09399,Vihaan Kulkarni,Male,28,Chennai,REG-03,2024-12-18,Corporate
CUST-09400,Ira Das,Female,41,Pune,REG-01,2025-08-25,Corporate
CUST-09401,Sneha Rao,Female,41,Mysore,REG-03,2025-10-31,Corporate
CUST-09402,Rahul Saxena,Male,29,Nagpur,REG-01,2023-10-12,Consumer
CUST-09403,Kabir Nair,Male,18,Nashik,REG-01,2023-05-19,Consumer
CUST-09404,Atharv Mishra,Male,31,Gurgaon,REG-02,2023-08-06,Consumer
CUST-09405,Aarav Nair,Male,40,Bilaspur,REG-05,2023-05-24,Corporate
CUST-09406,Aanya Mukherjee,Female,53,Trivandrum,REG-03,2025-11-22,Consumer
CUST-09407,Aditi Verma,Female,20,Nashik,REG-01,2023-01-09,Corporate
CUST-09408,Sunita Patel,Female,29,Raipur,REG-05,2025-05-16,Corporate
CUST-09409,Aanya Singh,Female,29,Ranchi,REG-04,2024-08-23,Consumer
CUST-09410,Kabir Gupta,Male,48,Kanpur,REG-02,2023-10-10,Small Business
CUST-09411,Karan Trivedi,Male,33,Delhi,REG-02,2023-07-10,Small Business
CUST-09412,Aarav Choudhury,Male,24,Kanpur,REG-02,2023-11-18,Small Business
CUST-09413,Advik Pillai,Male,40,Surat,REG-01,2025-03-05,Consumer
CUST-09414,Advaith Iyer,Other,29,Pune,REG-01,2024-05-30,Consumer
CUST-09415,Kavya Reddy,Female,20,Nagpur,REG-01,2023-09-26,Small Business
CUST-09416,Rohan Sharma,Male,24,Nagpur,REG-01,2024-11-06,Consumer
CUST-09417,Anika Choudhury,Female,53,Gurgaon,REG-02,2025-05-27,Consumer
CUST-09418,Meera Iyer,Female,38,Gurgaon,REG-02,2024-08-31,Consumer
CUST-09419,Aarohi Das,Female,35,Chennai,REG-03,2024-03-19,Consumer
CUST-09420,Dhruv Singh,Male,31,Ahmedabad,REG-01,2025-11-28,Consumer
CUST-09421,Priyanka Kumar,Female,37,Asansol,REG-04,2025-07-25,Consumer
CUST-09422,Reyansh Trivedi,Male,37,Bangalore,REG-03,2025-02-01,Small Business
CUST-09423,Ishaan Sharma,Male,37,Bhubaneswar,REG-04,2024-08-31,Consumer
CUST-09424,Sai Iyer,Male,35,Shillong,REG-06,2025-05-12,Small Business
CUST-09425,Aditi Kulkarni,Female,43,Ahmedabad,REG-01,2024-09-05,Consumer
CUST-09426,Angel Malhotra,Female,34,Nashik,REG-01,2023-07-20,Consumer
CUST-09427,Sneha Pillai,Female,23,Jaipur,REG-02,2024-02-22,Consumer
CUST-09428,Saanvi Nair,Female,27,Raipur,REG-05,2024-09-14,Consumer
CUST-09429,Ananya Kulkarni,Female,18,Indore,REG-05,2025-08-12,Consumer
CUST-09430,Abhishek Bose,Male,56,Bilaspur,REG-05,2024-12-08,Consumer
CUST-09431,Ishaan Nair,Male,43,Visakhapatnam,REG-03,2023-09-04,Consumer
CUST-09432,Deepak Pillai,Male,24,Noida,REG-02,2024-08-17,Consumer
CUST-09433,Navya Mukherjee,Female,30,Bangalore,REG-03,2023-05-04,Consumer
CUST-09434,Sara Aggarwal,Female,26,Bhubaneswar,REG-04,2024-04-27,Corporate
CUST-09435,Aanya Singh,Female,50,Bangalore,REG-03,2025-11-06,Small Business
CUST-09436,Kabir Saxena,Male,18,Ranchi,REG-04,2023-02-15,Small Business
CUST-09437,Aanya Patel,Female,35,Nashik,REG-01,2024-07-05,Consumer
CUST-09438,Dhruv Rao,Male,32,Ranchi,REG-04,2024-03-31,Small Business
CUST-09439,Arjun Nair,Male,43,Delhi,REG-02,2024-11-08,Corporate
CUST-09440,Priyanka Kapoor,Female,32,Mumbai,REG-01,2024-08-26,Consumer
CUST-09441,Priyanka Iyer,Female,18,Agartala,REG-06,2023-03-19,Corporate
CUST-09442,Amit Saxena,Other,31,Vadodara,REG-01,2023-01-27,Consumer
CUST-09443,Deepak Chopra,Male,23,Gurgaon,REG-02,2025-08-02,Small Business
CUST-09444,Aadhya Sharma,Female,34,Bangalore,REG-03,2023-04-30,Small Business
CUST-09445,Riya Saxena,Female,49,Panaji,REG-01,2024-05-16,Consumer
CUST-09446,Aarohi Deshmukh,Female,18,Coimbatore,REG-03,2023-01-13,Consumer
CUST-09447,Diya Kulkarni,Female,25,Mysore,REG-03,2024-03-10,Consumer
CUST-09448,Aarohi Joshi,Female,27,Bhubaneswar,REG-04,2024-10-22,Small Business
CUST-09449,Kavya Iyer,Female,29,Surat,REG-01,2023-09-25,Consumer
CUST-09450,Karan Saxena,Male,42,Bhopal,REG-05,2023-03-25,Consumer
CUST-09451,Vihaan Mishra,Male,32,Cuttack,REG-04,2025-04-30,Consumer
CUST-09452,Rohan Malhotra,Male,38,Jabalpur,REG-05,2024-12-23,Consumer
CUST-09453,Anand Rao,Male,27,Hyderabad,REG-03,2024-02-01,Consumer
CUST-09454,Suresh Shah,Male,36,Ludhiana,REG-02,2025-04-13,Corporate
CUST-09455,Shaurya Mishra,Male,42,Chennai,REG-03,2024-02-07,Corporate
CUST-09456,Karan Das,Male,25,Ahmedabad,REG-01,2023-12-03,Consumer
CUST-09457,Sai Sharma,Male,42,Kanpur,REG-02,2025-09-26,Consumer
CUST-09458,Navya Mukherjee,Female,34,Cuttack,REG-04,2024-09-17,Consumer
CUST-09459,Saanvi Kumar,Female,45,Bilaspur,REG-05,2023-12-30,Consumer
CUST-09460,Nikhil Bhat,Male,31,Hyderabad,REG-03,2025-06-11,Consumer
CUST-09461,Deepika Choudhury,Female,38,Mumbai,REG-01,2024-04-17,Consumer
CUST-09462,Abhishek Kumar,Male,33,Nagpur,REG-01,2024-10-07,Consumer
CUST-09463,Anushka Saxena,Female,32,Gurgaon,REG-02,2024-01-13,Consumer
CUST-09464,Kavya Reddy,Female,36,Silchar,REG-06,2023-08-08,Consumer
CUST-09465,Suresh Reddy,Male,39,Panaji,REG-01,2023-10-11,Consumer
CUST-09466,Amit Patel,Male,20,Chennai,REG-03,2024-01-15,Small Business
CUST-09467,Aarav Kulkarni,Male,49,Mumbai,REG-01,2023-06-06,Consumer
CUST-09468,Arjun Nair,Male,18,Trivandrum,REG-03,2024-12-18,Small Business
CUST-09469,Aarohi Verma,Female,26,Nashik,REG-01,2024-07-12,Consumer
CUST-09470,Aanya Choudhury,Female,32,Delhi,REG-02,2023-03-12,Consumer
CUST-09471,Aadhya Das,Female,38,Visakhapatnam,REG-03,2023-08-28,Consumer
CUST-09472,Rajesh Joshi,Male,51,Chennai,REG-03,2023-05-10,Corporate
CUST-09473,Sunita Chopra,Female,18,Vadodara,REG-01,2023-08-08,Consumer
CUST-09474,Karan Chopra,Male,28,Pune,REG-01,2023-08-21,Small Business
CUST-09475,Avani Menon,Female,18,Bhubaneswar,REG-04,2023-05-03,Small Business
CUST-09476,Advaith Saxena,Male,34,Mumbai,REG-01,2025-09-20,Consumer
CUST-09477,Vikram Pillai,Male,36,Surat,REG-01,2025-10-06,Small Business
CUST-09478,Priyanka Patel,Female,51,Panaji,REG-01,2023-08-15,Consumer
CUST-09479,Suresh Rao,Male,35,Chennai,REG-03,2025-10-10,Consumer
CUST-09480,Vivaan Pillai,Male,45,Lucknow,REG-02,2024-08-28,Consumer
CUST-09481,Deepak Das,Male,40,Ahmedabad,REG-01,2025-08-15,Consumer
CUST-09482,Pranav Choudhury,Male,29,Nashik,REG-01,2023-04-25,Consumer
CUST-09483,Shreya Gupta,Female,18,Dibrugarh,REG-06,2024-09-22,Consumer
CUST-09484,Nikhil Menon,Male,37,Asansol,REG-04,2023-05-24,Corporate
CUST-09485,Sara Choudhury,Female,18,Kanpur,REG-02,2024-07-07,Corporate
CUST-09486,Swati Kapoor,Other,48,Mysore,REG-03,2025-11-02,Consumer
CUST-09487,Atharv Joshi,Male,32,Noida,REG-02,2025-08-22,Small Business
CUST-09488,Advaith Joshi,Male,47,Kanpur,REG-02,2023-09-27,Small Business
CUST-09489,Vivaan Mishra,Male,28,Ranchi,REG-04,2023-07-31,Small Business
CUST-09490,Nikhil Menon,Male,36,Mumbai,REG-01,2025-08-26,Consumer
CUST-09491,Sara Reddy,Female,36,Hyderabad,REG-03,2025-10-22,Consumer
CUST-09492,Avani Rao,Female,33,Nashik,REG-01,2025-02-25,Corporate
CUST-09493,Kavya Das,Female,29,Panaji,REG-01,2024-05-17,Consumer
CUST-09494,Shaurya Verma,Male,38,Bhubaneswar,REG-04,2023-07-23,Consumer
CUST-09495,Navya Menon,Female,23,Coimbatore,REG-03,2025-04-21,Corporate
CUST-09496,Advik Kumar,Male,20,Lucknow,REG-02,2024-12-05,Consumer
CUST-09497,Sneha Mehta,Female,47,Patna,REG-04,2024-04-22,Consumer
CUST-09498,Preeti Das,Female,41,Chennai,REG-03,2024-10-15,Small Business
CUST-09499,Neha Choudhury,Female,34,Gwalior,REG-05,2023-11-23,Consumer
CUST-09500,Anand Deshmukh,Male,52,Panaji,REG-01,2025-04-22,Consumer
CUST-09501,Saanvi Verma,Female,31,Pune,REG-01,2023-08-27,Consumer
CUST-09502,Swati Saxena,Female,48,Visakhapatnam,REG-03,2025-10-24,Consumer
CUST-09503,Pooja Kulkarni,Female,35,Visakhapatnam,REG-03,2023-12-06,Consumer
CUST-09504,Rahul Verma,Male,22,Jabalpur,REG-05,2025-08-24,Consumer
CUST-09505,Ishaan Verma,Male,54,Kolkata,REG-04,2023-01-11,Corporate
CUST-09506,Deepika Chopra,Female,44,Vadodara,REG-01,2025-04-16,Consumer
CUST-09507,Saanvi Chopra,Female,32,Ujjain,REG-05,2023-01-04,Consumer
CUST-09508,Swati Saxena,Female,41,Ujjain,REG-05,2025-01-14,Corporate
CUST-09509,Preeti Bhat,Female,29,Visakhapatnam,REG-03,2024-02-09,Consumer
CUST-09510,Saanvi Deshmukh,Female,43,Coimbatore,REG-03,2023-08-24,Consumer
CUST-09511,Krishna Pandey,Male,18,Pune,REG-01,2025-10-12,Consumer
CUST-09512,Dhruv Pillai,Male,22,Kochi,REG-03,2023-03-07,Consumer
CUST-09513,Abhishek Reddy,Male,44,Patna,REG-04,2023-04-25,Consumer
CUST-09514,Myra Mehta,Female,31,Gwalior,REG-05,2025-05-25,Consumer
CUST-09515,Kabir Joshi,Male,36,Bhubaneswar,REG-04,2023-04-04,Consumer
CUST-09516,Nikhil Deshmukh,Male,19,Dibrugarh,REG-06,2024-08-24,Consumer
CUST-09517,Aarohi Mishra,Female,54,Kanpur,REG-02,2025-01-03,Consumer
CUST-09518,Aarohi Chopra,Female,47,Dibrugarh,REG-06,2023-03-05,Consumer
CUST-09519,Kabir Reddy,Male,31,Indore,REG-05,2025-06-12,Consumer
CUST-09520,Aadhya Singh,Female,29,Pune,REG-01,2024-10-14,Corporate
CUST-09521,Karan Kumar,Male,45,Nagpur,REG-01,2025-08-24,Consumer
CUST-09522,Riya Chopra,Female,55,Chennai,REG-03,2025-11-01,Consumer
CUST-09523,Avani Singh,Female,44,Delhi,REG-02,2025-06-12,Corporate
CUST-09524,Pranav Chopra,Male,57,Gwalior,REG-05,2025-07-07,Corporate
CUST-09525,Neha Nair,Female,23,Hyderabad,REG-03,2024-03-07,Consumer
CUST-09526,Vihaan Sharma,Male,24,Bilaspur,REG-05,2023-06-10,Corporate
CUST-09527,Aditya Reddy,Male,20,Ludhiana,REG-02,2023-05-26,Small Business
CUST-09528,Suresh Gupta,Male,38,Ranchi,REG-04,2025-05-20,Consumer
CUST-09529,Pranav Joshi,Male,35,Chennai,REG-03,2025-11-10,Corporate
CUST-09530,Aditi Deshmukh,Female,32,Bhopal,REG-05,2025-05-12,Consumer
CUST-09531,Aadhya Singh,Female,42,Agartala,REG-06,2023-04-24,Corporate
CUST-09532,Krishna Pillai,Male,47,Pune,REG-01,2025-09-07,Small Business
CUST-09533,Gaurav Trivedi,Male,18,Delhi,REG-02,2024-02-08,Consumer
CUST-09534,Diya Gupta,Female,27,Gurgaon,REG-02,2025-11-25,Consumer
CUST-09535,Preeti Chopra,Female,43,Chennai,REG-03,2023-04-26,Consumer
CUST-09536,Dhruv Chopra,Male,28,Ranchi,REG-04,2024-05-20,Consumer
CUST-09537,Simran Gupta,Female,25,Cuttack,REG-04,2023-05-21,Consumer
CUST-09538,Anika Kumar,Female,45,Nashik,REG-01,2024-02-22,Consumer
CUST-09539,Myra Trivedi,Female,19,Ludhiana,REG-02,2023-01-07,Consumer
CUST-09540,Advik Saxena,Male,30,Hyderabad,REG-03,2025-07-29,Consumer
CUST-09541,Rahul Shah,Male,37,Noida,REG-02,2024-03-24,Consumer
CUST-09542,Riya Kapoor,Female,27,Bangalore,REG-03,2023-07-17,Consumer
CUST-09543,Vikram Rao,Male,42,Indore,REG-05,2024-06-18,Consumer
CUST-09544,Vihaan Shah,Male,27,Ludhiana,REG-02,2023-08-06,Consumer
CUST-09545,Advik Chopra,Male,49,Nashik,REG-01,2023-08-28,Consumer
CUST-09546,Krishna Mukherjee,Male,32,Kanpur,REG-02,2025-01-01,Corporate
CUST-09547,Krishna Verma,Male,41,Noida,REG-02,2023-05-08,Consumer
CUST-09548,Rahul Deshmukh,Male,42,Vadodara,REG-01,2025-01-13,Consumer
CUST-09549,Pari Pandey,Female,27,Ahmedabad,REG-01,2024-09-05,Consumer
CUST-09550,Avani Mukherjee,Female,18,Coimbatore,REG-03,2023-06-03,Consumer
CUST-09551,Karan Trivedi,Male,37,Howrah,REG-04,2023-10-06,Consumer
CUST-09552,Deepak Patel,Male,34,Cuttack,REG-04,2023-06-20,Consumer
CUST-09553,Aarohi Shah,Other,40,Mumbai,REG-01,2023-12-12,Corporate
CUST-09554,Rahul Deshmukh,Male,31,Gurgaon,REG-02,2024-01-01,Corporate
CUST-09555,Aditya Menon,Male,29,Bhopal,REG-05,2024-03-17,Small Business
CUST-09556,Amit Aggarwal,Male,56,Nagpur,REG-01,2025-04-25,Consumer
CUST-09557,Diya Pandey,Female,18,Hyderabad,REG-03,2025-10-09,Consumer
CUST-09558,Dhruv Nair,Male,42,Lucknow,REG-02,2023-12-13,Small Business
CUST-09559,Vihaan Shah,Male,27,Mysore,REG-03,2025-01-18,Consumer
CUST-09560,Kavya Rao,Female,30,Gurgaon,REG-02,2025-07-24,Consumer
CUST-09561,Aditya Shah,Male,30,Cuttack,REG-04,2023-07-09,Consumer
CUST-09562,Aditya Bose,Male,25,Silchar,REG-06,2024-08-10,Consumer
CUST-09563,Rohan Gupta,Male,40,Kochi,REG-03,2023-12-22,Consumer
CUST-09564,Aarav Iyer,Male,49,Panaji,REG-01,2024-10-21,Small Business
CUST-09565,Angel Kulkarni,Female,39,Shillong,REG-06,2023-04-12,Consumer
CUST-09566,Aditya Bose,Male,35,Bangalore,REG-03,2025-02-18,Corporate
CUST-09567,Arjun Reddy,Male,23,Visakhapatnam,REG-03,2025-06-15,Consumer
CUST-09568,Shaurya Gupta,Male,39,Surat,REG-01,2023-07-27,Consumer
CUST-09569,Myra Das,Female,57,Mysore,REG-03,2025-10-25,Consumer
CUST-09570,Neha Menon,Female,29,Coimbatore,REG-03,2025-11-16,Consumer
CUST-09571,Ishaan Malhotra,Male,29,Ujjain,REG-05,2023-08-25,Consumer
CUST-09572,Saanvi Pandey,Female,27,Vadodara,REG-01,2025-04-01,Consumer
CUST-09573,Kavya Mehta,Female,28,Cuttack,REG-04,2024-03-15,Consumer
CUST-09574,Ayaan Bhat,Male,18,Nagpur,REG-01,2024-05-17,Consumer
CUST-09575,Anand Deshmukh,Male,38,Panaji,REG-01,2023-03-16,Consumer
CUST-09576,Aditya Bose,Male,24,Mumbai,REG-01,2024-12-04,Consumer
CUST-09577,Kabir Chopra,Male,18,Silchar,REG-06,2023-02-11,Corporate
CUST-09578,Sai Pandey,Male,42,Delhi,REG-02,2023-05-28,Consumer
CUST-09579,Ishaan Pillai,Male,22,Mysore,REG-03,2025-07-10,Consumer
CUST-09580,Arjun Kulkarni,Male,30,Guwahati,REG-06,2023-06-05,Corporate
CUST-09581,Navya Gupta,Female,50,Silchar,REG-06,2025-10-10,Consumer
CUST-09582,Rohan Reddy,Male,18,Indore,REG-05,2023-09-12,Small Business
CUST-09583,Sneha Malhotra,Female,18,Pune,REG-01,2025-10-01,Consumer
CUST-09584,Aanya Verma,Female,36,Bhubaneswar,REG-04,2024-04-02,Corporate
CUST-09585,Rohan Trivedi,Male,46,Bhubaneswar,REG-04,2024-03-10,Consumer
CUST-09586,Dhruv Bose,Male,18,Surat,REG-01,2024-10-16,Consumer
CUST-09587,Neha Nair,Female,38,Gurgaon,REG-02,2024-08-08,Corporate
CUST-09588,Arjun Kumar,Male,40,Raipur,REG-05,2025-09-07,Consumer
CUST-09589,Deepika Reddy,Female,18,Surat,REG-01,2023-11-21,Consumer
CUST-09590,Abhishek Shah,Male,42,Kochi,REG-03,2024-01-05,Consumer
CUST-09591,Myra Bose,Female,43,Panaji,REG-01,2024-03-14,Consumer
CUST-09592,Deepak Patel,Male,30,Patna,REG-04,2023-02-21,Consumer
CUST-09593,Aditi Mishra,Female,47,Howrah,REG-04,2025-11-21,Corporate
CUST-09594,Neha Aggarwal,Female,46,Shillong,REG-06,2024-08-14,Corporate
CUST-09595,Ananya Nair,Female,35,Ahmedabad,REG-01,2025-06-14,Small Business
CUST-09596,Vikram Kulkarni,Male,29,Gurgaon,REG-02,2025-11-16,Consumer
CUST-09597,Aarav Menon,Male,23,Visakhapatnam,REG-03,2024-06-20,Consumer
CUST-09598,Aarav Pandey,Male,33,Patna,REG-04,2024-04-17,Consumer
CUST-09599,Atharv Pandey,Male,40,Panaji,REG-01,2024-12-04,Consumer
CUST-09600,Diya Iyer,Female,30,Chandigarh,REG-02,2023-10-16,Corporate
CUST-09601,Deepika Deshmukh,Female,18,Jabalpur,REG-05,2023-10-28,Consumer
CUST-09602,Rajesh Reddy,Male,47,Vadodara,REG-01,2024-03-12,Consumer
CUST-09603,Sara Aggarwal,Female,36,Lucknow,REG-02,2025-10-05,Consumer
CUST-09604,Vikram Gupta,Male,29,Guwahati,REG-06,2023-08-08,Corporate
CUST-09605,Myra Gupta,Female,43,Nagpur,REG-01,2024-05-31,Consumer
CUST-09606,Manish Das,Male,50,Jaipur,REG-02,2025-06-26,Consumer
CUST-09607,Gaurav Mishra,Male,18,Mysore,REG-03,2023-06-27,Consumer
CUST-09608,Ayaan Saxena,Male,38,Indore,REG-05,2025-01-19,Consumer
CUST-09609,Deepika Saxena,Female,18,Delhi,REG-02,2023-09-08,Consumer
CUST-09610,Diya Mehta,Female,39,Kolkata,REG-04,2024-05-12,Corporate
CUST-09611,Abhishek Reddy,Male,35,Gurgaon,REG-02,2023-02-18,Small Business
CUST-09612,Ananya Singh,Female,40,Nashik,REG-01,2024-04-12,Small Business
CUST-09613,Pari Mishra,Female,28,Nagpur,REG-01,2023-03-22,Small Business
CUST-09614,Advik Kapoor,Male,18,Silchar,REG-06,2025-04-27,Consumer
CUST-09615,Dhruv Sharma,Male,29,Trivandrum,REG-03,2024-08-04,Consumer
CUST-09616,Aditi Reddy,Female,38,Bilaspur,REG-05,2025-11-09,Corporate
CUST-09617,Pranav Rao,Male,45,Silchar,REG-06,2023-12-13,Consumer
CUST-09618,Neha Saxena,Female,21,Guwahati,REG-06,2023-02-06,Consumer
CUST-09619,Diya Pillai,Female,45,Kochi,REG-03,2024-10-17,Consumer
CUST-09620,Ananya Shah,Female,26,Lucknow,REG-02,2023-09-21,Consumer
CUST-09621,Ishaan Mishra,Male,37,Trivandrum,REG-03,2024-01-27,Corporate
CUST-09622,Aanya Aggarwal,Female,28,Ujjain,REG-05,2024-05-11,Corporate
CUST-09623,Preeti Bose,Female,36,Ujjain,REG-05,2024-02-08,Consumer
CUST-09624,Suresh Bose,Male,43,Gwalior,REG-05,2023-05-25,Corporate
CUST-09625,Ira Bose,Female,20,Noida,REG-02,2023-06-01,Consumer
CUST-09626,Nikhil Iyer,Other,26,Asansol,REG-04,2024-05-31,Small Business
CUST-09627,Priyanka Mishra,Female,36,Nagpur,REG-01,2025-02-06,Small Business
CUST-09628,Pooja Singh,Female,60,Delhi,REG-02,2023-04-17,Consumer
CUST-09629,Advaith Sharma,Male,24,Ahmedabad,REG-01,2025-05-02,Consumer
CUST-09630,Kabir Bhat,Male,56,Cuttack,REG-04,2024-09-18,Corporate
CUST-09631,Swati Pillai,Female,56,Vadodara,REG-01,2025-07-30,Consumer
CUST-09632,Simran Sharma,Female,32,Shillong,REG-06,2025-11-26,Consumer
CUST-09633,Navya Mehta,Female,30,Cuttack,REG-04,2023-01-17,Consumer
CUST-09634,Angel Kumar,Female,26,Hyderabad,REG-03,2024-05-02,Corporate
CUST-09635,Vivaan Menon,Male,33,Nashik,REG-01,2023-10-31,Corporate
CUST-09636,Priyanka Kapoor,Female,18,Dibrugarh,REG-06,2023-12-18,Consumer
CUST-09637,Simran Kapoor,Female,33,Pune,REG-01,2025-01-11,Corporate
CUST-09638,Pranav Verma,Male,50,Gwalior,REG-05,2025-09-30,Corporate
CUST-09639,Dhruv Malhotra,Male,27,Ahmedabad,REG-01,2023-03-10,Consumer
CUST-09640,Avani Pandey,Female,31,Trivandrum,REG-03,2024-05-08,Consumer
CUST-09641,Vikram Iyer,Male,18,Noida,REG-02,2024-07-24,Consumer
CUST-09642,Ira Chopra,Female,38,Patna,REG-04,2023-12-03,Consumer
CUST-09643,Karan Kulkarni,Male,36,Patna,REG-04,2024-12-09,Consumer
CUST-09644,Aditi Singh,Female,34,Ahmedabad,REG-01,2025-07-27,Small Business
CUST-09645,Rahul Malhotra,Male,31,Chandigarh,REG-02,2024-06-15,Consumer
CUST-09646,Deepak Shah,Male,30,Howrah,REG-04,2024-08-09,Corporate
CUST-09647,Anika Mukherjee,Female,39,Pune,REG-01,2025-03-26,Consumer
CUST-09648,Riya Choudhury,Female,33,Howrah,REG-04,2025-02-24,Consumer
CUST-09649,Dhruv Gupta,Male,37,Gurgaon,REG-02,2024-10-09,Consumer
CUST-09650,Sneha Reddy,Female,36,Noida,REG-02,2025-06-28,Corporate
CUST-09651,Reyansh Saxena,Male,46,Chennai,REG-03,2023-01-13,Consumer
CUST-09652,Advaith Rao,Male,41,Hyderabad,REG-03,2024-03-03,Small Business
CUST-09653,Karan Mishra,Male,36,Raipur,REG-05,2025-05-29,Consumer
CUST-09654,Karan Singh,Male,50,Kochi,REG-03,2024-08-20,Small Business
CUST-09655,Pranav Iyer,Male,38,Pune,REG-01,2024-06-13,Consumer
CUST-09656,Ananya Gupta,Female,48,Raipur,REG-05,2025-02-19,Corporate
CUST-09657,Tanvi Deshmukh,Female,40,Delhi,REG-02,2025-04-07,Consumer
CUST-09658,Sara Mehta,Female,18,Kochi,REG-03,2024-09-10,Consumer
CUST-09659,Ishaan Reddy,Male,48,Silchar,REG-06,2025-11-14,Small Business
CUST-09660,Anushka Pillai,Female,35,Pune,REG-01,2025-06-10,Consumer
CUST-09661,Pranav Bhat,Male,33,Ahmedabad,REG-01,2025-03-14,Consumer
CUST-09662,Riya Iyer,Female,37,Bhubaneswar,REG-04,2023-08-16,Consumer
CUST-09663,Gaurav Trivedi,Male,30,Kanpur,REG-02,2023-08-23,Consumer
CUST-09664,Rajesh Saxena,Male,36,Mysore,REG-03,2025-07-23,Consumer
CUST-09665,Pranav Pillai,Male,27,Nagpur,REG-01,2025-01-22,Consumer
CUST-09666,Aanya Kumar,Female,48,Hyderabad,REG-03,2025-08-26,Corporate
CUST-09667,Ishaan Mukherjee,Male,32,Coimbatore,REG-03,2024-01-11,Consumer
CUST-09668,Shaurya Deshmukh,Male,29,Chandigarh,REG-02,2024-08-26,Corporate
CUST-09669,Pari Verma,Female,23,Surat,REG-01,2025-10-01,Consumer
CUST-09670,Atharv Shah,Male,36,Indore,REG-05,2023-06-08,Consumer
CUST-09671,Krishna Kumar,Male,36,Bhopal,REG-05,2024-08-12,Consumer
CUST-09672,Abhishek Chopra,Male,38,Nashik,REG-01,2023-05-07,Small Business
CUST-09673,Simran Kulkarni,Female,22,Nashik,REG-01,2025-07-19,Consumer
CUST-09674,Vivaan Saxena,Male,18,Indore,REG-05,2023-04-11,Consumer
CUST-09675,Reyansh Verma,Male,40,Jabalpur,REG-05,2025-08-07,Consumer
CUST-09676,Aarav Kapoor,Male,50,Pune,REG-01,2025-01-08,Corporate
CUST-09677,Kabir Rao,Male,22,Jaipur,REG-02,2025-01-28,Consumer
CUST-09678,Kavya Pandey,Female,51,Pune,REG-01,2023-09-10,Consumer
CUST-09679,Vikram Rao,Male,37,Chandigarh,REG-02,2023-04-21,Consumer
CUST-09680,Manish Bose,Male,33,Kanpur,REG-02,2023-10-15,Consumer
CUST-09681,Aanya Malhotra,Female,29,Ujjain,REG-05,2025-05-13,Consumer
CUST-09682,Aditya Singh,Male,18,Agartala,REG-06,2024-05-27,Small Business
CUST-09683,Riya Verma,Female,44,Noida,REG-02,2024-09-13,Consumer
CUST-09684,Rohan Deshmukh,Male,25,Ludhiana,REG-02,2023-05-02,Corporate
CUST-09685,Kabir Chopra,Male,25,Jaipur,REG-02,2023-04-25,Consumer
CUST-09686,Aditi Chopra,Female,44,Trivandrum,REG-03,2024-05-06,Consumer
CUST-09687,Amit Mehta,Male,18,Panaji,REG-01,2024-08-31,Small Business
CUST-09688,Deepika Gupta,Female,18,Kanpur,REG-02,2023-11-13,Consumer
CUST-09689,Pranav Verma,Male,33,Mumbai,REG-01,2025-10-17,Consumer
CUST-09690,Ayaan Trivedi,Male,37,Delhi,REG-02,2024-05-10,Consumer
CUST-09691,Deepika Deshmukh,Female,39,Ludhiana,REG-02,2023-01-29,Consumer
CUST-09692,Pranav Sharma,Male,30,Panaji,REG-01,2024-04-29,Corporate
CUST-09693,Angel Pillai,Female,61,Agartala,REG-06,2024-07-03,Consumer
CUST-09694,Deepika Kapoor,Female,31,Jaipur,REG-02,2023-03-31,Consumer
CUST-09695,Priyanka Aggarwal,Female,31,Hyderabad,REG-03,2025-05-03,Consumer
CUST-09696,Shaurya Chopra,Male,25,Jabalpur,REG-05,2024-09-15,Corporate
CUST-09697,Deepak Nair,Male,35,Howrah,REG-04,2023-03-31,Consumer
CUST-09698,Aanya Mukherjee,Female,40,Lucknow,REG-02,2025-05-01,Consumer
CUST-09699,Amit Patel,Male,47,Ranchi,REG-04,2023-06-10,Small Business
CUST-09700,Aarohi Reddy,Female,18,Ujjain,REG-05,2024-02-09,Consumer
CUST-09701,Shaurya Saxena,Male,31,Cuttack,REG-04,2023-03-05,Consumer
CUST-09702,Sai Choudhury,Male,38,Bhubaneswar,REG-04,2024-07-22,Consumer
CUST-09703,Kabir Mehta,Male,40,Chandigarh,REG-02,2025-05-01,Small Business
CUST-09704,Sunita Kumar,Female,34,Trivandrum,REG-03,2023-08-21,Consumer
CUST-09705,Aarohi Joshi,Female,39,Chandigarh,REG-02,2023-02-07,Consumer
CUST-09706,Neha Nair,Female,25,Visakhapatnam,REG-03,2023-03-01,Consumer
CUST-09707,Pooja Mehta,Female,51,Nashik,REG-01,2023-05-08,Consumer
CUST-09708,Vikram Bhat,Male,44,Patna,REG-04,2024-06-27,Small Business
CUST-09709,Anushka Deshmukh,Female,19,Nashik,REG-01,2023-04-16,Small Business
CUST-09710,Vikram Bose,Male,22,Kolkata,REG-04,2023-02-07,Corporate
CUST-09711,Pari Pandey,Female,22,Nashik,REG-01,2025-07-01,Small Business
CUST-09712,Kavya Iyer,Female,41,Ranchi,REG-04,2023-01-15,Consumer
CUST-09713,Kavya Malhotra,Female,19,Nagpur,REG-01,2024-11-29,Consumer
CUST-09714,Pranav Mukherjee,Male,30,Nagpur,REG-01,2024-12-11,Consumer
CUST-09715,Aadhya Mukherjee,Female,39,Asansol,REG-04,2023-10-05,Consumer
CUST-09716,Pari Bose,Female,33,Ujjain,REG-05,2024-07-16,Consumer
CUST-09717,Kabir Shah,Male,36,Agartala,REG-06,2025-10-19,Consumer
CUST-09718,Sneha Joshi,Female,22,Indore,REG-05,2025-05-14,Small Business
CUST-09719,Krishna Trivedi,Male,40,Kolkata,REG-04,2024-07-17,Consumer
CUST-09720,Deepak Chopra,Male,27,Bangalore,REG-03,2023-03-29,Corporate
CUST-09721,Swati Saxena,Female,30,Gurgaon,REG-02,2023-07-11,Consumer
CUST-09722,Vihaan Singh,Male,36,Ahmedabad,REG-01,2023-03-25,Small Business
CUST-09723,Kabir Shah,Male,35,Bhubaneswar,REG-04,2023-05-19,Consumer
CUST-09724,Advik Kapoor,Male,34,Hyderabad,REG-03,2025-02-07,Consumer
CUST-09725,Anika Patel,Female,25,Howrah,REG-04,2024-09-09,Consumer
CUST-09726,Advaith Bhat,Male,30,Ahmedabad,REG-01,2024-11-22,Small Business
CUST-09727,Aarohi Pillai,Female,34,Mysore,REG-03,2023-12-02,Consumer
CUST-09728,Anika Mehta,Female,18,Agartala,REG-06,2024-01-15,Corporate
CUST-09729,Atharv Mishra,Male,28,Imphal,REG-06,2025-07-14,Consumer
CUST-09730,Saanvi Nair,Female,38,Bilaspur,REG-05,2025-11-10,Small Business
CUST-09731,Sai Saxena,Other,19,Indore,REG-05,2023-02-05,Consumer
CUST-09732,Gaurav Reddy,Male,46,Coimbatore,REG-03,2024-05-15,Corporate
CUST-09733,Kabir Nair,Male,47,Noida,REG-02,2023-09-24,Corporate
CUST-09734,Neha Gupta,Female,20,Coimbatore,REG-03,2024-02-18,Consumer
CUST-09735,Rahul Trivedi,Male,48,Nashik,REG-01,2025-04-29,Corporate
CUST-09736,Reyansh Sharma,Male,32,Gwalior,REG-05,2023-12-08,Consumer
CUST-09737,Pooja Rao,Female,38,Bhopal,REG-05,2025-05-06,Consumer
CUST-09738,Deepika Rao,Female,28,Ahmedabad,REG-01,2024-07-10,Consumer
CUST-09739,Sai Pandey,Male,44,Bangalore,REG-03,2023-06-29,Corporate
CUST-09740,Aanya Shah,Female,38,Indore,REG-05,2023-12-18,Small Business
CUST-09741,Rahul Deshmukh,Male,25,Bilaspur,REG-05,2023-03-07,Consumer
CUST-09742,Kabir Shah,Male,21,Cuttack,REG-04,2023-02-07,Consumer
CUST-09743,Sara Kapoor,Female,18,Panaji,REG-01,2025-05-21,Consumer
CUST-09744,Krishna Trivedi,Male,36,Bhopal,REG-05,2023-11-04,Consumer
CUST-09745,Aadhya Mukherjee,Female,40,Ahmedabad,REG-01,2025-07-25,Consumer
CUST-09746,Vikram Mishra,Male,41,Mysore,REG-03,2024-06-14,Corporate
CUST-09747,Anushka Kapoor,Female,32,Trivandrum,REG-03,2023-07-12,Corporate
CUST-09748,Neha Bhat,Female,21,Vadodara,REG-01,2023-12-19,Consumer
CUST-09749,Atharv Pillai,Male,26,Surat,REG-01,2023-04-16,Small Business
CUST-09750,Shreya Nair,Female,46,Hyderabad,REG-03,2024-06-29,Consumer
CUST-09751,Priyanka Deshmukh,Female,28,Noida,REG-02,2025-04-14,Corporate
CUST-09752,Aarohi Rao,Female,35,Delhi,REG-02,2023-04-12,Consumer
CUST-09753,Rahul Kumar,Male,22,Nashik,REG-01,2024-04-17,Consumer
CUST-09754,Kavya Bose,Female,37,Ludhiana,REG-02,2023-08-25,Consumer
CUST-09755,Anand Kulkarni,Other,28,Mumbai,REG-01,2024-01-26,Consumer
CUST-09756,Pooja Mukherjee,Female,45,Kolkata,REG-04,2025-08-08,Consumer
CUST-09757,Anand Shah,Male,42,Bilaspur,REG-05,2024-04-16,Consumer
CUST-09758,Dhruv Kumar,Male,28,Delhi,REG-02,2025-03-26,Small Business
CUST-09759,Suresh Reddy,Male,32,Pune,REG-01,2025-01-06,Consumer
CUST-09760,Saanvi Das,Female,27,Chennai,REG-03,2023-12-24,Consumer
CUST-09761,Pari Choudhury,Female,18,Cuttack,REG-04,2025-06-04,Consumer
CUST-09762,Aarohi Sharma,Female,24,Panaji,REG-01,2025-11-30,Consumer
CUST-09763,Suresh Patel,Male,36,Pune,REG-01,2023-12-07,Consumer
CUST-09764,Anushka Chopra,Female,37,Gwalior,REG-05,2024-04-15,Consumer
CUST-09765,Priyanka Shah,Female,35,Indore,REG-05,2024-09-11,Consumer
CUST-09766,Krishna Mishra,Male,30,Noida,REG-02,2025-05-04,Consumer
CUST-09767,Sunita Pandey,Female,44,Kolkata,REG-04,2023-01-19,Consumer
CUST-09768,Advik Gupta,Male,34,Jaipur,REG-02,2025-09-06,Small Business
CUST-09769,Sneha Patel,Female,41,Delhi,REG-02,2025-07-21,Consumer
CUST-09770,Navya Gupta,Female,18,Cuttack,REG-04,2024-01-15,Consumer
CUST-09771,Gaurav Aggarwal,Male,18,Chandigarh,REG-02,2024-12-28,Small Business
CUST-09772,Abhishek Reddy,Male,37,Mumbai,REG-01,2023-10-06,Small Business
CUST-09773,Pooja Das,Female,18,Bhubaneswar,REG-04,2024-01-10,Consumer
CUST-09774,Aditya Nair,Male,31,Chennai,REG-03,2023-12-27,Small Business
CUST-09775,Vikram Mehta,Male,30,Mysore,REG-03,2024-02-20,Corporate
CUST-09776,Neha Nair,Female,51,Chandigarh,REG-02,2023-01-20,Consumer
CUST-09777,Sunita Chopra,Female,38,Trivandrum,REG-03,2025-05-04,Consumer
CUST-09778,Swati Pillai,Female,35,Ranchi,REG-04,2023-11-24,Consumer
CUST-09779,Nikhil Kumar,Male,43,Indore,REG-05,2023-11-02,Consumer
CUST-09780,Ananya Gupta,Female,38,Pune,REG-01,2023-10-07,Consumer
CUST-09781,Neha Iyer,Female,28,Nashik,REG-01,2023-08-04,Small Business
CUST-09782,Aditya Mehta,Other,45,Surat,REG-01,2024-09-03,Consumer
CUST-09783,Shreya Aggarwal,Female,21,Bangalore,REG-03,2024-09-11,Consumer
CUST-09784,Dhruv Pandey,Male,37,Cuttack,REG-04,2023-07-19,Consumer
CUST-09785,Anika Singh,Female,18,Jaipur,REG-02,2023-07-18,Consumer
CUST-09786,Kavya Trivedi,Female,36,Howrah,REG-04,2025-07-13,Consumer
CUST-09787,Sunita Iyer,Female,36,Chennai,REG-03,2025-04-28,Consumer
CUST-09788,Aditi Iyer,Female,52,Howrah,REG-04,2025-07-16,Consumer
CUST-09789,Dhruv Nair,Male,18,Ranchi,REG-04,2025-06-22,Consumer
CUST-09790,Anushka Trivedi,Female,27,Noida,REG-02,2025-09-21,Corporate
CUST-09791,Amit Pillai,Male,43,Patna,REG-04,2025-09-17,Consumer
CUST-09792,Rajesh Verma,Male,37,Chandigarh,REG-02,2025-03-16,Consumer
CUST-09793,Navya Iyer,Female,35,Ludhiana,REG-02,2025-03-03,Consumer
CUST-09794,Aadhya Mishra,Other,23,Patna,REG-04,2023-07-18,Consumer
CUST-09795,Sara Iyer,Female,27,Patna,REG-04,2024-10-04,Consumer
CUST-09796,Shaurya Mukherjee,Male,47,Bhubaneswar,REG-04,2024-10-01,Small Business
CUST-09797,Sai Shah,Male,33,Mysore,REG-03,2025-03-01,Consumer
CUST-09798,Sai Reddy,Male,38,Bilaspur,REG-05,2023-10-25,Consumer
CUST-09799,Ishaan Mukherjee,Male,32,Vadodara,REG-01,2025-03-01,Consumer
CUST-09800,Diya Verma,Female,20,Chandigarh,REG-02,2023-04-04,Corporate
CUST-09801,Dhruv Das,Male,44,Visakhapatnam,REG-03,2023-07-29,Corporate
CUST-09802,Vikram Shah,Male,39,Vadodara,REG-01,2023-06-16,Consumer
CUST-09803,Pari Kulkarni,Female,59,Noida,REG-02,2023-05-29,Consumer
CUST-09804,Riya Chopra,Female,22,Ranchi,REG-04,2024-02-23,Small Business
CUST-09805,Karan Pandey,Male,43,Mumbai,REG-01,2024-09-14,Consumer
CUST-09806,Ira Pandey,Female,19,Ahmedabad,REG-01,2023-12-16,Consumer
CUST-09807,Kabir Mehta,Male,35,Visakhapatnam,REG-03,2023-06-12,Corporate
CUST-09808,Anika Sharma,Female,44,Kanpur,REG-02,2025-03-04,Consumer
CUST-09809,Priyanka Aggarwal,Female,18,Noida,REG-02,2025-06-19,Consumer
CUST-09810,Aditi Das,Female,31,Noida,REG-02,2025-02-18,Consumer
CUST-09811,Vihaan Menon,Male,27,Kanpur,REG-02,2023-12-22,Consumer
CUST-09812,Neha Kulkarni,Female,26,Nashik,REG-01,2024-03-16,Small Business
CUST-09813,Sunita Mehta,Other,38,Shillong,REG-06,2025-07-14,Consumer
CUST-09814,Ananya Patel,Female,46,Kolkata,REG-04,2025-06-28,Corporate
CUST-09815,Priyanka Pandey,Female,32,Gurgaon,REG-02,2025-07-28,Consumer
CUST-09816,Riya Gupta,Female,36,Cuttack,REG-04,2023-11-03,Consumer
CUST-09817,Pranav Kulkarni,Male,35,Chennai,REG-03,2025-07-05,Consumer
CUST-09818,Shaurya Iyer,Male,34,Chennai,REG-03,2023-09-20,Consumer
CUST-09819,Manish Bose,Male,22,Visakhapatnam,REG-03,2024-05-24,Consumer
CUST-09820,Krishna Das,Male,46,Visakhapatnam,REG-03,2025-09-18,Consumer
CUST-09821,Sara Bhat,Female,37,Hyderabad,REG-03,2025-10-05,Consumer
CUST-09822,Manish Singh,Male,38,Kochi,REG-03,2024-03-16,Consumer
CUST-09823,Neha Patel,Female,25,Kochi,REG-03,2025-05-09,Consumer
CUST-09824,Angel Kumar,Female,28,Pune,REG-01,2023-06-15,Small Business
CUST-09825,Rajesh Bose,Male,32,Mumbai,REG-01,2023-05-16,Corporate
CUST-09826,Ananya Kulkarni,Female,18,Trivandrum,REG-03,2024-12-20,Consumer
CUST-09827,Pooja Aggarwal,Female,18,Nashik,REG-01,2025-05-26,Consumer
CUST-09828,Navya Saxena,Female,27,Vadodara,REG-01,2023-11-28,Consumer
CUST-09829,Advaith Deshmukh,Male,39,Pune,REG-01,2024-06-20,Small Business
CUST-09830,Myra Malhotra,Female,26,Vadodara,REG-01,2024-05-05,Consumer
CUST-09831,Deepak Patel,Other,22,Howrah,REG-04,2025-04-11,Consumer
CUST-09832,Ira Mukherjee,Female,25,Chandigarh,REG-02,2025-06-08,Consumer
CUST-09833,Krishna Mehta,Male,28,Mumbai,REG-01,2025-03-31,Consumer
CUST-09834,Aanya Choudhury,Female,30,Nashik,REG-01,2023-10-21,Consumer
CUST-09835,Reyansh Choudhury,Male,57,Kanpur,REG-02,2023-01-14,Consumer
CUST-09836,Anand Nair,Male,45,Kolkata,REG-04,2025-04-03,Consumer
CUST-09837,Pranav Kapoor,Male,45,Jaipur,REG-02,2023-01-03,Small Business
CUST-09838,Simran Gupta,Female,46,Hyderabad,REG-03,2025-05-30,Consumer
CUST-09839,Shaurya Sharma,Male,23,Chandigarh,REG-02,2024-03-05,Consumer
CUST-09840,Pranav Sharma,Male,20,Imphal,REG-06,2024-07-15,Corporate
CUST-09841,Swati Kumar,Female,21,Delhi,REG-02,2025-02-08,Small Business
CUST-09842,Advaith Pandey,Male,48,Chandigarh,REG-02,2024-12-31,Consumer
CUST-09843,Aanya Saxena,Female,27,Mumbai,REG-01,2025-08-22,Consumer
CUST-09844,Manish Chopra,Male,20,Delhi,REG-02,2023-02-15,Consumer
CUST-09845,Aarohi Joshi,Female,29,Visakhapatnam,REG-03,2024-10-13,Consumer
CUST-09846,Aarav Kapoor,Male,31,Coimbatore,REG-03,2023-07-23,Consumer
CUST-09847,Simran Kapoor,Female,36,Delhi,REG-02,2025-07-18,Consumer
CUST-09848,Angel Iyer,Female,36,Kochi,REG-03,2024-01-10,Consumer
CUST-09849,Aarohi Pillai,Female,24,Gurgaon,REG-02,2024-07-18,Consumer
CUST-09850,Ishaan Menon,Male,41,Panaji,REG-01,2024-08-18,Corporate
CUST-09851,Aditya Aggarwal,Male,26,Imphal,REG-06,2023-04-14,Consumer
CUST-09852,Arjun Singh,Male,32,Jaipur,REG-02,2025-05-14,Consumer
CUST-09853,Pari Mukherjee,Female,41,Chandigarh,REG-02,2024-04-14,Corporate
CUST-09854,Meera Choudhury,Female,26,Nashik,REG-01,2023-05-14,Corporate
CUST-09855,Meera Verma,Female,27,Trivandrum,REG-03,2025-01-08,Small Business
CUST-09856,Pooja Bose,Female,40,Nagpur,REG-01,2023-11-08,Consumer
CUST-09857,Swati Mehta,Female,24,Asansol,REG-04,2024-03-31,Corporate
CUST-09858,Advaith Menon,Male,29,Chandigarh,REG-02,2023-07-04,Consumer
CUST-09859,Kabir Kulkarni,Male,40,Delhi,REG-02,2024-05-28,Consumer
CUST-09860,Aditi Patel,Female,56,Coimbatore,REG-03,2023-05-11,Consumer
CUST-09861,Angel Verma,Female,40,Trivandrum,REG-03,2023-10-15,Consumer
CUST-09862,Aditi Aggarwal,Female,39,Panaji,REG-01,2025-09-13,Consumer
CUST-09863,Vivaan Pillai,Male,39,Pune,REG-01,2023-06-20,Corporate
CUST-09864,Aadhya Singh,Female,22,Jaipur,REG-02,2024-04-14,Small Business
CUST-09865,Arjun Choudhury,Male,35,Guwahati,REG-06,2023-12-04,Corporate
CUST-09866,Suresh Kumar,Male,33,Guwahati,REG-06,2025-05-21,Consumer
CUST-09867,Pranav Saxena,Male,37,Asansol,REG-04,2023-03-30,Corporate
CUST-09868,Saanvi Aggarwal,Female,35,Panaji,REG-01,2024-09-14,Consumer
CUST-09869,Anushka Mehta,Female,38,Bangalore,REG-03,2023-07-04,Consumer
CUST-09870,Advik Trivedi,Male,30,Panaji,REG-01,2025-01-26,Corporate
CUST-09871,Arjun Deshmukh,Male,34,Dibrugarh,REG-06,2025-07-02,Consumer
CUST-09872,Krishna Patel,Male,20,Raipur,REG-05,2025-01-02,Consumer
CUST-09873,Riya Mukherjee,Female,30,Kanpur,REG-02,2025-11-04,Small Business
CUST-09874,Karan Das,Male,49,Vadodara,REG-01,2024-10-18,Consumer
CUST-09875,Suresh Trivedi,Male,37,Panaji,REG-01,2024-08-23,Corporate
CUST-09876,Vihaan Mishra,Male,33,Ahmedabad,REG-01,2023-08-08,Consumer
CUST-09877,Aditya Iyer,Male,54,Kanpur,REG-02,2024-04-13,Consumer
CUST-09878,Sai Das,Male,19,Chandigarh,REG-02,2024-12-04,Corporate
CUST-09879,Anushka Trivedi,Female,21,Asansol,REG-04,2025-07-04,Consumer
CUST-09880,Pari Mishra,Female,52,Ludhiana,REG-02,2023-03-19,Corporate
CUST-09881,Arjun Bhat,Male,34,Bhubaneswar,REG-04,2024-01-30,Corporate
CUST-09882,Priyanka Kapoor,Female,31,Pune,REG-01,2023-07-10,Consumer
CUST-09883,Priyanka Mukherjee,Female,20,Surat,REG-01,2024-10-30,Corporate
CUST-09884,Deepika Mukherjee,Female,38,Nagpur,REG-01,2023-07-10,Consumer
CUST-09885,Abhishek Menon,Male,39,Nashik,REG-01,2024-06-12,Consumer
CUST-09886,Shreya Singh,Female,21,Ahmedabad,REG-01,2023-01-19,Consumer
CUST-09887,Swati Bhat,Female,32,Kolkata,REG-04,2023-04-11,Consumer
CUST-09888,Karan Malhotra,Male,30,Noida,REG-02,2025-01-11,Consumer
CUST-09889,Ira Singh,Female,36,Shillong,REG-06,2024-08-04,Consumer
CUST-09890,Pranav Mishra,Male,21,Silchar,REG-06,2023-05-09,Corporate
CUST-09891,Avani Bhat,Female,47,Cuttack,REG-04,2023-01-15,Consumer
CUST-09892,Manish Rao,Male,44,Bhopal,REG-05,2024-10-02,Consumer
CUST-09893,Aanya Joshi,Female,30,Lucknow,REG-02,2023-09-20,Consumer
CUST-09894,Ira Menon,Female,31,Howrah,REG-04,2024-11-27,Corporate
CUST-09895,Vihaan Joshi,Male,32,Bhopal,REG-05,2025-11-08,Consumer
CUST-09896,Ayaan Sharma,Male,25,Indore,REG-05,2024-07-19,Consumer
CUST-09897,Kavya Malhotra,Female,29,Trivandrum,REG-03,2025-07-01,Corporate
CUST-09898,Ishaan Patel,Male,31,Mumbai,REG-01,2023-05-16,Consumer
CUST-09899,Sunita Pillai,Female,51,Trivandrum,REG-03,2025-10-11,Consumer
CUST-09900,Kabir Chopra,Male,44,Jaipur,REG-02,2025-07-06,Consumer
CUST-09901,Reyansh Iyer,Male,44,Kolkata,REG-04,2025-06-18,Corporate
CUST-09902,Vivaan Verma,Male,38,Panaji,REG-01,2025-10-05,Small Business
CUST-09903,Abhishek Rao,Male,21,Surat,REG-01,2024-09-22,Corporate
CUST-09904,Navya Kapoor,Female,33,Visakhapatnam,REG-03,2025-02-06,Consumer
CUST-09905,Abhishek Rao,Male,44,Shillong,REG-06,2024-01-12,Consumer
CUST-09906,Ira Shah,Female,20,Kochi,REG-03,2024-05-30,Small Business
CUST-09907,Aditya Saxena,Male,41,Jaipur,REG-02,2025-05-07,Consumer
CUST-09908,Advik Joshi,Male,59,Jabalpur,REG-05,2024-08-30,Consumer
CUST-09909,Aarav Joshi,Male,45,Kanpur,REG-02,2025-05-21,Consumer
CUST-09910,Arjun Bose,Male,49,Gwalior,REG-05,2023-12-28,Consumer
CUST-09911,Nikhil Pandey,Male,36,Surat,REG-01,2023-03-17,Consumer
CUST-09912,Ananya Trivedi,Female,44,Coimbatore,REG-03,2023-05-29,Consumer
CUST-09913,Atharv Joshi,Male,26,Ranchi,REG-04,2025-10-01,Consumer
CUST-09914,Aditi Iyer,Female,42,Guwahati,REG-06,2023-08-02,Consumer
CUST-09915,Suresh Saxena,Male,41,Bilaspur,REG-05,2023-11-22,Corporate
CUST-09916,Sunita Reddy,Female,37,Ludhiana,REG-02,2023-03-22,Consumer
CUST-09917,Priyanka Joshi,Female,48,Lucknow,REG-02,2023-07-11,Consumer
CUST-09918,Karan Pillai,Male,28,Trivandrum,REG-03,2024-02-03,Consumer
CUST-09919,Arjun Reddy,Male,31,Nashik,REG-01,2024-12-29,Consumer
CUST-09920,Shaurya Reddy,Male,35,Ludhiana,REG-02,2023-03-15,Consumer
CUST-09921,Arjun Singh,Male,22,Lucknow,REG-02,2025-11-06,Corporate
CUST-09922,Aarav Gupta,Male,36,Pune,REG-01,2023-06-16,Consumer
CUST-09923,Reyansh Rao,Male,18,Raipur,REG-05,2024-11-09,Corporate
CUST-09924,Arjun Kulkarni,Male,45,Kolkata,REG-04,2024-12-02,Consumer
CUST-09925,Arjun Joshi,Male,34,Gurgaon,REG-02,2023-10-07,Consumer
CUST-09926,Pari Kapoor,Female,28,Vadodara,REG-01,2024-07-16,Consumer
CUST-09927,Anand Bhat,Male,24,Ludhiana,REG-02,2025-11-06,Corporate
CUST-09928,Myra Bhat,Other,31,Raipur,REG-05,2024-01-30,Consumer
CUST-09929,Tanvi Pillai,Female,41,Howrah,REG-04,2025-06-07,Consumer
CUST-09930,Krishna Aggarwal,Male,40,Mumbai,REG-01,2024-04-06,Corporate
CUST-09931,Avani Verma,Female,26,Ahmedabad,REG-01,2023-06-05,Small Business
CUST-09932,Pooja Mishra,Female,24,Ludhiana,REG-02,2024-08-02,Consumer
CUST-09933,Vivaan Chopra,Male,41,Lucknow,REG-02,2023-07-04,Small Business
CUST-09934,Ananya Kumar,Female,26,Ranchi,REG-04,2024-09-04,Consumer
CUST-09935,Arjun Deshmukh,Male,34,Vadodara,REG-01,2025-01-05,Corporate
CUST-09936,Navya Bhat,Female,35,Kochi,REG-03,2024-09-15,Consumer
CUST-09937,Priyanka Pillai,Female,37,Lucknow,REG-02,2023-11-06,Corporate
CUST-09938,Dhruv Kulkarni,Male,43,Hyderabad,REG-03,2023-11-19,Consumer
CUST-09939,Aadhya Bose,Female,20,Chandigarh,REG-02,2024-05-09,Corporate
CUST-09940,Atharv Shah,Male,18,Kanpur,REG-02,2023-10-03,Consumer
CUST-09941,Ayaan Bhat,Male,27,Agartala,REG-06,2024-12-17,Consumer
CUST-09942,Rahul Pillai,Male,53,Mumbai,REG-01,2024-03-26,Small Business
CUST-09943,Anand Shah,Male,56,Jaipur,REG-02,2024-11-15,Consumer
CUST-09944,Tanvi Pandey,Female,54,Pune,REG-01,2024-04-01,Corporate
CUST-09945,Simran Gupta,Female,31,Pune,REG-01,2024-01-17,Consumer
CUST-09946,Kavya Mehta,Female,18,Ujjain,REG-05,2025-07-15,Consumer
CUST-09947,Aditya Menon,Male,18,Ranchi,REG-04,2024-02-28,Corporate
CUST-09948,Aarav Singh,Male,27,Howrah,REG-04,2025-11-25,Consumer
CUST-09949,Vihaan Singh,Male,31,Gurgaon,REG-02,2025-10-22,Consumer
CUST-09950,Preeti Deshmukh,Other,48,Ludhiana,REG-02,2023-06-04,Corporate
CUST-09951,Kabir Iyer,Male,43,Surat,REG-01,2023-04-19,Consumer
CUST-09952,Kavya Mukherjee,Female,36,Noida,REG-02,2024-10-06,Corporate
CUST-09953,Ira Singh,Female,24,Surat,REG-01,2024-05-08,Small Business
CUST-09954,Ira Nair,Female,23,Cuttack,REG-04,2024-12-16,Consumer
CUST-09955,Kavya Shah,Female,36,Gurgaon,REG-02,2023-01-31,Consumer
CUST-09956,Sneha Joshi,Female,41,Surat,REG-01,2023-11-04,Consumer
CUST-09957,Kavya Kumar,Female,38,Bangalore,REG-03,2025-09-11,Corporate
CUST-09958,Vikram Singh,Male,22,Lucknow,REG-02,2023-09-22,Consumer
CUST-09959,Ira Mukherjee,Female,41,Ahmedabad,REG-01,2024-11-27,Corporate
CUST-09960,Aditya Singh,Male,38,Kolkata,REG-04,2024-08-05,Consumer
CUST-09961,Deepak Bhat,Male,22,Hyderabad,REG-03,2023-10-26,Consumer
CUST-09962,Sneha Chopra,Female,25,Kochi,REG-03,2023-05-10,Consumer
CUST-09963,Sneha Kulkarni,Female,41,Visakhapatnam,REG-03,2024-02-25,Consumer
CUST-09964,Advaith Rao,Other,31,Ludhiana,REG-02,2025-04-07,Consumer
CUST-09965,Shreya Gupta,Female,51,Bilaspur,REG-05,2024-01-24,Consumer
CUST-09966,Swati Kulkarni,Female,39,Cuttack,REG-04,2023-03-22,Consumer
CUST-09967,Vihaan Aggarwal,Male,28,Gwalior,REG-05,2024-05-28,Consumer
CUST-09968,Simran Verma,Female,33,Surat,REG-01,2024-11-20,Consumer
CUST-09969,Sai Gupta,Male,34,Coimbatore,REG-03,2025-08-02,Small Business
CUST-09970,Navya Iyer,Female,25,Ahmedabad,REG-01,2025-02-09,Consumer
CUST-09971,Ayaan Bose,Male,23,Noida,REG-02,2024-07-09,Consumer
CUST-09972,Dhruv Deshmukh,Male,41,Raipur,REG-05,2024-11-24,Consumer
CUST-09973,Aarohi Bhat,Female,43,Trivandrum,REG-03,2025-11-21,Corporate
CUST-09974,Rahul Pandey,Male,40,Bangalore,REG-03,2024-01-31,Consumer
CUST-09975,Advik Iyer,Male,50,Noida,REG-02,2025-09-01,Corporate
CUST-09976,Sara Singh,Female,28,Asansol,REG-04,2024-04-16,Consumer
CUST-09977,Sai Menon,Male,52,Agartala,REG-06,2024-10-20,Consumer
CUST-09978,Abhishek Sharma,Male,24,Patna,REG-04,2023-04-15,Consumer
CUST-09979,Avani Shah,Female,22,Nashik,REG-01,2025-04-18,Consumer
CUST-09980,Kabir Kulkarni,Male,18,Surat,REG-01,2024-05-26,Consumer
CUST-09981,Simran Kapoor,Female,29,Lucknow,REG-02,2025-04-07,Consumer
CUST-09982,Karan Das,Male,28,Panaji,REG-01,2025-05-28,Consumer
CUST-09983,Amit Bose,Male,39,Surat,REG-01,2024-05-09,Consumer
CUST-09984,Shreya Kapoor,Female,36,Nashik,REG-01,2024-10-10,Consumer
CUST-09985,Aanya Aggarwal,Female,20,Visakhapatnam,REG-03,2023-05-14,Consumer
CUST-09986,Aarav Malhotra,Male,29,Mysore,REG-03,2023-05-28,Corporate
CUST-09987,Rahul Mehta,Male,29,Raipur,REG-05,2023-12-01,Consumer
CUST-09988,Reyansh Menon,Male,18,Vadodara,REG-01,2025-03-11,Corporate
CUST-09989,Ira Choudhury,Female,23,Nagpur,REG-01,2024-08-30,Consumer
CUST-09990,Abhishek Choudhury,Male,25,Noida,REG-02,2023-12-18,Consumer
CUST-09991,Angel Das,Female,49,Nagpur,REG-01,2024-10-28,Corporate
CUST-09992,Kabir Trivedi,Male,36,Hyderabad,REG-03,2024-03-27,Corporate
CUST-09993,Suresh Singh,Male,41,Coimbatore,REG-03,2023-07-26,Consumer
CUST-09994,Sneha Shah,Female,18,Bhubaneswar,REG-04,2025-05-02,Corporate
CUST-09995,Abhishek Gupta,Male,47,Kochi,REG-03,2023-08-14,Consumer
CUST-09996,Vivaan Verma,Male,48,Ahmedabad,REG-01,2024-09-20,Consumer
CUST-09997,Meera Malhotra,Female,18,Coimbatore,REG-03,2023-09-01,Corporate
CUST-09998,Sai Gupta,Other,26,Vadodara,REG-01,2024-11-01,Consumer
CUST-09999,Aanya Kapoor,Female,39,Panaji,REG-01,2023-12-13,Consumer
CUST-10000,Swati Kulkarni,Female,41,Bangalore,REG-03,2024-02-07,Consumer
CUST-10001,Anand Singh,Male,26,Delhi,REG-02,2024-02-26,Consumer
CUST-10002,Nikhil Reddy,Male,30,Chennai,REG-03,2025-04-18,Corporate
CUST-10003,Vikram Nair,Male,27,Ranchi,REG-04,2023-07-26,Consumer
CUST-10004,Deepika Saxena,Female,35,Chennai,REG-03,2023-12-06,Consumer
CUST-10005,Aarohi Malhotra,Female,47,Delhi,REG-02,2024-02-12,Consumer
CUST-10006,Priyanka Kumar,Female,25,Mysore,REG-03,2025-04-04,Consumer
CUST-10007,Aadhya Iyer,Female,45,Ujjain,REG-05,2023-12-15,Corporate
CUST-10008,Vivaan Bhat,Male,25,Asansol,REG-04,2024-08-02,Consumer
CUST-10009,Pranav Patel,Male,24,Ludhiana,REG-02,2023-07-27,Consumer
CUST-10010,Sneha Pillai,Female,43,Ahmedabad,REG-01,2024-03-24,Consumer
CUST-10011,Arjun Malhotra,Male,44,Surat,REG-01,2023-06-24,Corporate
CUST-10012,Sneha Mehta,Female,43,Indore,REG-05,2023-08-17,Corporate
CUST-10013,Riya Mukherjee,Female,19,Kanpur,REG-02,2024-11-24,Consumer
CUST-10014,Pranav Singh,Male,28,Vadodara,REG-01,2023-09-05,Consumer
CUST-10015,Aanya Malhotra,Female,43,Vadodara,REG-01,2024-01-19,Consumer
CUST-10016,Amit Mehta,Male,34,Vadodara,REG-01,2023-05-22,Small Business
CUST-10017,Ira Iyer,Female,22,Gurgaon,REG-02,2023-01-14,Consumer
CUST-10018,Tanvi Patel,Female,39,Asansol,REG-04,2024-07-07,Consumer
CUST-10019,Vihaan Das,Male,26,Kanpur,REG-02,2024-11-12,Consumer
CUST-10020,Vikram Singh,Male,53,Nashik,REG-01,2025-11-27,Corporate
CUST-10021,Pari Kapoor,Female,50,Surat,REG-01,2025-02-18,Small Business
CUST-10022,Aarav Das,Male,40,Mysore,REG-03,2024-02-22,Corporate
CUST-10023,Suresh Aggarwal,Other,48,Ranchi,REG-04,2023-05-03,Consumer
CUST-10024,Myra Bhat,Female,34,Chennai,REG-03,2023-11-18,Consumer
CUST-10025,Nikhil Shah,Male,42,Gurgaon,REG-02,2024-06-24,Consumer
CUST-10026,Preeti Sharma,Female,50,Gwalior,REG-05,2025-08-25,Consumer
CUST-10027,Vihaan Bose,Male,36,Mumbai,REG-01,2024-09-24,Corporate
CUST-10028,Aadhya Mehta,Female,31,Patna,REG-04,2023-05-15,Consumer
CUST-10029,Vivaan Pillai,Male,18,Bangalore,REG-03,2025-05-20,Consumer
CUST-10030,Rajesh Singh,Male,33,Asansol,REG-04,2025-03-09,Consumer
CUST-10031,Preeti Aggarwal,Female,43,Visakhapatnam,REG-03,2025-11-13,Consumer
CUST-10032,Rajesh Gupta,Male,44,Surat,REG-01,2024-03-16,Consumer
CUST-10033,Ayaan Joshi,Male,39,Chandigarh,REG-02,2023-03-02,Consumer
CUST-10034,Abhishek Kulkarni,Male,28,Nashik,REG-01,2023-08-08,Consumer
CUST-10035,Kabir Pillai,Male,18,Bhubaneswar,REG-04,2024-04-27,Consumer
CUST-10036,Tanvi Bose,Female,28,Kochi,REG-03,2023-08-07,Corporate
CUST-10037,Aarohi Chopra,Female,30,Gwalior,REG-05,2025-05-11,Consumer
CUST-10038,Anushka Kapoor,Female,30,Trivandrum,REG-03,2024-02-19,Consumer
CUST-10039,Arjun Mukherjee,Male,40,Vadodara,REG-01,2025-11-15,Consumer
CUST-10040,Rajesh Shah,Male,55,Noida,REG-02,2025-07-11,Corporate
CUST-10041,Aanya Patel,Female,35,Visakhapatnam,REG-03,2024-05-03,Corporate
CUST-10042,Pari Iyer,Female,31,Kolkata,REG-04,2024-12-01,Consumer
CUST-10043,Karan Pillai,Male,31,Trivandrum,REG-03,2025-08-31,Corporate
CUST-10044,Vivaan Gupta,Male,35,Nagpur,REG-01,2025-07-01,Corporate
CUST-10045,Aarohi Rao,Female,24,Cuttack,REG-04,2025-01-27,Consumer
CUST-10046,Aanya Deshmukh,Female,35,Vadodara,REG-01,2024-04-13,Consumer
CUST-10047,Deepak Saxena,Male,38,Mysore,REG-03,2025-07-06,Consumer
CUST-10048,Vikram Menon,Male,36,Gwalior,REG-05,2025-06-10,Consumer
CUST-10049,Rohan Pandey,Male,39,Bangalore,REG-03,2023-07-10,Small Business
CUST-10050,Meera Iyer,Female,38,Bilaspur,REG-05,2023-09-30,Small Business
CUST-10051,Aanya Das,Female,18,Dibrugarh,REG-06,2025-01-23,Consumer
CUST-10052,Amit Saxena,Male,41,Kolkata,REG-04,2023-04-07,Corporate
CUST-10053,Kavya Menon,Female,26,Bangalore,REG-03,2025-06-04,Consumer
CUST-10054,Suresh Menon,Male,21,Silchar,REG-06,2023-12-27,Consumer
CUST-10055,Riya Mukherjee,Female,21,Noida,REG-02,2023-12-02,Corporate
CUST-10056,Swati Kapoor,Female,38,Dibrugarh,REG-06,2023-06-07,Corporate
CUST-10057,Amit Sharma,Male,31,Guwahati,REG-06,2023-11-03,Consumer
CUST-10058,Aditi Deshmukh,Female,18,Nagpur,REG-01,2025-03-30,Consumer
CUST-10059,Kavya Kapoor,Female,39,Patna,REG-04,2025-10-14,Consumer
CUST-10060,Angel Deshmukh,Female,18,Ujjain,REG-05,2025-05-28,Consumer
CUST-10061,Advaith Patel,Male,35,Lucknow,REG-02,2023-11-14,Corporate
CUST-10062,Pranav Malhotra,Male,36,Jaipur,REG-02,2024-11-12,Consumer
CUST-10063,Shaurya Shah,Male,43,Noida,REG-02,2023-08-16,Consumer
CUST-10064,Saanvi Verma,Female,53,Jabalpur,REG-05,2024-10-18,Consumer
CUST-10065,Ayaan Verma,Male,18,Bhubaneswar,REG-04,2023-02-11,Consumer
CUST-10066,Anika Kapoor,Female,33,Indore,REG-05,2025-07-28,Consumer
CUST-10067,Preeti Sharma,Female,30,Jaipur,REG-02,2024-03-15,Consumer
CUST-10068,Simran Kumar,Female,38,Lucknow,REG-02,2024-09-05,Consumer
CUST-10069,Ananya Reddy,Female,36,Cuttack,REG-04,2023-01-26,Consumer
CUST-10070,Vivaan Bose,Male,30,Pune,REG-01,2023-09-08,Consumer
CUST-10071,Neha Saxena,Female,29,Surat,REG-01,2024-12-04,Corporate
CUST-10072,Amit Chopra,Male,21,Imphal,REG-06,2023-06-09,Consumer
CUST-10073,Aanya Saxena,Female,44,Vadodara,REG-01,2023-05-08,Corporate
CUST-10074,Sneha Deshmukh,Female,39,Bhubaneswar,REG-04,2023-07-09,Consumer
CUST-10075,Pooja Kapoor,Female,44,Gurgaon,REG-02,2024-04-22,Corporate
CUST-10076,Rahul Shah,Male,30,Kanpur,REG-02,2023-10-15,Consumer
CUST-10077,Krishna Sharma,Male,26,Kochi,REG-03,2024-04-25,Consumer
CUST-10078,Advaith Malhotra,Male,22,Kochi,REG-03,2024-04-15,Consumer
CUST-10079,Myra Pandey,Female,37,Indore,REG-05,2024-11-26,Consumer
CUST-10080,Ishaan Bhat,Male,22,Mysore,REG-03,2024-11-15,Consumer
CUST-10081,Dhruv Nair,Male,54,Gurgaon,REG-02,2024-01-10,Consumer
CUST-10082,Pranav Reddy,Male,19,Ludhiana,REG-02,2023-03-20,Consumer
CUST-10083,Aanya Iyer,Female,37,Gwalior,REG-05,2023-04-02,Small Business
CUST-10084,Pooja Trivedi,Female,51,Guwahati,REG-06,2023-10-16,Consumer
CUST-10085,Angel Deshmukh,Female,40,Lucknow,REG-02,2025-07-21,Consumer
CUST-10086,Sunita Reddy,Female,35,Coimbatore,REG-03,2025-07-07,Corporate
CUST-10087,Gaurav Sharma,Male,23,Nashik,REG-01,2025-05-30,Corporate
CUST-10088,Neha Mehta,Female,18,Chennai,REG-03,2025-10-06,Consumer
CUST-10089,Rajesh Chopra,Male,42,Ludhiana,REG-02,2024-03-19,Consumer
CUST-10090,Manish Kumar,Male,50,Chennai,REG-03,2024-04-12,Small Business
CUST-10091,Karan Kumar,Male,29,Raipur,REG-05,2025-09-22,Consumer
CUST-10092,Rahul Sharma,Male,21,Ahmedabad,REG-01,2023-10-02,Consumer
CUST-10093,Suresh Bhat,Male,18,Chennai,REG-03,2025-04-09,Consumer
CUST-10094,Dhruv Sharma,Male,23,Coimbatore,REG-03,2023-06-13,Consumer
CUST-10095,Riya Kumar,Female,32,Kolkata,REG-04,2025-04-21,Consumer
CUST-10096,Shreya Kapoor,Female,51,Lucknow,REG-02,2025-03-09,Consumer
CUST-10097,Anand Patel,Male,41,Mysore,REG-03,2024-02-13,Corporate
CUST-10098,Atharv Reddy,Male,37,Chandigarh,REG-02,2024-01-10,Corporate
CUST-10099,Aditi Gupta,Female,29,Pune,REG-01,2023-04-13,Consumer
CUST-10100,Sunita Saxena,Female,27,Raipur,REG-05,2024-12-26,Consumer
CUST-10101,Ayaan Pillai,Male,49,Visakhapatnam,REG-03,2023-12-12,Consumer
CUST-10102,Preeti Malhotra,Female,36,Ujjain,REG-05,2024-05-25,Corporate
CUST-10103,Ananya Chopra,Female,18,Cuttack,REG-04,2023-06-10,Consumer
CUST-10104,Saanvi Kapoor,Female,26,Patna,REG-04,2025-09-11,Consumer
CUST-10105,Arjun Deshmukh,Male,24,Ahmedabad,REG-01,2023-10-13,Small Business
CUST-10106,Nikhil Bhat,Male,27,Guwahati,REG-06,2025-08-16,Consumer
CUST-10107,Anika Menon,Female,40,Shillong,REG-06,2024-11-25,Consumer
CUST-10108,Sneha Mehta,Female,32,Panaji,REG-01,2023-11-11,Consumer
CUST-10109,Aarav Gupta,Other,33,Lucknow,REG-02,2025-01-20,Consumer
CUST-10110,Vihaan Shah,Male,48,Patna,REG-04,2024-11-23,Consumer
CUST-10111,Aadhya Iyer,Female,26,Agartala,REG-06,2023-02-17,Consumer
CUST-10112,Rahul Kulkarni,Male,54,Coimbatore,REG-03,2024-03-27,Consumer
CUST-10113,Sai Kulkarni,Male,26,Cuttack,REG-04,2023-06-22,Consumer
CUST-10114,Diya Mukherjee,Female,34,Delhi,REG-02,2025-04-11,Consumer
CUST-10115,Saanvi Kumar,Female,30,Bangalore,REG-03,2023-02-22,Consumer
CUST-10116,Aditi Joshi,Female,35,Kochi,REG-03,2023-11-17,Consumer
CUST-10117,Aarav Kapoor,Male,38,Gurgaon,REG-02,2024-07-24,Consumer
CUST-10118,Angel Kumar,Female,38,Coimbatore,REG-03,2025-10-23,Small Business
CUST-10119,Aditya Gupta,Male,25,Gurgaon,REG-02,2024-08-28,Consumer
CUST-10120,Navya Singh,Female,21,Asansol,REG-04,2023-02-15,Consumer
CUST-10121,Anushka Rao,Female,61,Visakhapatnam,REG-03,2024-10-23,Consumer
CUST-10122,Navya Kumar,Female,28,Chandigarh,REG-02,2024-07-20,Consumer
CUST-10123,Vihaan Sharma,Male,41,Pune,REG-01,2023-10-03,Consumer
CUST-10124,Amit Chopra,Male,18,Indore,REG-05,2025-01-05,Consumer
CUST-10125,Swati Trivedi,Female,30,Kanpur,REG-02,2023-10-06,Consumer
CUST-10126,Pari Deshmukh,Female,32,Visakhapatnam,REG-03,2024-01-29,Consumer
CUST-10127,Rahul Nair,Male,39,Visakhapatnam,REG-03,2024-06-27,Consumer
CUST-10128,Aarav Mehta,Male,18,Delhi,REG-02,2023-07-15,Consumer
CUST-10129,Advaith Mishra,Male,35,Lucknow,REG-02,2023-06-05,Small Business
CUST-10130,Aditi Aggarwal,Female,21,Gwalior,REG-05,2023-09-08,Consumer
CUST-10131,Pranav Iyer,Male,37,Howrah,REG-04,2025-05-04,Consumer
CUST-10132,Aarav Sharma,Male,22,Mumbai,REG-01,2023-09-07,Consumer
CUST-10133,Vivaan Malhotra,Male,24,Kanpur,REG-02,2024-11-24,Small Business
CUST-10134,Karan Iyer,Male,30,Gwalior,REG-05,2025-10-22,Consumer
CUST-10135,Rajesh Kulkarni,Male,22,Surat,REG-01,2023-02-25,Consumer
CUST-10136,Rajesh Sharma,Male,28,Coimbatore,REG-03,2023-09-29,Consumer
CUST-10137,Suresh Aggarwal,Male,20,Gurgaon,REG-02,2023-04-25,Corporate
CUST-10138,Navya Mishra,Female,18,Kochi,REG-03,2023-10-12,Consumer
CUST-10139,Advik Reddy,Male,45,Bhubaneswar,REG-04,2024-02-12,Small Business
CUST-10140,Riya Mukherjee,Female,19,Indore,REG-05,2024-12-18,Consumer
CUST-10141,Vihaan Chopra,Male,32,Ranchi,REG-04,2024-09-20,Small Business
CUST-10142,Aditi Kapoor,Female,42,Mysore,REG-03,2024-10-28,Corporate
CUST-10143,Ayaan Saxena,Male,27,Indore,REG-05,2025-01-12,Consumer
CUST-10144,Anushka Shah,Female,24,Lucknow,REG-02,2023-03-03,Small Business
CUST-10145,Gaurav Nair,Male,36,Indore,REG-05,2023-09-19,Consumer
CUST-10146,Anushka Menon,Female,46,Ahmedabad,REG-01,2024-01-16,Consumer
CUST-10147,Anand Choudhury,Male,21,Delhi,REG-02,2024-04-15,Consumer
CUST-10148,Anushka Singh,Female,32,Visakhapatnam,REG-03,2023-05-02,Consumer
CUST-10149,Pooja Mukherjee,Other,18,Panaji,REG-01,2023-10-12,Consumer
CUST-10150,Aarohi Sharma,Female,29,Cuttack,REG-04,2024-08-11,Consumer
CUST-10151,Rajesh Bose,Male,34,Howrah,REG-04,2025-10-12,Consumer
CUST-10152,Myra Gupta,Female,24,Indore,REG-05,2025-03-15,Consumer
CUST-10153,Riya Gupta,Female,28,Bilaspur,REG-05,2024-08-28,Consumer
CUST-10154,Shaurya Aggarwal,Male,18,Dibrugarh,REG-06,2025-08-23,Consumer
CUST-10155,Manish Malhotra,Male,34,Dibrugarh,REG-06,2024-06-30,Consumer
CUST-10156,Vikram Patel,Male,45,Chandigarh,REG-02,2024-01-19,Corporate
CUST-10157,Aanya Menon,Female,21,Silchar,REG-06,2025-06-11,Consumer
CUST-10158,Aditya Bhat,Male,27,Pune,REG-01,2025-08-29,Consumer
CUST-10159,Arjun Aggarwal,Male,39,Jaipur,REG-02,2024-02-12,Consumer
CUST-10160,Aarav Nair,Male,47,Bhopal,REG-05,2023-12-21,Corporate
CUST-10161,Advik Menon,Male,18,Nagpur,REG-01,2024-08-09,Small Business
CUST-10162,Abhishek Das,Male,32,Nashik,REG-01,2023-04-12,Consumer
CUST-10163,Navya Malhotra,Female,37,Howrah,REG-04,2024-04-03,Small Business
CUST-10164,Kavya Kapoor,Female,32,Delhi,REG-02,2024-05-14,Consumer
CUST-10165,Aditya Mukherjee,Male,18,Visakhapatnam,REG-03,2023-10-30,Consumer
CUST-10166,Vikram Sharma,Male,39,Pune,REG-01,2024-12-15,Small Business
CUST-10167,Atharv Menon,Male,50,Coimbatore,REG-03,2024-08-09,Consumer
CUST-10168,Sunita Reddy,Female,35,Bhopal,REG-05,2025-10-14,Consumer
CUST-10169,Riya Iyer,Female,22,Bangalore,REG-03,2025-08-29,Consumer
CUST-10170,Kabir Joshi,Male,28,Nashik,REG-01,2024-05-23,Consumer
CUST-10171,Suresh Chopra,Male,53,Ranchi,REG-04,2023-11-06,Small Business
CUST-10172,Aanya Aggarwal,Female,44,Indore,REG-05,2025-03-01,Small Business
CUST-10173,Priyanka Reddy,Female,41,Panaji,REG-01,2025-10-22,Corporate
CUST-10174,Suresh Kapoor,Male,37,Nagpur,REG-01,2023-10-18,Consumer
CUST-10175,Swati Bose,Female,26,Vadodara,REG-01,2025-10-04,Consumer
CUST-10176,Reyansh Choudhury,Male,31,Delhi,REG-02,2024-02-16,Corporate
CUST-10177,Nikhil Menon,Male,33,Hyderabad,REG-03,2025-04-18,Consumer
CUST-10178,Angel Iyer,Female,40,Bangalore,REG-03,2024-05-29,Consumer
CUST-10179,Atharv Iyer,Male,50,Kanpur,REG-02,2023-01-23,Consumer
CUST-10180,Advaith Kulkarni,Male,46,Patna,REG-04,2025-03-08,Small Business
CUST-10181,Nikhil Mukherjee,Male,18,Delhi,REG-02,2025-10-03,Consumer
CUST-10182,Suresh Choudhury,Male,36,Ujjain,REG-05,2023-09-12,Consumer
CUST-10183,Kabir Sharma,Male,42,Jaipur,REG-02,2024-10-24,Corporate
CUST-10184,Ishaan Kulkarni,Male,40,Surat,REG-01,2023-06-07,Consumer
CUST-10185,Ishaan Saxena,Male,27,Ahmedabad,REG-01,2023-01-27,Small Business
CUST-10186,Dhruv Pillai,Male,66,Kanpur,REG-02,2025-07-21,Consumer
CUST-10187,Reyansh Iyer,Male,19,Vadodara,REG-01,2024-07-09,Consumer
CUST-10188,Simran Choudhury,Female,22,Gurgaon,REG-02,2024-04-19,Consumer
CUST-10189,Ira Mukherjee,Female,36,Visakhapatnam,REG-03,2025-05-25,Consumer
CUST-10190,Saanvi Pandey,Female,57,Jaipur,REG-02,2025-10-07,Consumer
CUST-10191,Karan Choudhury,Male,24,Coimbatore,REG-03,2023-04-27,Consumer
CUST-10192,Rajesh Sharma,Male,31,Gurgaon,REG-02,2024-12-15,Corporate
CUST-10193,Priyanka Malhotra,Female,45,Bhopal,REG-05,2024-12-11,Consumer
CUST-10194,Rajesh Saxena,Male,33,Silchar,REG-06,2023-10-16,Consumer
CUST-10195,Deepika Gupta,Female,30,Chandigarh,REG-02,2023-01-23,Corporate
CUST-10196,Dhruv Kulkarni,Male,40,Indore,REG-05,2024-02-12,Consumer
CUST-10197,Aditi Choudhury,Female,36,Nashik,REG-01,2025-03-02,Small Business
CUST-10198,Shreya Trivedi,Female,45,Noida,REG-02,2024-06-25,Small Business
CUST-10199,Manish Verma,Male,48,Nashik,REG-01,2024-10-03,Consumer
CUST-10200,Pari Sharma,Female,37,Bhopal,REG-05,2023-06-01,Corporate
CUST-10201,Dhruv Kulkarni,Male,37,Nagpur,REG-01,2024-10-15,Consumer
CUST-10202,Deepak Menon,Male,36,Coimbatore,REG-03,2025-08-08,Consumer
CUST-10203,Shaurya Rao,Male,39,Cuttack,REG-04,2025-09-05,Corporate
CUST-10204,Ishaan Sharma,Male,34,Pune,REG-01,2023-06-03,Corporate
CUST-10205,Arjun Patel,Male,33,Mumbai,REG-01,2025-09-07,Consumer
CUST-10206,Kabir Bose,Male,47,Kolkata,REG-04,2025-03-07,Corporate
CUST-10207,Atharv Gupta,Male,50,Surat,REG-01,2025-07-22,Consumer
CUST-10208,Rajesh Deshmukh,Male,18,Asansol,REG-04,2024-09-09,Consumer
CUST-10209,Reyansh Patel,Male,34,Nashik,REG-01,2025-07-26,Consumer
CUST-10210,Ayaan Pillai,Male,26,Noida,REG-02,2024-07-07,Small Business
CUST-10211,Dhruv Saxena,Male,30,Ranchi,REG-04,2023-01-29,Consumer
CUST-10212,Aanya Das,Female,38,Kochi,REG-03,2024-11-09,Consumer
CUST-10213,Arjun Sharma,Male,41,Silchar,REG-06,2025-07-18,Small Business
CUST-10214,Ishaan Shah,Male,32,Ranchi,REG-04,2023-04-26,Consumer
CUST-10215,Anand Rao,Male,18,Noida,REG-02,2023-09-29,Corporate
CUST-10216,Rohan Deshmukh,Male,23,Vadodara,REG-01,2023-07-24,Small Business
CUST-10217,Ira Gupta,Female,43,Chennai,REG-03,2023-03-14,Consumer
CUST-10218,Aanya Mehta,Female,18,Jaipur,REG-02,2023-10-10,Corporate
CUST-10219,Rohan Sharma,Male,47,Panaji,REG-01,2025-04-16,Corporate
CUST-10220,Pranav Gupta,Male,39,Howrah,REG-04,2024-08-13,Consumer
CUST-10221,Ananya Mishra,Female,48,Chennai,REG-03,2024-06-19,Consumer
CUST-10222,Vikram Sharma,Male,31,Ranchi,REG-04,2023-12-07,Consumer
CUST-10223,Aadhya Menon,Female,18,Mysore,REG-03,2025-09-11,Consumer
CUST-10224,Sunita Joshi,Female,38,Surat,REG-01,2024-01-24,Consumer
CUST-10225,Krishna Mehta,Male,48,Chennai,REG-03,2025-08-12,Small Business
CUST-10226,Navya Mehta,Female,44,Hyderabad,REG-03,2025-08-06,Consumer
CUST-10227,Pooja Kapoor,Female,26,Ludhiana,REG-02,2025-02-26,Corporate
CUST-10228,Reyansh Deshmukh,Male,34,Howrah,REG-04,2025-01-12,Consumer
CUST-10229,Aanya Choudhury,Female,28,Agartala,REG-06,2025-04-15,Consumer
CUST-10230,Deepak Bose,Male,24,Indore,REG-05,2024-09-14,Consumer
CUST-10231,Simran Bose,Female,44,Asansol,REG-04,2023-02-18,Consumer
CUST-10232,Vihaan Kapoor,Male,20,Vadodara,REG-01,2023-10-12,Consumer
CUST-10233,Swati Iyer,Female,24,Mumbai,REG-01,2023-11-18,Consumer
CUST-10234,Sara Rao,Female,21,Panaji,REG-01,2025-09-02,Corporate
CUST-10235,Anushka Rao,Female,18,Ahmedabad,REG-01,2025-02-09,Corporate
CUST-10236,Avani Reddy,Female,35,Dibrugarh,REG-06,2024-01-05,Consumer
CUST-10237,Saanvi Mukherjee,Female,46,Ranchi,REG-04,2023-03-15,Consumer
CUST-10238,Aarav Shah,Male,31,Visakhapatnam,REG-03,2023-12-10,Corporate
CUST-10239,Aarohi Das,Female,18,Silchar,REG-06,2023-05-06,Consumer
CUST-10240,Pranav Aggarwal,Male,43,Nagpur,REG-01,2024-05-01,Corporate
CUST-10241,Manish Gupta,Male,52,Lucknow,REG-02,2025-03-29,Consumer
CUST-10242,Meera Verma,Female,26,Nashik,REG-01,2024-03-14,Consumer
CUST-10243,Sai Sharma,Male,28,Indore,REG-05,2025-08-08,Consumer
CUST-10244,Ayaan Patel,Male,39,Chennai,REG-03,2024-04-01,Small Business
CUST-10245,Shreya Deshmukh,Female,51,Vadodara,REG-01,2023-02-02,Consumer
CUST-10246,Advik Reddy,Male,28,Kanpur,REG-02,2024-01-15,Consumer
CUST-10247,Nikhil Saxena,Male,19,Indore,REG-05,2024-06-11,Consumer
CUST-10248,Preeti Choudhury,Female,40,Kanpur,REG-02,2024-04-01,Consumer
CUST-10249,Avani Nair,Female,42,Nagpur,REG-01,2025-05-16,Consumer
CUST-10250,Amit Das,Male,34,Ahmedabad,REG-01,2023-02-25,Consumer
CUST-10251,Deepika Kulkarni,Female,27,Nagpur,REG-01,2023-02-13,Consumer
CUST-10252,Sunita Menon,Female,44,Chennai,REG-03,2024-08-08,Consumer
CUST-10253,Anushka Mishra,Female,39,Pune,REG-01,2023-11-24,Consumer
CUST-10254,Rohan Patel,Male,25,Coimbatore,REG-03,2024-12-04,Small Business
CUST-10255,Amit Trivedi,Male,34,Visakhapatnam,REG-03,2024-12-20,Corporate
CUST-10256,Shreya Trivedi,Female,19,Lucknow,REG-02,2024-11-30,Consumer
CUST-10257,Atharv Sharma,Male,41,Imphal,REG-06,2025-07-24,Consumer
CUST-10258,Arjun Mishra,Male,31,Kochi,REG-03,2025-07-11,Corporate
CUST-10259,Saanvi Pillai,Female,29,Surat,REG-01,2023-08-03,Consumer
CUST-10260,Diya Iyer,Female,33,Gwalior,REG-05,2023-01-21,Consumer
CUST-10261,Karan Reddy,Male,34,Panaji,REG-01,2024-04-04,Corporate
CUST-10262,Anushka Singh,Female,43,Ranchi,REG-04,2025-01-08,Consumer
CUST-10263,Aarohi Kumar,Female,40,Guwahati,REG-06,2025-10-31,Consumer
CUST-10264,Priyanka Reddy,Female,32,Coimbatore,REG-03,2024-11-14,Consumer
CUST-10265,Navya Mishra,Female,42,Bhopal,REG-05,2023-04-28,Consumer
CUST-10266,Aditi Pillai,Female,38,Kochi,REG-03,2024-08-04,Consumer
CUST-10267,Ira Kapoor,Female,29,Ranchi,REG-04,2024-12-11,Consumer
CUST-10268,Anand Shah,Male,32,Coimbatore,REG-03,2025-08-24,Consumer
CUST-10269,Sai Gupta,Male,32,Delhi,REG-02,2025-06-08,Consumer
CUST-10270,Avani Kulkarni,Female,39,Panaji,REG-01,2024-02-11,Consumer
CUST-10271,Vikram Aggarwal,Male,29,Bangalore,REG-03,2025-06-29,Consumer
CUST-10272,Deepika Singh,Female,29,Mumbai,REG-01,2025-11-11,Consumer
CUST-10273,Aarohi Bose,Female,55,Gwalior,REG-05,2025-10-31,Consumer
CUST-10274,Aditi Gupta,Female,44,Cuttack,REG-04,2025-01-31,Consumer
CUST-10275,Ananya Malhotra,Female,25,Bangalore,REG-03,2024-11-05,Consumer
CUST-10276,Advaith Reddy,Male,40,Ujjain,REG-05,2023-12-18,Consumer
CUST-10277,Advik Joshi,Male,35,Gwalior,REG-05,2023-01-16,Consumer
CUST-10278,Swati Verma,Female,38,Ranchi,REG-04,2023-08-31,Consumer
CUST-10279,Krishna Kapoor,Male,35,Delhi,REG-02,2024-11-11,Consumer
CUST-10280,Aarohi Trivedi,Female,47,Mysore,REG-03,2023-01-07,Consumer
CUST-10281,Pooja Choudhury,Female,37,Kanpur,REG-02,2024-07-09,Corporate
CUST-10282,Vihaan Mukherjee,Male,33,Raipur,REG-05,2023-09-24,Corporate
CUST-10283,Ayaan Shah,Male,45,Howrah,REG-04,2024-11-13,Corporate
CUST-10284,Gaurav Kulkarni,Male,36,Patna,REG-04,2025-10-12,Consumer
CUST-10285,Advaith Iyer,Male,35,Panaji,REG-01,2023-07-16,Consumer
CUST-10286,Myra Das,Female,37,Jabalpur,REG-05,2024-09-25,Consumer
CUST-10287,Rahul Rao,Male,32,Jaipur,REG-02,2025-02-14,Consumer
CUST-10288,Aditi Bose,Female,34,Surat,REG-01,2024-01-14,Consumer
CUST-10289,Sneha Pillai,Female,27,Bilaspur,REG-05,2025-09-17,Consumer
CUST-10290,Diya Mehta,Female,25,Ranchi,REG-04,2023-09-16,Consumer
CUST-10291,Suresh Joshi,Male,23,Ahmedabad,REG-01,2025-10-25,Consumer
CUST-10292,Pari Mishra,Female,18,Vadodara,REG-01,2024-01-30,Small Business
CUST-10293,Aanya Malhotra,Female,24,Agartala,REG-06,2023-11-02,Consumer
CUST-10294,Tanvi Pillai,Female,32,Asansol,REG-04,2025-11-24,Consumer
CUST-10295,Anand Mukherjee,Male,35,Bangalore,REG-03,2025-09-06,Consumer
CUST-10296,Navya Nair,Female,31,Delhi,REG-02,2025-06-27,Corporate
CUST-10297,Shaurya Kapoor,Male,18,Nagpur,REG-01,2023-05-25,Consumer
CUST-10298,Amit Singh,Male,51,Jabalpur,REG-05,2023-06-26,Consumer
CUST-10299,Pranav Shah,Male,45,Ludhiana,REG-02,2024-07-03,Corporate
CUST-10300,Abhishek Reddy,Male,38,Ujjain,REG-05,2024-04-11,Small Business
CUST-10301,Aditi Iyer,Female,54,Chandigarh,REG-02,2025-03-29,Consumer
CUST-10302,Manish Menon,Male,23,Agartala,REG-06,2025-01-23,Small Business
CUST-10303,Aditya Malhotra,Male,54,Guwahati,REG-06,2025-06-22,Corporate
CUST-10304,Krishna Kapoor,Male,23,Howrah,REG-04,2023-05-26,Consumer
CUST-10305,Vihaan Nair,Male,36,Noida,REG-02,2024-03-23,Consumer
CUST-10306,Ananya Mehta,Female,19,Gwalior,REG-05,2023-08-13,Consumer
CUST-10307,Aditi Verma,Female,34,Noida,REG-02,2025-01-06,Consumer
CUST-10308,Vivaan Shah,Male,38,Trivandrum,REG-03,2023-05-07,Consumer
CUST-10309,Anand Trivedi,Male,32,Kanpur,REG-02,2024-08-19,Small Business
CUST-10310,Aanya Kapoor,Female,41,Raipur,REG-05,2023-03-10,Small Business
CUST-10311,Rohan Menon,Male,35,Bilaspur,REG-05,2024-08-12,Small Business
CUST-10312,Manish Saxena,Male,28,Ahmedabad,REG-01,2025-09-14,Corporate
CUST-10313,Krishna Saxena,Male,27,Pune,REG-01,2023-08-14,Corporate
CUST-10314,Kavya Saxena,Female,42,Asansol,REG-04,2025-09-01,Consumer
CUST-10315,Manish Reddy,Male,26,Bhubaneswar,REG-04,2024-10-20,Consumer
CUST-10316,Sara Das,Female,44,Surat,REG-01,2024-02-27,Small Business
CUST-10317,Rahul Menon,Male,47,Vadodara,REG-01,2025-01-21,Corporate
CUST-10318,Reyansh Rao,Male,18,Visakhapatnam,REG-03,2023-08-17,Consumer
CUST-10319,Manish Deshmukh,Male,46,Ranchi,REG-04,2023-10-06,Corporate
CUST-10320,Pari Iyer,Female,56,Visakhapatnam,REG-03,2025-04-12,Consumer
CUST-10321,Shaurya Kulkarni,Male,36,Visakhapatnam,REG-03,2024-12-31,Corporate
CUST-10322,Aditya Chopra,Male,40,Ranchi,REG-04,2024-01-20,Consumer
CUST-10323,Ananya Mehta,Female,45,Nagpur,REG-01,2023-01-26,Consumer
CUST-10324,Simran Aggarwal,Female,30,Coimbatore,REG-03,2025-08-10,Consumer
CUST-10325,Dhruv Singh,Male,36,Jaipur,REG-02,2025-09-23,Consumer
CUST-10326,Pooja Menon,Female,19,Raipur,REG-05,2023-05-18,Consumer
CUST-10327,Rahul Mishra,Male,35,Surat,REG-01,2024-03-31,Consumer
CUST-10328,Anika Das,Female,39,Trivandrum,REG-03,2023-03-03,Small Business
CUST-10329,Krishna Kulkarni,Male,39,Nashik,REG-01,2025-10-12,Consumer
CUST-10330,Krishna Shah,Male,45,Mysore,REG-03,2025-01-15,Small Business
CUST-10331,Aadhya Nair,Female,25,Nashik,REG-01,2025-07-18,Corporate
CUST-10332,Kabir Iyer,Male,28,Ahmedabad,REG-01,2025-02-18,Consumer
CUST-10333,Karan Trivedi,Male,54,Panaji,REG-01,2023-10-04,Small Business
CUST-10334,Sai Singh,Male,32,Imphal,REG-06,2025-09-21,Consumer
CUST-10335,Myra Saxena,Female,36,Noida,REG-02,2025-11-10,Consumer
CUST-10336,Abhishek Malhotra,Male,33,Nagpur,REG-01,2023-07-08,Corporate
CUST-10337,Avani Saxena,Female,24,Lucknow,REG-02,2024-07-23,Consumer
CUST-10338,Advaith Aggarwal,Male,51,Guwahati,REG-06,2025-11-25,Corporate
CUST-10339,Rajesh Nair,Male,28,Bhopal,REG-05,2023-04-24,Consumer
CUST-10340,Gaurav Menon,Male,21,Visakhapatnam,REG-03,2024-04-29,Corporate
CUST-10341,Arjun Saxena,Male,29,Hyderabad,REG-03,2023-02-20,Corporate
CUST-10342,Deepika Reddy,Female,18,Nagpur,REG-01,2024-06-14,Consumer
CUST-10343,Kavya Singh,Female,26,Asansol,REG-04,2023-11-26,Consumer
CUST-10344,Pari Choudhury,Female,23,Cuttack,REG-04,2023-12-27,Small Business
CUST-10345,Kavya Reddy,Female,40,Nagpur,REG-01,2025-07-22,Small Business
CUST-10346,Ishaan Verma,Male,26,Chandigarh,REG-02,2023-05-31,Small Business
CUST-10347,Kavya Mishra,Female,43,Bangalore,REG-03,2024-07-25,Consumer
CUST-10348,Aadhya Singh,Female,49,Imphal,REG-06,2024-03-22,Consumer
CUST-10349,Advaith Iyer,Male,42,Hyderabad,REG-03,2025-09-12,Consumer
CUST-10350,Tanvi Nair,Female,31,Nashik,REG-01,2023-11-24,Consumer
CUST-10351,Kabir Saxena,Male,35,Mumbai,REG-01,2025-02-21,Consumer
CUST-10352,Shaurya Rao,Male,18,Panaji,REG-01,2024-03-15,Consumer
CUST-10353,Avani Verma,Female,32,Chandigarh,REG-02,2025-08-12,Consumer
CUST-10354,Aanya Kulkarni,Female,24,Kochi,REG-03,2024-01-04,Consumer
CUST-10355,Advik Pandey,Male,41,Kochi,REG-03,2023-10-22,Consumer
CUST-10356,Arjun Kapoor,Other,62,Bhopal,REG-05,2023-03-14,Consumer
CUST-10357,Gaurav Pandey,Male,39,Coimbatore,REG-03,2023-04-25,Consumer
CUST-10358,Suresh Kulkarni,Male,18,Lucknow,REG-02,2024-03-08,Consumer
CUST-10359,Navya Joshi,Female,30,Coimbatore,REG-03,2024-11-29,Consumer
CUST-10360,Rohan Mukherjee,Male,35,Chennai,REG-03,2024-03-05,Consumer
CUST-10361,Ananya Menon,Female,34,Pune,REG-01,2023-07-22,Consumer
CUST-10362,Riya Menon,Female,25,Howrah,REG-04,2024-07-29,Consumer
CUST-10363,Meera Mishra,Female,36,Shillong,REG-06,2024-12-30,Consumer
CUST-10364,Kabir Malhotra,Male,20,Ujjain,REG-05,2023-12-07,Small Business
CUST-10365,Advaith Sharma,Male,23,Dibrugarh,REG-06,2025-08-24,Consumer
CUST-10366,Vivaan Rao,Male,41,Patna,REG-04,2025-11-01,Consumer
CUST-10367,Gaurav Deshmukh,Male,22,Ahmedabad,REG-01,2024-03-10,Consumer
CUST-10368,Vivaan Choudhury,Male,39,Trivandrum,REG-03,2024-04-18,Consumer
CUST-10369,Manish Sharma,Male,18,Panaji,REG-01,2024-09-04,Consumer
CUST-10370,Krishna Choudhury,Male,53,Chennai,REG-03,2023-12-26,Consumer
CUST-10371,Deepika Kapoor,Female,25,Ludhiana,REG-02,2024-01-23,Consumer
CUST-10372,Meera Mehta,Female,31,Bilaspur,REG-05,2024-06-08,Corporate
CUST-10373,Deepika Mukherjee,Female,37,Bilaspur,REG-05,2024-10-15,Consumer
CUST-10374,Shaurya Aggarwal,Male,27,Silchar,REG-06,2023-04-24,Corporate
CUST-10375,Amit Gupta,Male,35,Ahmedabad,REG-01,2023-07-27,Consumer
CUST-10376,Pooja Sharma,Female,40,Trivandrum,REG-03,2023-05-24,Consumer
CUST-10377,Ananya Verma,Female,44,Silchar,REG-06,2024-09-01,Corporate
CUST-10378,Manish Das,Male,42,Lucknow,REG-02,2023-01-25,Corporate
CUST-10379,Kavya Chopra,Female,32,Ludhiana,REG-02,2024-01-22,Consumer
CUST-10380,Suresh Chopra,Male,32,Mysore,REG-03,2025-05-07,Consumer
CUST-10381,Simran Joshi,Female,59,Delhi,REG-02,2025-01-06,Consumer
CUST-10382,Shaurya Mukherjee,Male,44,Mysore,REG-03,2024-06-18,Consumer
CUST-10383,Sneha Menon,Female,23,Gurgaon,REG-02,2023-07-17,Consumer
CUST-10384,Amit Mishra,Male,35,Hyderabad,REG-03,2023-11-02,Consumer
CUST-10385,Anand Iyer,Male,30,Ranchi,REG-04,2025-09-11,Consumer
CUST-10386,Pranav Patel,Male,32,Kochi,REG-03,2023-10-15,Consumer
CUST-10387,Anand Deshmukh,Male,20,Kanpur,REG-02,2025-07-02,Corporate
CUST-10388,Aarav Sharma,Male,29,Vadodara,REG-01,2025-08-08,Corporate
CUST-10389,Kavya Shah,Female,53,Jaipur,REG-02,2024-01-27,Consumer
CUST-10390,Advaith Patel,Male,40,Mumbai,REG-01,2024-05-29,Consumer
CUST-10391,Suresh Singh,Male,18,Ujjain,REG-05,2024-12-11,Consumer
CUST-10392,Ishaan Menon,Male,47,Delhi,REG-02,2024-01-20,Small Business
CUST-10393,Aarohi Bhat,Other,45,Asansol,REG-04,2024-08-18,Consumer
CUST-10394,Vihaan Verma,Male,30,Bilaspur,REG-05,2024-10-11,Consumer
CUST-10395,Vivaan Pillai,Male,41,Delhi,REG-02,2023-02-23,Corporate
CUST-10396,Advaith Aggarwal,Male,24,Ranchi,REG-04,2024-11-19,Corporate
CUST-10397,Pari Pandey,Female,28,Mumbai,REG-01,2025-04-25,Consumer
CUST-10398,Ishaan Mishra,Male,50,Kochi,REG-03,2023-01-24,Consumer
CUST-10399,Reyansh Aggarwal,Male,31,Trivandrum,REG-03,2025-10-25,Small Business
CUST-10400,Karan Mishra,Male,18,Indore,REG-05,2024-03-09,Consumer
CUST-10401,Neha Mehta,Female,33,Agartala,REG-06,2024-11-28,Corporate
CUST-10402,Meera Mukherjee,Female,33,Gurgaon,REG-02,2025-08-11,Consumer
CUST-10403,Rohan Mehta,Male,47,Coimbatore,REG-03,2023-08-23,Corporate
CUST-10404,Ira Kumar,Female,34,Howrah,REG-04,2024-04-30,Consumer
CUST-10405,Gaurav Menon,Male,29,Coimbatore,REG-03,2025-04-13,Consumer
CUST-10406,Anand Kulkarni,Male,45,Nagpur,REG-01,2024-07-24,Consumer
CUST-10407,Deepak Mukherjee,Male,35,Pune,REG-01,2023-11-06,Consumer
CUST-10408,Kavya Trivedi,Female,25,Ahmedabad,REG-01,2023-10-29,Consumer
CUST-10409,Shreya Kumar,Female,46,Bangalore,REG-03,2023-05-30,Consumer
CUST-10410,Arjun Choudhury,Male,36,Cuttack,REG-04,2025-06-07,Consumer
CUST-10411,Manish Shah,Male,34,Ludhiana,REG-02,2024-12-07,Consumer
CUST-10412,Reyansh Deshmukh,Male,35,Ranchi,REG-04,2023-02-21,Consumer
CUST-10413,Meera Shah,Female,22,Vadodara,REG-01,2023-06-25,Consumer
CUST-10414,Navya Das,Female,28,Dibrugarh,REG-06,2024-10-15,Corporate
CUST-10415,Ayaan Sharma,Male,34,Kochi,REG-03,2024-03-11,Corporate
CUST-10416,Preeti Verma,Female,31,Raipur,REG-05,2025-05-29,Small Business
CUST-10417,Swati Mehta,Female,47,Noida,REG-02,2025-11-23,Consumer
CUST-10418,Sunita Kulkarni,Female,36,Ahmedabad,REG-01,2023-12-14,Consumer
CUST-10419,Aditya Reddy,Male,43,Chandigarh,REG-02,2024-02-04,Consumer
CUST-10420,Advaith Kapoor,Male,34,Lucknow,REG-02,2024-09-13,Consumer
CUST-10421,Arjun Kulkarni,Male,45,Chandigarh,REG-02,2023-11-18,Consumer
CUST-10422,Ishaan Trivedi,Male,38,Cuttack,REG-04,2024-01-16,Corporate
CUST-10423,Abhishek Saxena,Male,34,Ahmedabad,REG-01,2024-06-06,Consumer
CUST-10424,Vikram Chopra,Male,33,Trivandrum,REG-03,2024-02-25,Consumer
CUST-10425,Deepak Aggarwal,Male,23,Surat,REG-01,2024-10-15,Consumer
CUST-10426,Rohan Deshmukh,Male,39,Jabalpur,REG-05,2024-10-03,Consumer
CUST-10427,Aarohi Deshmukh,Female,33,Nashik,REG-01,2025-03-20,Consumer
CUST-10428,Ishaan Singh,Male,28,Chennai,REG-03,2025-05-26,Consumer
CUST-10429,Ayaan Saxena,Male,46,Cuttack,REG-04,2024-06-14,Consumer
CUST-10430,Amit Kapoor,Male,20,Ranchi,REG-04,2023-10-01,Consumer
CUST-10431,Avani Joshi,Female,29,Asansol,REG-04,2025-07-05,Consumer
CUST-10432,Meera Singh,Female,45,Chennai,REG-03,2024-08-01,Corporate
CUST-10433,Abhishek Das,Male,37,Nashik,REG-01,2024-01-04,Consumer
CUST-10434,Sunita Malhotra,Female,33,Trivandrum,REG-03,2024-10-20,Consumer
CUST-10435,Vihaan Mishra,Male,36,Jabalpur,REG-05,2024-12-08,Consumer
CUST-10436,Ira Joshi,Female,35,Panaji,REG-01,2023-03-01,Consumer
CUST-10437,Rohan Mehta,Male,18,Cuttack,REG-04,2023-04-25,Consumer
CUST-10438,Tanvi Verma,Female,30,Delhi,REG-02,2024-12-29,Consumer
CUST-10439,Tanvi Kulkarni,Female,51,Hyderabad,REG-03,2023-08-03,Consumer
CUST-10440,Vivaan Rao,Male,26,Howrah,REG-04,2024-03-13,Consumer
CUST-10441,Sunita Choudhury,Female,30,Lucknow,REG-02,2024-04-24,Consumer
CUST-10442,Karan Reddy,Male,28,Noida,REG-02,2023-01-28,Consumer
CUST-10443,Sunita Kulkarni,Female,33,Visakhapatnam,REG-03,2023-12-12,Corporate
CUST-10444,Vihaan Saxena,Male,27,Delhi,REG-02,2023-08-14,Consumer
CUST-10445,Rohan Verma,Male,39,Nashik,REG-01,2024-01-13,Consumer
CUST-10446,Dhruv Trivedi,Male,36,Bangalore,REG-03,2024-03-01,Consumer
CUST-10447,Aditya Kulkarni,Male,42,Indore,REG-05,2023-01-21,Consumer
CUST-10448,Myra Malhotra,Female,22,Noida,REG-02,2025-07-12,Small Business
CUST-10449,Swati Verma,Female,30,Hyderabad,REG-03,2024-06-23,Consumer
CUST-10450,Atharv Malhotra,Male,31,Lucknow,REG-02,2024-02-08,Consumer
CUST-10451,Nikhil Gupta,Male,39,Pune,REG-01,2023-12-21,Consumer
CUST-10452,Aarav Singh,Male,25,Lucknow,REG-02,2024-05-19,Consumer
CUST-10453,Amit Patel,Male,44,Ahmedabad,REG-01,2025-10-03,Corporate
CUST-10454,Saanvi Trivedi,Female,47,Ludhiana,REG-02,2024-06-23,Consumer
CUST-10455,Preeti Reddy,Female,23,Pune,REG-01,2023-09-05,Corporate
CUST-10456,Avani Shah,Female,28,Bangalore,REG-03,2025-09-26,Consumer
CUST-10457,Kabir Iyer,Male,28,Lucknow,REG-02,2024-08-17,Consumer
CUST-10458,Ayaan Joshi,Male,62,Visakhapatnam,REG-03,2025-11-15,Consumer
CUST-10459,Nikhil Patel,Male,29,Bangalore,REG-03,2024-02-12,Consumer
CUST-10460,Aditi Patel,Other,52,Surat,REG-01,2025-09-11,Consumer
CUST-10461,Pranav Sharma,Male,20,Lucknow,REG-02,2024-05-13,Small Business
CUST-10462,Aarohi Trivedi,Female,23,Guwahati,REG-06,2025-03-20,Consumer
CUST-10463,Ira Menon,Other,26,Coimbatore,REG-03,2024-12-25,Consumer
CUST-10464,Ayaan Mukherjee,Male,24,Patna,REG-04,2024-12-20,Corporate
CUST-10465,Ayaan Nair,Male,31,Hyderabad,REG-03,2025-06-05,Corporate
CUST-10466,Advaith Pandey,Male,26,Ahmedabad,REG-01,2025-04-02,Corporate
CUST-10467,Sunita Deshmukh,Female,24,Nashik,REG-01,2023-02-23,Consumer
CUST-10468,Meera Sharma,Female,46,Nashik,REG-01,2024-11-07,Consumer
CUST-10469,Saanvi Menon,Female,47,Surat,REG-01,2024-06-25,Small Business
CUST-10470,Aditi Pillai,Female,44,Kanpur,REG-02,2025-08-16,Corporate
CUST-10471,Swati Joshi,Female,39,Coimbatore,REG-03,2024-12-27,Consumer
CUST-10472,Sneha Malhotra,Female,35,Nashik,REG-01,2023-05-12,Consumer
CUST-10473,Navya Kumar,Female,28,Indore,REG-05,2024-08-20,Consumer
CUST-10474,Aarohi Gupta,Female,23,Kochi,REG-03,2024-03-21,Consumer
CUST-10475,Sunita Pandey,Female,37,Mumbai,REG-01,2023-05-06,Consumer
CUST-10476,Deepak Kumar,Male,21,Trivandrum,REG-03,2023-01-03,Consumer
CUST-10477,Priyanka Gupta,Female,23,Mysore,REG-03,2025-10-28,Consumer
CUST-10478,Sai Sharma,Male,46,Bhubaneswar,REG-04,2023-11-10,Consumer
CUST-10479,Pari Chopra,Female,54,Lucknow,REG-02,2023-06-21,Consumer
CUST-10480,Pranav Aggarwal,Male,38,Pune,REG-01,2024-06-28,Consumer
CUST-10481,Ishaan Reddy,Male,46,Kochi,REG-03,2023-01-15,Consumer
CUST-10482,Priyanka Mukherjee,Female,31,Nashik,REG-01,2025-04-27,Consumer
CUST-10483,Rahul Kulkarni,Male,19,Lucknow,REG-02,2024-01-17,Consumer
CUST-10484,Ayaan Das,Male,40,Kanpur,REG-02,2025-09-21,Small Business
CUST-10485,Rohan Patel,Male,40,Pune,REG-01,2024-07-15,Consumer
CUST-10486,Dhruv Joshi,Male,34,Cuttack,REG-04,2024-09-27,Consumer
CUST-10487,Aditya Pandey,Male,31,Noida,REG-02,2024-04-25,Consumer
CUST-10488,Anushka Rao,Female,44,Jaipur,REG-02,2024-05-08,Consumer
CUST-10489,Deepak Deshmukh,Male,23,Vadodara,REG-01,2024-01-19,Consumer
CUST-10490,Rajesh Rao,Male,25,Cuttack,REG-04,2025-11-03,Consumer
CUST-10491,Sneha Sharma,Female,22,Panaji,REG-01,2023-11-01,Consumer
CUST-10492,Aanya Pandey,Female,34,Noida,REG-02,2025-04-07,Consumer
CUST-10493,Preeti Aggarwal,Female,22,Noida,REG-02,2025-01-23,Consumer
CUST-10494,Angel Rao,Female,26,Ujjain,REG-05,2023-03-06,Consumer
CUST-10495,Swati Mehta,Female,26,Bangalore,REG-03,2024-05-04,Consumer
CUST-10496,Meera Malhotra,Female,31,Coimbatore,REG-03,2023-12-04,Corporate
CUST-10497,Sara Das,Female,18,Gurgaon,REG-02,2023-05-22,Consumer
CUST-10498,Aanya Trivedi,Female,34,Noida,REG-02,2024-04-10,Consumer
CUST-10499,Anand Aggarwal,Male,47,Shillong,REG-06,2023-10-20,Consumer
CUST-10500,Nikhil Kumar,Male,35,Agartala,REG-06,2025-01-15,Consumer
CUST-10501,Dhruv Malhotra,Male,50,Lucknow,REG-02,2024-11-23,Consumer
CUST-10502,Riya Singh,Female,48,Chandigarh,REG-02,2025-07-21,Small Business
CUST-10503,Avani Verma,Female,42,Gwalior,REG-05,2024-06-27,Small Business
CUST-10504,Ira Mehta,Female,34,Jaipur,REG-02,2024-04-08,Consumer
CUST-10505,Kabir Iyer,Male,34,Imphal,REG-06,2023-01-06,Consumer
CUST-10506,Diya Sharma,Female,42,Chennai,REG-03,2023-11-18,Consumer
CUST-10507,Kabir Deshmukh,Male,29,Bhopal,REG-05,2023-02-17,Corporate
CUST-10508,Tanvi Patel,Female,18,Nagpur,REG-01,2024-08-29,Consumer
CUST-10509,Ananya Menon,Female,39,Panaji,REG-01,2025-11-07,Consumer
CUST-10510,Deepika Trivedi,Female,21,Bangalore,REG-03,2023-05-07,Corporate
CUST-10511,Preeti Mehta,Female,23,Chandigarh,REG-02,2024-09-28,Consumer
CUST-10512,Myra Nair,Female,34,Pune,REG-01,2024-01-05,Consumer
CUST-10513,Ananya Das,Female,32,Delhi,REG-02,2025-05-19,Corporate
CUST-10514,Rajesh Rao,Male,18,Pune,REG-01,2025-08-28,Consumer
CUST-10515,Priyanka Chopra,Female,35,Howrah,REG-04,2023-06-08,Consumer
CUST-10516,Kabir Mishra,Male,44,Nagpur,REG-01,2025-09-16,Consumer
CUST-10517,Kavya Aggarwal,Female,21,Chandigarh,REG-02,2025-03-24,Consumer
CUST-10518,Simran Kapoor,Female,47,Mysore,REG-03,2024-11-15,Consumer
CUST-10519,Vihaan Trivedi,Male,18,Kolkata,REG-04,2025-09-12,Consumer
CUST-10520,Kabir Trivedi,Male,57,Nashik,REG-01,2023-02-07,Small Business
CUST-10521,Dhruv Kapoor,Male,29,Visakhapatnam,REG-03,2024-06-19,Small Business
CUST-10522,Pranav Menon,Male,35,Howrah,REG-04,2024-03-09,Consumer
CUST-10523,Kabir Mehta,Male,18,Pune,REG-01,2024-11-20,Small Business
CUST-10524,Navya Bose,Female,33,Ludhiana,REG-02,2025-03-13,Consumer
CUST-10525,Deepika Pandey,Female,36,Ahmedabad,REG-01,2023-03-01,Consumer
CUST-10526,Neha Trivedi,Female,33,Kanpur,REG-02,2024-01-07,Corporate
CUST-10527,Amit Reddy,Male,27,Indore,REG-05,2024-07-26,Consumer
CUST-10528,Aarohi Choudhury,Female,23,Pune,REG-01,2024-08-07,Consumer
CUST-10529,Sai Patel,Male,46,Cuttack,REG-04,2023-10-31,Consumer
CUST-10530,Tanvi Chopra,Female,34,Howrah,REG-04,2023-08-29,Consumer
CUST-10531,Rohan Shah,Male,50,Mumbai,REG-01,2023-04-26,Consumer
CUST-10532,Shreya Das,Female,28,Gwalior,REG-05,2023-09-17,Small Business
CUST-10533,Vivaan Gupta,Male,29,Pune,REG-01,2025-01-06,Consumer
CUST-10534,Priyanka Menon,Female,42,Asansol,REG-04,2023-10-08,Consumer
CUST-10535,Diya Pillai,Female,18,Lucknow,REG-02,2024-12-23,Corporate
CUST-10536,Ananya Deshmukh,Female,20,Mumbai,REG-01,2025-07-02,Consumer
CUST-10537,Aadhya Nair,Female,46,Visakhapatnam,REG-03,2025-03-22,Consumer
CUST-10538,Vikram Mehta,Male,21,Bangalore,REG-03,2024-04-25,Corporate
CUST-10539,Sai Kumar,Male,18,Pune,REG-01,2025-07-30,Small Business
CUST-10540,Suresh Menon,Male,54,Pune,REG-01,2023-08-04,Consumer
CUST-10541,Sai Iyer,Male,18,Kanpur,REG-02,2023-01-28,Consumer
CUST-10542,Nikhil Kulkarni,Male,36,Jabalpur,REG-05,2023-12-15,Corporate
CUST-10543,Pooja Iyer,Female,34,Indore,REG-05,2025-06-29,Corporate
CUST-10544,Neha Nair,Female,18,Pune,REG-01,2024-12-20,Consumer
CUST-10545,Rajesh Das,Male,31,Cuttack,REG-04,2025-09-30,Consumer
CUST-10546,Anushka Mukherjee,Other,38,Bhubaneswar,REG-04,2025-04-03,Consumer
CUST-10547,Pranav Reddy,Male,37,Kanpur,REG-02,2024-07-12,Small Business
CUST-10548,Anand Chopra,Male,43,Coimbatore,REG-03,2024-10-25,Consumer
CUST-10549,Nikhil Choudhury,Male,29,Gurgaon,REG-02,2025-11-26,Consumer
CUST-10550,Gaurav Menon,Male,41,Visakhapatnam,REG-03,2024-09-25,Consumer
CUST-10551,Aditi Patel,Female,26,Visakhapatnam,REG-03,2023-06-06,Corporate
CUST-10552,Suresh Gupta,Male,18,Jabalpur,REG-05,2024-04-23,Consumer
CUST-10553,Vihaan Reddy,Male,19,Pune,REG-01,2023-07-08,Consumer
CUST-10554,Riya Choudhury,Female,18,Vadodara,REG-01,2024-10-17,Consumer
CUST-10555,Sneha Saxena,Female,45,Ujjain,REG-05,2023-02-10,Consumer
CUST-10556,Priyanka Aggarwal,Female,18,Surat,REG-01,2023-03-23,Corporate
CUST-10557,Dhruv Pillai,Male,37,Trivandrum,REG-03,2023-05-26,Small Business
CUST-10558,Aarav Kumar,Male,31,Trivandrum,REG-03,2025-06-18,Consumer
CUST-10559,Ishaan Mishra,Male,32,Surat,REG-01,2023-03-02,Consumer
CUST-10560,Advaith Mukherjee,Male,48,Bilaspur,REG-05,2023-06-27,Consumer
CUST-10561,Rahul Choudhury,Male,29,Mumbai,REG-01,2023-03-31,Consumer
CUST-10562,Pranav Gupta,Male,40,Ludhiana,REG-02,2024-07-29,Consumer
CUST-10563,Preeti Malhotra,Female,34,Ludhiana,REG-02,2024-09-21,Consumer
CUST-10564,Aditya Reddy,Male,32,Silchar,REG-06,2023-09-23,Consumer
CUST-10565,Meera Reddy,Female,59,Bhubaneswar,REG-04,2024-12-04,Consumer
CUST-10566,Reyansh Reddy,Male,18,Bangalore,REG-03,2025-02-24,Corporate
CUST-10567,Vikram Das,Male,48,Bangalore,REG-03,2024-08-01,Corporate
CUST-10568,Suresh Patel,Male,41,Bhopal,REG-05,2025-03-23,Consumer
CUST-10569,Vikram Kapoor,Male,28,Asansol,REG-04,2024-12-21,Consumer
CUST-10570,Aarohi Nair,Female,51,Vadodara,REG-01,2025-11-19,Consumer
CUST-10571,Karan Malhotra,Male,18,Delhi,REG-02,2025-09-12,Small Business
CUST-10572,Karan Reddy,Male,28,Chennai,REG-03,2023-04-27,Consumer
CUST-10573,Vikram Mehta,Male,20,Ahmedabad,REG-01,2023-08-28,Consumer
CUST-10574,Sunita Sharma,Female,38,Coimbatore,REG-03,2025-08-05,Consumer
CUST-10575,Simran Kapoor,Female,21,Nagpur,REG-01,2024-06-10,Small Business
CUST-10576,Deepika Mukherjee,Female,38,Bangalore,REG-03,2025-05-25,Consumer
CUST-10577,Sneha Choudhury,Female,31,Ahmedabad,REG-01,2024-03-05,Consumer
CUST-10578,Pari Reddy,Female,28,Ludhiana,REG-02,2024-10-10,Consumer
CUST-10579,Arjun Deshmukh,Male,38,Bhubaneswar,REG-04,2023-09-28,Corporate
CUST-10580,Amit Patel,Male,31,Dibrugarh,REG-06,2025-06-28,Consumer
CUST-10581,Advik Joshi,Male,22,Ujjain,REG-05,2025-06-22,Consumer
CUST-10582,Manish Menon,Male,64,Gwalior,REG-05,2025-10-30,Consumer
CUST-10583,Aarav Bhat,Male,28,Kochi,REG-03,2025-10-13,Consumer
CUST-10584,Ira Aggarwal,Female,18,Gurgaon,REG-02,2024-11-16,Consumer
CUST-10585,Ira Joshi,Female,24,Lucknow,REG-02,2025-03-31,Consumer
CUST-10586,Saanvi Mukherjee,Female,20,Cuttack,REG-04,2025-10-09,Small Business
CUST-10587,Reyansh Bhat,Male,43,Vadodara,REG-01,2023-04-25,Consumer
CUST-10588,Pooja Sharma,Female,37,Surat,REG-01,2023-05-24,Consumer
CUST-10589,Saanvi Menon,Female,38,Lucknow,REG-02,2025-01-29,Consumer
CUST-10590,Rohan Chopra,Male,29,Coimbatore,REG-03,2024-01-12,Consumer
CUST-10591,Krishna Shah,Male,30,Bhopal,REG-05,2025-06-23,Small Business
CUST-10592,Abhishek Mishra,Male,29,Ranchi,REG-04,2023-02-27,Consumer
CUST-10593,Anika Kumar,Female,33,Ranchi,REG-04,2025-11-13,Small Business
CUST-10594,Ira Das,Female,43,Lucknow,REG-02,2025-01-19,Consumer
CUST-10595,Kavya Menon,Female,37,Patna,REG-04,2025-05-25,Consumer
CUST-10596,Pari Chopra,Female,39,Bangalore,REG-03,2024-06-12,Corporate
CUST-10597,Anushka Sharma,Female,39,Surat,REG-01,2024-10-02,Corporate
CUST-10598,Sneha Patel,Female,43,Cuttack,REG-04,2024-08-18,Consumer
CUST-10599,Gaurav Iyer,Male,37,Raipur,REG-05,2025-10-13,Consumer
CUST-10600,Diya Kapoor,Female,37,Panaji,REG-01,2023-06-04,Consumer
CUST-10601,Advik Menon,Male,47,Hyderabad,REG-03,2024-03-30,Corporate
CUST-10602,Preeti Kapoor,Female,26,Chennai,REG-03,2023-04-11,Consumer
CUST-10603,Pooja Saxena,Female,24,Noida,REG-02,2023-03-29,Consumer
CUST-10604,Shaurya Das,Male,20,Surat,REG-01,2024-01-11,Corporate
CUST-10605,Preeti Trivedi,Female,36,Chandigarh,REG-02,2024-08-10,Corporate
CUST-10606,Krishna Bhat,Male,18,Vadodara,REG-01,2024-03-04,Corporate
CUST-10607,Abhishek Chopra,Male,39,Mysore,REG-03,2024-10-29,Small Business
CUST-10608,Karan Reddy,Male,32,Coimbatore,REG-03,2023-12-11,Consumer
CUST-10609,Rohan Joshi,Male,46,Gurgaon,REG-02,2025-03-16,Consumer
CUST-10610,Aditi Mishra,Female,26,Chennai,REG-03,2024-06-28,Corporate
CUST-10611,Simran Reddy,Female,31,Raipur,REG-05,2024-03-21,Corporate
CUST-10612,Priyanka Saxena,Female,46,Noida,REG-02,2025-08-10,Small Business
CUST-10613,Riya Verma,Female,49,Nashik,REG-01,2025-10-28,Consumer
CUST-10614,Reyansh Bose,Male,26,Mumbai,REG-01,2023-07-17,Consumer
CUST-10615,Riya Shah,Female,35,Kochi,REG-03,2025-08-16,Consumer
CUST-10616,Sunita Patel,Female,37,Vadodara,REG-01,2024-07-17,Consumer
CUST-10617,Preeti Sharma,Female,38,Noida,REG-02,2024-08-04,Consumer
CUST-10618,Aanya Mishra,Female,31,Agartala,REG-06,2024-10-20,Small Business
CUST-10619,Arjun Chopra,Male,48,Indore,REG-05,2023-08-13,Small Business
CUST-10620,Sai Mishra,Male,18,Patna,REG-04,2025-07-16,Corporate
CUST-10621,Amit Joshi,Male,29,Jaipur,REG-02,2024-04-21,Consumer
CUST-10622,Tanvi Saxena,Female,38,Pune,REG-01,2025-05-05,Consumer
CUST-10623,Shreya Deshmukh,Female,39,Mysore,REG-03,2023-05-05,Corporate
CUST-10624,Vivaan Das,Male,48,Indore,REG-05,2024-02-10,Consumer
CUST-10625,Ira Joshi,Female,47,Mysore,REG-03,2023-05-26,Consumer
CUST-10626,Anushka Choudhury,Female,30,Vadodara,REG-01,2025-03-31,Consumer
CUST-10627,Aarohi Pillai,Female,48,Howrah,REG-04,2024-02-26,Consumer
CUST-10628,Preeti Shah,Female,26,Nagpur,REG-01,2023-05-18,Consumer
CUST-10629,Preeti Sharma,Female,44,Pune,REG-01,2025-06-15,Consumer
CUST-10630,Anushka Deshmukh,Female,53,Bangalore,REG-03,2024-09-04,Consumer
CUST-10631,Saanvi Mishra,Female,47,Shillong,REG-06,2023-10-15,Consumer
CUST-10632,Aanya Patel,Female,35,Ujjain,REG-05,2025-10-07,Consumer
CUST-10633,Anand Iyer,Male,30,Howrah,REG-04,2023-03-18,Small Business
CUST-10634,Anika Mishra,Female,18,Kochi,REG-03,2025-04-17,Corporate
CUST-10635,Deepika Nair,Female,37,Visakhapatnam,REG-03,2023-02-08,Consumer
CUST-10636,Atharv Kulkarni,Male,21,Mysore,REG-03,2023-09-20,Consumer
CUST-10637,Aditi Saxena,Female,25,Gwalior,REG-05,2024-05-19,Small Business
CUST-10638,Pari Choudhury,Female,20,Gwalior,REG-05,2025-10-28,Corporate
CUST-10639,Gaurav Patel,Male,28,Visakhapatnam,REG-03,2023-01-18,Consumer
CUST-10640,Shreya Iyer,Female,33,Coimbatore,REG-03,2024-12-05,Consumer
CUST-10641,Kavya Patel,Female,37,Mumbai,REG-01,2024-05-14,Consumer
CUST-10642,Shreya Iyer,Female,27,Mysore,REG-03,2024-04-05,Consumer
CUST-10643,Aditi Mishra,Female,45,Nashik,REG-01,2024-08-19,Consumer
CUST-10644,Vikram Aggarwal,Male,31,Ujjain,REG-05,2023-07-27,Consumer
CUST-10645,Krishna Chopra,Male,25,Bangalore,REG-03,2025-04-20,Consumer
CUST-10646,Myra Saxena,Female,36,Nashik,REG-01,2024-11-15,Consumer
CUST-10647,Ira Verma,Female,55,Jaipur,REG-02,2023-05-05,Corporate
CUST-10648,Anika Gupta,Female,37,Kochi,REG-03,2023-02-14,Consumer
CUST-10649,Tanvi Rao,Female,30,Ahmedabad,REG-01,2023-01-28,Consumer
CUST-10650,Sneha Iyer,Female,18,Gurgaon,REG-02,2023-08-17,Consumer
CUST-10651,Sneha Chopra,Female,31,Ranchi,REG-04,2024-10-14,Corporate
CUST-10652,Swati Reddy,Female,36,Nagpur,REG-01,2023-06-25,Small Business
CUST-10653,Arjun Mehta,Male,29,Nagpur,REG-01,2023-12-21,Consumer
CUST-10654,Nikhil Verma,Male,18,Mysore,REG-03,2024-10-15,Consumer
CUST-10655,Rahul Menon,Male,24,Trivandrum,REG-03,2023-12-20,Consumer
CUST-10656,Rajesh Malhotra,Male,49,Agartala,REG-06,2025-10-17,Corporate
CUST-10657,Aarav Gupta,Male,49,Kanpur,REG-02,2023-12-24,Consumer
CUST-10658,Arjun Kulkarni,Male,24,Indore,REG-05,2023-08-14,Consumer
CUST-10659,Neha Trivedi,Female,41,Ludhiana,REG-02,2024-12-28,Corporate
CUST-10660,Diya Mehta,Female,21,Bangalore,REG-03,2024-05-28,Consumer
CUST-10661,Aanya Mukherjee,Female,49,Ludhiana,REG-02,2023-10-28,Consumer
CUST-10662,Amit Das,Male,36,Trivandrum,REG-03,2025-05-25,Consumer
CUST-10663,Shreya Mehta,Female,44,Ujjain,REG-05,2025-06-28,Corporate
CUST-10664,Avani Nair,Female,18,Bangalore,REG-03,2023-01-28,Consumer
CUST-10665,Ananya Mishra,Female,41,Surat,REG-01,2023-08-24,Consumer
CUST-10666,Advaith Deshmukh,Male,33,Raipur,REG-05,2024-01-16,Consumer
CUST-10667,Anika Joshi,Female,43,Hyderabad,REG-03,2024-06-09,Corporate
CUST-10668,Nikhil Joshi,Male,44,Bhopal,REG-05,2025-07-11,Consumer
CUST-10669,Advaith Bhat,Male,34,Silchar,REG-06,2023-07-19,Corporate
CUST-10670,Priyanka Reddy,Female,27,Visakhapatnam,REG-03,2025-10-02,Small Business
CUST-10671,Shreya Trivedi,Female,42,Coimbatore,REG-03,2023-10-01,Consumer
CUST-10672,Saanvi Kulkarni,Female,33,Patna,REG-04,2023-11-21,Consumer
CUST-10673,Reyansh Menon,Male,24,Lucknow,REG-02,2025-04-26,Consumer
CUST-10674,Shaurya Kumar,Male,23,Indore,REG-05,2024-05-15,Consumer
CUST-10675,Tanvi Iyer,Female,18,Mumbai,REG-01,2024-06-24,Corporate
CUST-10676,Reyansh Aggarwal,Male,28,Kochi,REG-03,2025-11-12,Consumer
CUST-10677,Dhruv Patel,Male,46,Bhubaneswar,REG-04,2025-04-20,Consumer
CUST-10678,Navya Aggarwal,Female,35,Chandigarh,REG-02,2023-04-15,Consumer
CUST-10679,Ayaan Mehta,Male,28,Surat,REG-01,2025-02-19,Corporate
CUST-10680,Sara Aggarwal,Female,42,Delhi,REG-02,2025-07-11,Consumer
CUST-10681,Gaurav Malhotra,Male,24,Ranchi,REG-04,2025-09-29,Corporate
CUST-10682,Sai Shah,Male,35,Nagpur,REG-01,2025-01-05,Consumer
CUST-10683,Aarav Saxena,Male,32,Nagpur,REG-01,2023-06-08,Consumer
CUST-10684,Rajesh Malhotra,Male,42,Nashik,REG-01,2024-07-16,Consumer
CUST-10685,Deepak Iyer,Male,18,Panaji,REG-01,2024-08-26,Corporate
CUST-10686,Aditya Chopra,Male,24,Bilaspur,REG-05,2025-04-03,Consumer
CUST-10687,Deepak Kumar,Male,18,Pune,REG-01,2023-05-18,Consumer
CUST-10688,Saanvi Das,Female,31,Silchar,REG-06,2023-06-23,Consumer
CUST-10689,Aadhya Pillai,Female,47,Gwalior,REG-05,2024-01-18,Corporate
CUST-10690,Rajesh Mehta,Male,28,Jaipur,REG-02,2025-04-08,Consumer
CUST-10691,Amit Rao,Male,28,Kanpur,REG-02,2025-06-13,Consumer
CUST-10692,Advaith Kulkarni,Male,43,Howrah,REG-04,2024-08-02,Small Business
CUST-10693,Vihaan Joshi,Male,45,Raipur,REG-05,2025-07-10,Consumer
CUST-10694,Preeti Saxena,Female,33,Raipur,REG-05,2024-01-12,Consumer
CUST-10695,Anika Singh,Female,41,Ujjain,REG-05,2023-08-27,Consumer
CUST-10696,Vihaan Kumar,Male,22,Mysore,REG-03,2024-12-21,Consumer
CUST-10697,Myra Deshmukh,Female,49,Raipur,REG-05,2023-12-07,Consumer
CUST-10698,Advaith Mehta,Male,57,Bhubaneswar,REG-04,2023-06-21,Consumer
CUST-10699,Pranav Shah,Male,39,Patna,REG-04,2025-10-17,Consumer
CUST-10700,Angel Joshi,Female,18,Jaipur,REG-02,2024-07-27,Corporate
CUST-10701,Sai Pillai,Male,27,Ahmedabad,REG-01,2025-05-14,Consumer
CUST-10702,Rahul Nair,Male,40,Gurgaon,REG-02,2025-04-10,Corporate
CUST-10703,Vivaan Trivedi,Male,29,Bangalore,REG-03,2024-12-15,Consumer
CUST-10704,Anand Das,Male,47,Ujjain,REG-05,2023-06-20,Consumer
CUST-10705,Arjun Singh,Male,40,Kanpur,REG-02,2023-07-22,Consumer
CUST-10706,Arjun Joshi,Male,26,Kolkata,REG-04,2025-08-28,Consumer
CUST-10707,Pari Reddy,Female,34,Panaji,REG-01,2025-11-04,Consumer
CUST-10708,Suresh Menon,Male,24,Nashik,REG-01,2024-12-19,Consumer
CUST-10709,Deepak Trivedi,Male,31,Nashik,REG-01,2023-08-29,Corporate
CUST-10710,Aadhya Nair,Female,27,Bhubaneswar,REG-04,2024-09-23,Consumer
CUST-10711,Amit Menon,Male,46,Chandigarh,REG-02,2023-08-06,Consumer
CUST-10712,Dhruv Choudhury,Male,57,Mysore,REG-03,2023-10-04,Consumer
CUST-10713,Sai Pandey,Male,18,Raipur,REG-05,2025-03-10,Consumer
CUST-10714,Arjun Bose,Male,18,Panaji,REG-01,2025-03-27,Corporate
CUST-10715,Suresh Aggarwal,Male,31,Delhi,REG-02,2023-04-19,Consumer
CUST-10716,Ira Mehta,Female,18,Pune,REG-01,2023-08-10,Small Business
CUST-10717,Riya Verma,Female,34,Chandigarh,REG-02,2025-10-13,Consumer
CUST-10718,Aditi Kulkarni,Female,42,Vadodara,REG-01,2025-11-11,Consumer
CUST-10719,Manish Malhotra,Male,50,Delhi,REG-02,2023-09-20,Consumer
CUST-10720,Neha Mishra,Female,36,Bangalore,REG-03,2023-06-13,Consumer
CUST-10721,Vihaan Mukherjee,Male,31,Panaji,REG-01,2025-11-19,Small Business
CUST-10722,Simran Trivedi,Female,18,Noida,REG-02,2025-03-21,Consumer
CUST-10723,Dhruv Mishra,Male,34,Bhubaneswar,REG-04,2023-05-16,Consumer
CUST-10724,Gaurav Verma,Male,34,Jaipur,REG-02,2024-08-10,Corporate
CUST-10725,Angel Malhotra,Female,41,Panaji,REG-01,2023-04-30,Small Business
CUST-10726,Meera Bhat,Female,26,Coimbatore,REG-03,2024-12-26,Consumer
CUST-10727,Manish Iyer,Male,29,Gurgaon,REG-02,2025-05-03,Consumer
CUST-10728,Abhishek Mukherjee,Male,18,Ludhiana,REG-02,2024-05-01,Small Business
CUST-10729,Sai Chopra,Male,18,Bhopal,REG-05,2025-08-12,Corporate
CUST-10730,Sunita Kumar,Other,21,Ahmedabad,REG-01,2025-02-16,Small Business
CUST-10731,Pooja Mukherjee,Female,18,Bangalore,REG-03,2025-03-11,Consumer
CUST-10732,Kabir Malhotra,Male,37,Ludhiana,REG-02,2025-09-19,Consumer
CUST-10733,Amit Bose,Male,28,Hyderabad,REG-03,2025-06-08,Small Business
CUST-10734,Sai Pandey,Male,28,Lucknow,REG-02,2025-01-06,Consumer
CUST-10735,Sneha Kapoor,Female,23,Delhi,REG-02,2024-11-10,Consumer
CUST-10736,Reyansh Bose,Male,18,Ahmedabad,REG-01,2024-11-01,Consumer
CUST-10737,Aarohi Bhat,Female,50,Pune,REG-01,2024-06-10,Consumer
CUST-10738,Meera Bhat,Female,22,Gurgaon,REG-02,2025-04-25,Consumer
CUST-10739,Diya Deshmukh,Female,29,Ahmedabad,REG-01,2023-05-21,Corporate
CUST-10740,Arjun Kulkarni,Male,18,Lucknow,REG-02,2024-05-08,Small Business
CUST-10741,Vivaan Sharma,Male,44,Noida,REG-02,2024-04-02,Consumer
CUST-10742,Swati Singh,Female,35,Visakhapatnam,REG-03,2024-08-03,Small Business
CUST-10743,Saanvi Kumar,Female,24,Indore,REG-05,2024-04-18,Consumer
CUST-10744,Ayaan Chopra,Male,29,Bilaspur,REG-05,2024-06-03,Consumer
CUST-10745,Navya Saxena,Female,52,Coimbatore,REG-03,2025-03-12,Consumer
CUST-10746,Aditya Bose,Male,33,Cuttack,REG-04,2023-09-11,Consumer
CUST-10747,Vihaan Gupta,Male,32,Ranchi,REG-04,2023-04-16,Corporate
CUST-10748,Amit Chopra,Male,23,Bhopal,REG-05,2023-01-14,Consumer
CUST-10749,Arjun Chopra,Male,18,Agartala,REG-06,2025-03-16,Consumer
CUST-10750,Neha Gupta,Female,32,Panaji,REG-01,2025-09-03,Consumer
CUST-10751,Pooja Saxena,Female,37,Patna,REG-04,2025-11-05,Corporate
CUST-10752,Neha Das,Female,46,Kolkata,REG-04,2024-07-07,Corporate
CUST-10753,Arjun Kulkarni,Male,18,Visakhapatnam,REG-03,2023-11-12,Consumer
CUST-10754,Ananya Kulkarni,Female,21,Dibrugarh,REG-06,2023-05-31,Consumer
CUST-10755,Tanvi Malhotra,Other,27,Kanpur,REG-02,2024-06-09,Consumer
CUST-10756,Rohan Mehta,Male,33,Shillong,REG-06,2025-06-03,Consumer
CUST-10757,Sneha Chopra,Female,32,Jaipur,REG-02,2023-11-01,Consumer
CUST-10758,Deepak Mehta,Male,32,Gurgaon,REG-02,2023-03-12,Consumer
CUST-10759,Aarohi Choudhury,Female,38,Hyderabad,REG-03,2024-10-29,Consumer
CUST-10760,Deepika Chopra,Female,24,Pune,REG-01,2023-10-08,Consumer
CUST-10761,Sara Pillai,Female,44,Ujjain,REG-05,2025-05-15,Consumer
CUST-10762,Vihaan Menon,Male,38,Jabalpur,REG-05,2024-05-31,Consumer
CUST-10763,Swati Pillai,Female,30,Bhopal,REG-05,2025-08-14,Consumer
CUST-10764,Priyanka Kapoor,Female,51,Panaji,REG-01,2024-04-13,Small Business
CUST-10765,Anand Mehta,Male,51,Kochi,REG-03,2025-02-15,Consumer
CUST-10766,Priyanka Bhat,Female,44,Howrah,REG-04,2025-04-12,Corporate
CUST-10767,Sunita Nair,Female,18,Kochi,REG-03,2025-04-15,Consumer
CUST-10768,Advik Aggarwal,Male,51,Kolkata,REG-04,2024-12-07,Consumer
CUST-10769,Aditya Pillai,Male,42,Ahmedabad,REG-01,2025-03-21,Consumer
CUST-10770,Shaurya Rao,Male,56,Bhubaneswar,REG-04,2023-01-24,Consumer
CUST-10771,Rajesh Verma,Male,47,Kochi,REG-03,2023-02-25,Consumer
CUST-10772,Krishna Mukherjee,Male,51,Nashik,REG-01,2025-07-31,Consumer
CUST-10773,Karan Shah,Male,43,Kanpur,REG-02,2025-11-22,Consumer
CUST-10774,Krishna Pandey,Male,48,Howrah,REG-04,2023-11-08,Consumer
CUST-10775,Rahul Reddy,Male,55,Nagpur,REG-01,2024-10-15,Consumer
CUST-10776,Saanvi Singh,Female,36,Mumbai,REG-01,2025-06-26,Consumer
CUST-10777,Reyansh Patel,Male,18,Ranchi,REG-04,2025-02-04,Consumer
CUST-10778,Neha Mukherjee,Female,30,Nashik,REG-01,2024-06-25,Consumer
CUST-10779,Ishaan Malhotra,Male,38,Ahmedabad,REG-01,2024-05-07,Consumer
CUST-10780,Deepika Mishra,Female,34,Lucknow,REG-02,2025-08-02,Consumer
CUST-10781,Vikram Saxena,Male,20,Jaipur,REG-02,2025-09-05,Consumer
CUST-10782,Aadhya Bose,Female,18,Chennai,REG-03,2024-01-22,Consumer
CUST-10783,Rajesh Das,Male,25,Ahmedabad,REG-01,2025-09-18,Consumer
CUST-10784,Aadhya Bose,Female,42,Silchar,REG-06,2025-10-24,Consumer
CUST-10785,Vihaan Deshmukh,Male,51,Ahmedabad,REG-01,2024-11-23,Consumer
CUST-10786,Riya Iyer,Female,44,Mysore,REG-03,2024-03-03,Consumer
CUST-10787,Vivaan Kapoor,Male,45,Lucknow,REG-02,2025-11-18,Consumer
CUST-10788,Sneha Chopra,Female,33,Gurgaon,REG-02,2023-03-13,Corporate
CUST-10789,Amit Das,Male,18,Cuttack,REG-04,2025-03-19,Consumer
CUST-10790,Pooja Pillai,Female,28,Cuttack,REG-04,2024-03-15,Consumer
CUST-10791,Ira Mehta,Female,31,Jabalpur,REG-05,2024-01-06,Small Business
CUST-10792,Ananya Verma,Female,28,Noida,REG-02,2023-08-20,Consumer
CUST-10793,Kavya Chopra,Female,34,Silchar,REG-06,2025-05-07,Consumer
CUST-10794,Saanvi Reddy,Female,38,Ahmedabad,REG-01,2023-12-01,Consumer
CUST-10795,Ayaan Malhotra,Male,43,Pune,REG-01,2024-10-15,Consumer
CUST-10796,Swati Chopra,Female,30,Bhubaneswar,REG-04,2024-03-04,Small Business
CUST-10797,Amit Mukherjee,Male,18,Bangalore,REG-03,2023-01-09,Corporate
CUST-10798,Ishaan Reddy,Male,28,Noida,REG-02,2024-08-06,Consumer
CUST-10799,Sneha Deshmukh,Female,34,Asansol,REG-04,2024-04-04,Consumer
CUST-10800,Pranav Aggarwal,Male,47,Indore,REG-05,2024-06-25,Consumer
CUST-10801,Sunita Shah,Female,27,Surat,REG-01,2023-03-16,Consumer
CUST-10802,Ayaan Pillai,Male,39,Gurgaon,REG-02,2025-07-15,Small Business
CUST-10803,Sai Reddy,Male,37,Pune,REG-01,2025-04-17,Consumer
CUST-10804,Arjun Das,Male,34,Jabalpur,REG-05,2023-05-15,Consumer
CUST-10805,Diya Rao,Female,44,Agartala,REG-06,2024-08-26,Corporate
CUST-10806,Navya Reddy,Female,26,Gurgaon,REG-02,2023-07-21,Consumer
CUST-10807,Reyansh Malhotra,Male,27,Hyderabad,REG-03,2024-09-08,Corporate
CUST-10808,Simran Pandey,Female,33,Bhubaneswar,REG-04,2025-03-22,Small Business
CUST-10809,Riya Pillai,Female,26,Nashik,REG-01,2023-06-25,Consumer
CUST-10810,Aditya Reddy,Male,39,Lucknow,REG-02,2024-12-20,Consumer
CUST-10811,Avani Trivedi,Female,26,Jabalpur,REG-05,2023-02-03,Consumer
CUST-10812,Abhishek Iyer,Male,36,Nagpur,REG-01,2025-08-23,Consumer
CUST-10813,Priyanka Menon,Female,32,Jabalpur,REG-05,2024-03-26,Consumer
CUST-10814,Sunita Das,Female,36,Mysore,REG-03,2025-10-04,Consumer
CUST-10815,Reyansh Trivedi,Male,28,Noida,REG-02,2023-05-07,Consumer
CUST-10816,Aarohi Mehta,Female,30,Bhubaneswar,REG-04,2025-05-04,Consumer
CUST-10817,Abhishek Rao,Male,35,Ujjain,REG-05,2024-04-10,Consumer
CUST-10818,Pranav Gupta,Male,36,Coimbatore,REG-03,2023-10-05,Consumer
CUST-10819,Anand Aggarwal,Male,33,Howrah,REG-04,2024-07-24,Consumer
CUST-10820,Rajesh Mehta,Male,52,Vadodara,REG-01,2023-07-23,Consumer
CUST-10821,Deepak Rao,Male,23,Ujjain,REG-05,2023-08-04,Corporate
CUST-10822,Aarav Shah,Male,33,Asansol,REG-04,2023-05-25,Consumer
CUST-10823,Meera Nair,Female,18,Nashik,REG-01,2025-03-30,Consumer
CUST-10824,Deepak Rao,Male,38,Mumbai,REG-01,2024-07-20,Consumer
CUST-10825,Neha Patel,Female,21,Ahmedabad,REG-01,2023-05-24,Consumer
CUST-10826,Aarohi Kumar,Female,30,Ahmedabad,REG-01,2024-06-03,Small Business
CUST-10827,Shaurya Menon,Male,29,Nagpur,REG-01,2025-05-09,Corporate
CUST-10828,Aadhya Chopra,Female,37,Kolkata,REG-04,2025-01-23,Small Business
CUST-10829,Swati Chopra,Female,27,Noida,REG-02,2023-06-01,Consumer
CUST-10830,Aditya Chopra,Male,27,Ahmedabad,REG-01,2024-03-31,Corporate
CUST-10831,Ayaan Das,Male,49,Ahmedabad,REG-01,2023-11-17,Consumer
CUST-10832,Preeti Bose,Female,37,Nashik,REG-01,2023-12-09,Corporate
CUST-10833,Manish Nair,Male,27,Bhopal,REG-05,2024-04-23,Consumer
CUST-10834,Abhishek Kumar,Male,31,Ludhiana,REG-02,2024-02-12,Consumer
CUST-10835,Arjun Malhotra,Male,52,Mumbai,REG-01,2024-04-23,Consumer
CUST-10836,Sunita Verma,Female,31,Ahmedabad,REG-01,2024-12-28,Corporate
CUST-10837,Saanvi Mukherjee,Female,26,Asansol,REG-04,2025-02-20,Consumer
CUST-10838,Atharv Patel,Male,26,Visakhapatnam,REG-03,2025-10-19,Small Business
CUST-10839,Ayaan Kumar,Male,27,Hyderabad,REG-03,2024-02-21,Consumer
CUST-10840,Shaurya Mukherjee,Male,27,Noida,REG-02,2024-06-17,Consumer
CUST-10841,Aditya Choudhury,Male,19,Cuttack,REG-04,2023-01-03,Consumer
CUST-10842,Angel Sharma,Female,21,Ahmedabad,REG-01,2023-10-10,Small Business
CUST-10843,Rajesh Iyer,Male,24,Vadodara,REG-01,2024-09-07,Consumer
CUST-10844,Aarav Pillai,Male,40,Asansol,REG-04,2023-04-02,Consumer
CUST-10845,Pooja Verma,Female,29,Raipur,REG-05,2024-07-08,Consumer
CUST-10846,Pranav Pandey,Male,31,Agartala,REG-06,2025-04-15,Corporate
CUST-10847,Advaith Mehta,Male,47,Hyderabad,REG-03,2024-04-19,Small Business
CUST-10848,Arjun Bhat,Male,48,Coimbatore,REG-03,2023-09-17,Small Business
CUST-10849,Ishaan Chopra,Male,30,Delhi,REG-02,2025-08-31,Consumer
CUST-10850,Pari Pandey,Female,27,Hyderabad,REG-03,2023-02-11,Consumer
CUST-10851,Rahul Malhotra,Male,24,Delhi,REG-02,2023-04-18,Consumer
CUST-10852,Shaurya Mukherjee,Male,41,Visakhapatnam,REG-03,2025-08-28,Consumer
CUST-10853,Manish Mukherjee,Male,31,Cuttack,REG-04,2025-02-10,Consumer
CUST-10854,Anand Singh,Male,29,Bhopal,REG-05,2025-04-04,Consumer
CUST-10855,Sneha Das,Female,25,Howrah,REG-04,2025-10-21,Consumer
CUST-10856,Rajesh Deshmukh,Male,25,Silchar,REG-06,2024-04-24,Corporate
CUST-10857,Deepak Chopra,Male,37,Kochi,REG-03,2025-01-09,Consumer
CUST-10858,Abhishek Malhotra,Male,19,Pune,REG-01,2024-10-08,Consumer
CUST-10859,Ira Verma,Female,44,Ludhiana,REG-02,2024-08-08,Consumer
CUST-10860,Shaurya Bhat,Male,28,Mumbai,REG-01,2023-03-15,Consumer
CUST-10861,Ishaan Deshmukh,Male,32,Gurgaon,REG-02,2024-06-18,Small Business
CUST-10862,Dhruv Malhotra,Male,19,Coimbatore,REG-03,2025-11-12,Corporate
CUST-10863,Ananya Saxena,Female,33,Surat,REG-01,2023-12-11,Corporate
CUST-10864,Karan Kapoor,Male,30,Ranchi,REG-04,2025-02-26,Consumer
CUST-10865,Manish Mishra,Male,33,Asansol,REG-04,2023-11-04,Consumer
CUST-10866,Sara Malhotra,Female,50,Pune,REG-01,2025-01-24,Corporate
CUST-10867,Ayaan Kumar,Male,35,Ahmedabad,REG-01,2024-01-13,Consumer
CUST-10868,Abhishek Verma,Male,25,Panaji,REG-01,2024-08-09,Consumer
CUST-10869,Meera Aggarwal,Female,26,Kochi,REG-03,2023-12-09,Consumer
CUST-10870,Neha Pandey,Female,40,Hyderabad,REG-03,2024-07-12,Consumer
CUST-10871,Reyansh Kapoor,Male,48,Bangalore,REG-03,2025-05-06,Consumer
CUST-10872,Nikhil Chopra,Male,37,Ludhiana,REG-02,2023-10-22,Consumer
CUST-10873,Reyansh Sharma,Male,41,Surat,REG-01,2024-08-18,Consumer
CUST-10874,Advaith Patel,Male,40,Ludhiana,REG-02,2024-04-23,Consumer
CUST-10875,Meera Verma,Female,49,Chennai,REG-03,2024-05-12,Corporate
CUST-10876,Kabir Gupta,Male,18,Ranchi,REG-04,2024-06-21,Consumer
CUST-10877,Anika Mehta,Female,41,Chandigarh,REG-02,2025-09-05,Corporate
CUST-10878,Aditya Rao,Male,44,Mysore,REG-03,2025-07-03,Consumer
CUST-10879,Tanvi Trivedi,Female,19,Agartala,REG-06,2023-06-20,Consumer
CUST-10880,Vihaan Bhat,Male,24,Chandigarh,REG-02,2024-11-28,Consumer
CUST-10881,Rahul Iyer,Male,24,Pune,REG-01,2025-08-31,Consumer
CUST-10882,Sneha Mukherjee,Female,25,Mumbai,REG-01,2024-12-17,Consumer
CUST-10883,Rajesh Reddy,Male,28,Indore,REG-05,2023-10-21,Small Business
CUST-10884,Shaurya Chopra,Male,36,Mysore,REG-03,2024-02-06,Consumer
CUST-10885,Nikhil Trivedi,Male,43,Dibrugarh,REG-06,2024-10-26,Corporate
CUST-10886,Amit Mukherjee,Male,45,Bhubaneswar,REG-04,2023-10-14,Consumer
CUST-10887,Arjun Mishra,Male,24,Ludhiana,REG-02,2024-05-20,Consumer
CUST-10888,Rajesh Verma,Male,24,Noida,REG-02,2023-03-29,Consumer
CUST-10889,Swati Mehta,Female,48,Kolkata,REG-04,2024-04-21,Consumer
CUST-10890,Arjun Kumar,Male,41,Ahmedabad,REG-01,2024-05-26,Consumer
CUST-10891,Reyansh Aggarwal,Male,34,Coimbatore,REG-03,2024-10-14,Consumer
CUST-10892,Karan Chopra,Male,39,Gurgaon,REG-02,2025-03-10,Consumer
CUST-10893,Vihaan Mishra,Male,33,Nagpur,REG-01,2024-03-27,Small Business
CUST-10894,Shaurya Pillai,Male,39,Indore,REG-05,2023-12-10,Small Business
CUST-10895,Vikram Kapoor,Male,30,Coimbatore,REG-03,2024-06-21,Consumer
CUST-10896,Manish Aggarwal,Male,36,Cuttack,REG-04,2025-02-17,Consumer
CUST-10897,Neha Gupta,Female,18,Chennai,REG-03,2023-01-09,Consumer
CUST-10898,Amit Sharma,Male,26,Kolkata,REG-04,2023-05-03,Small Business
CUST-10899,Aadhya Mukherjee,Female,26,Asansol,REG-04,2025-01-28,Consumer
CUST-10900,Neha Aggarwal,Female,29,Mysore,REG-03,2023-05-10,Corporate
CUST-10901,Anika Kapoor,Female,23,Bhopal,REG-05,2023-12-16,Consumer
CUST-10902,Navya Nair,Female,28,Vadodara,REG-01,2024-11-09,Consumer
CUST-10903,Sai Aggarwal,Male,18,Cuttack,REG-04,2023-01-30,Consumer
CUST-10904,Angel Pandey,Female,40,Trivandrum,REG-03,2023-09-08,Small Business
CUST-10905,Anand Deshmukh,Male,33,Cuttack,REG-04,2024-03-09,Small Business
CUST-10906,Angel Bose,Female,18,Howrah,REG-04,2025-03-30,Consumer
CUST-10907,Pari Bhat,Female,24,Jabalpur,REG-05,2024-02-16,Corporate
CUST-10908,Neha Pillai,Female,37,Delhi,REG-02,2023-07-31,Consumer
CUST-10909,Rahul Choudhury,Male,28,Bangalore,REG-03,2023-03-11,Consumer
CUST-10910,Krishna Trivedi,Male,26,Howrah,REG-04,2024-08-12,Consumer
CUST-10911,Manish Rao,Male,33,Pune,REG-01,2025-11-19,Corporate
CUST-10912,Atharv Patel,Male,37,Ranchi,REG-04,2025-03-20,Corporate
CUST-10913,Priyanka Patel,Female,18,Hyderabad,REG-03,2025-06-17,Consumer
CUST-10914,Sai Mehta,Male,40,Mumbai,REG-01,2025-03-18,Consumer
CUST-10915,Arjun Pillai,Male,25,Noida,REG-02,2025-04-20,Consumer
CUST-10916,Suresh Kumar,Male,33,Delhi,REG-02,2024-08-28,Small Business
CUST-10917,Anand Gupta,Male,33,Noida,REG-02,2025-09-10,Consumer
CUST-10918,Priyanka Kulkarni,Female,28,Nashik,REG-01,2025-09-04,Consumer
CUST-10919,Sneha Bose,Female,22,Chandigarh,REG-02,2025-08-11,Corporate
CUST-10920,Deepak Singh,Male,30,Nagpur,REG-01,2025-04-07,Corporate
CUST-10921,Kabir Mukherjee,Male,51,Vadodara,REG-01,2024-05-25,Consumer
CUST-10922,Aditi Singh,Female,19,Vadodara,REG-01,2023-08-30,Consumer
CUST-10923,Angel Pandey,Female,52,Nashik,REG-01,2023-01-27,Consumer
CUST-10924,Tanvi Verma,Female,31,Hyderabad,REG-03,2023-10-28,Consumer
CUST-10925,Arjun Choudhury,Male,34,Lucknow,REG-02,2023-12-22,Corporate
CUST-10926,Suresh Menon,Male,22,Gwalior,REG-05,2024-08-26,Consumer
CUST-10927,Riya Iyer,Female,25,Kochi,REG-03,2024-06-26,Corporate
CUST-10928,Abhishek Reddy,Male,28,Indore,REG-05,2024-10-18,Consumer
CUST-10929,Dhruv Nair,Male,22,Delhi,REG-02,2023-10-15,Consumer
CUST-10930,Anika Singh,Female,31,Nagpur,REG-01,2023-02-11,Corporate
CUST-10931,Pari Saxena,Female,29,Pune,REG-01,2025-04-21,Corporate
CUST-10932,Vivaan Bose,Male,54,Lucknow,REG-02,2025-11-14,Consumer
CUST-10933,Aditya Singh,Male,21,Trivandrum,REG-03,2025-04-06,Consumer
CUST-10934,Sneha Malhotra,Female,35,Surat,REG-01,2023-01-18,Consumer
CUST-10935,Aarav Saxena,Male,36,Trivandrum,REG-03,2024-02-14,Corporate
CUST-10936,Dhruv Reddy,Male,22,Guwahati,REG-06,2024-11-22,Corporate
CUST-10937,Advaith Deshmukh,Male,41,Lucknow,REG-02,2024-12-20,Consumer
CUST-10938,Deepika Verma,Female,29,Mysore,REG-03,2024-05-14,Small Business
CUST-10939,Swati Kumar,Female,18,Kochi,REG-03,2024-02-08,Corporate
CUST-10940,Aarav Bose,Male,41,Coimbatore,REG-03,2024-09-14,Consumer
CUST-10941,Priyanka Sharma,Female,21,Vadodara,REG-01,2025-10-18,Corporate
CUST-10942,Pari Kulkarni,Female,22,Guwahati,REG-06,2025-03-17,Consumer
CUST-10943,Pooja Joshi,Female,41,Imphal,REG-06,2025-09-15,Corporate
CUST-10944,Ira Bhat,Female,30,Trivandrum,REG-03,2025-10-21,Consumer
CUST-10945,Arjun Kulkarni,Male,44,Kolkata,REG-04,2023-07-15,Consumer
CUST-10946,Kavya Verma,Female,47,Lucknow,REG-02,2025-10-14,Consumer
CUST-10947,Swati Choudhury,Female,26,Chandigarh,REG-02,2025-01-01,Consumer
CUST-10948,Shaurya Nair,Male,42,Coimbatore,REG-03,2023-12-27,Small Business
CUST-10949,Pooja Mukherjee,Female,25,Vadodara,REG-01,2024-10-07,Consumer
CUST-10950,Ayaan Kapoor,Male,58,Hyderabad,REG-03,2023-11-15,Corporate
CUST-10951,Aadhya Nair,Female,26,Kolkata,REG-04,2023-01-19,Small Business
CUST-10952,Neha Sharma,Female,45,Chandigarh,REG-02,2024-09-22,Corporate
CUST-10953,Aarohi Mukherjee,Female,43,Jaipur,REG-02,2025-10-29,Consumer
CUST-10954,Deepika Choudhury,Female,37,Bangalore,REG-03,2025-03-23,Consumer
CUST-10955,Sara Mehta,Female,26,Hyderabad,REG-03,2025-03-27,Consumer
CUST-10956,Sara Chopra,Female,32,Gurgaon,REG-02,2024-08-17,Consumer
CUST-10957,Anushka Choudhury,Female,18,Gwalior,REG-05,2024-06-02,Consumer
CUST-10958,Arjun Verma,Male,36,Noida,REG-02,2023-06-25,Consumer
CUST-10959,Arjun Mukherjee,Male,37,Trivandrum,REG-03,2025-09-01,Consumer
CUST-10960,Manish Mehta,Male,35,Bangalore,REG-03,2023-09-29,Consumer
CUST-10961,Ayaan Deshmukh,Male,18,Jaipur,REG-02,2025-01-09,Consumer
CUST-10962,Karan Iyer,Male,20,Kolkata,REG-04,2024-01-23,Corporate
CUST-10963,Avani Trivedi,Female,25,Nagpur,REG-01,2023-12-03,Corporate
CUST-10964,Sai Singh,Male,37,Shillong,REG-06,2025-03-25,Consumer
CUST-10965,Deepika Patel,Female,37,Kochi,REG-03,2025-08-14,Consumer
CUST-10966,Deepika Deshmukh,Female,32,Visakhapatnam,REG-03,2024-12-26,Small Business
CUST-10967,Nikhil Mishra,Male,40,Cuttack,REG-04,2025-02-15,Consumer
CUST-10968,Aditya Gupta,Male,22,Gwalior,REG-05,2024-05-30,Consumer
CUST-10969,Anand Rao,Male,40,Delhi,REG-02,2025-06-28,Consumer
CUST-10970,Navya Das,Female,39,Pune,REG-01,2023-07-31,Consumer
CUST-10971,Pranav Iyer,Male,38,Howrah,REG-04,2024-01-06,Consumer
CUST-10972,Aanya Bose,Female,31,Visakhapatnam,REG-03,2023-11-15,Corporate
CUST-10973,Nikhil Mishra,Male,54,Chandigarh,REG-02,2023-01-12,Consumer
CUST-10974,Aarav Reddy,Male,39,Delhi,REG-02,2023-09-12,Corporate
CUST-10975,Saanvi Chopra,Female,23,Delhi,REG-02,2024-07-22,Corporate
CUST-10976,Advaith Malhotra,Male,36,Ahmedabad,REG-01,2024-04-20,Consumer
CUST-10977,Pooja Kulkarni,Female,42,Bhubaneswar,REG-04,2025-09-28,Consumer
CUST-10978,Sara Mukherjee,Female,27,Kanpur,REG-02,2024-12-12,Consumer
CUST-10979,Preeti Pillai,Female,45,Bangalore,REG-03,2024-10-02,Consumer
CUST-10980,Suresh Deshmukh,Male,38,Howrah,REG-04,2023-07-17,Consumer
CUST-10981,Ishaan Aggarwal,Male,18,Kanpur,REG-02,2023-09-01,Consumer
CUST-10982,Preeti Mehta,Female,37,Trivandrum,REG-03,2023-01-30,Consumer
CUST-10983,Ishaan Gupta,Male,29,Lucknow,REG-02,2024-12-04,Corporate
CUST-10984,Saanvi Verma,Female,39,Ludhiana,REG-02,2023-03-10,Corporate
CUST-10985,Deepika Mukherjee,Female,44,Vadodara,REG-01,2025-01-20,Consumer
CUST-10986,Rajesh Aggarwal,Male,36,Lucknow,REG-02,2024-07-29,Consumer
CUST-10987,Krishna Menon,Male,52,Chennai,REG-03,2023-10-17,Consumer
CUST-10988,Vivaan Das,Male,32,Shillong,REG-06,2023-04-23,Consumer
CUST-10989,Aanya Rao,Female,40,Dibrugarh,REG-06,2024-12-21,Corporate
CUST-10990,Ishaan Mehta,Male,42,Indore,REG-05,2025-05-05,Consumer
CUST-10991,Swati Mukherjee,Female,32,Visakhapatnam,REG-03,2024-06-29,Consumer
CUST-10992,Ira Patel,Female,42,Cuttack,REG-04,2024-06-11,Consumer
CUST-10993,Arjun Mishra,Male,27,Gwalior,REG-05,2025-07-24,Consumer
CUST-10994,Swati Sharma,Female,29,Ujjain,REG-05,2023-10-21,Consumer
CUST-10995,Nikhil Mukherjee,Male,19,Jaipur,REG-02,2023-11-02,Consumer
CUST-10996,Rajesh Rao,Male,36,Delhi,REG-02,2024-04-23,Consumer
CUST-10997,Aarohi Joshi,Female,37,Noida,REG-02,2025-03-12,Corporate
CUST-10998,Priyanka Chopra,Female,46,Ranchi,REG-04,2025-07-25,Consumer
CUST-10999,Tanvi Malhotra,Female,42,Raipur,REG-05,2023-08-06,Consumer
CUST-11000,Avani Patel,Female,30,Kolkata,REG-04,2024-02-29,Consumer
CUST-11001,Amit Malhotra,Male,21,Chandigarh,REG-02,2025-06-12,Consumer
CUST-11002,Advaith Bose,Male,38,Chandigarh,REG-02,2024-10-23,Corporate
CUST-11003,Meera Deshmukh,Female,46,Delhi,REG-02,2025-05-21,Small Business
CUST-11004,Anushka Kapoor,Female,42,Ujjain,REG-05,2025-11-11,Corporate
CUST-11005,Anika Deshmukh,Female,45,Ahmedabad,REG-01,2023-08-11,Consumer
CUST-11006,Rajesh Mehta,Male,31,Coimbatore,REG-03,2024-02-15,Consumer
CUST-11007,Manish Shah,Male,28,Ahmedabad,REG-01,2024-01-15,Consumer
CUST-11008,Atharv Rao,Male,25,Cuttack,REG-04,2024-11-03,Consumer
CUST-11009,Neha Pillai,Female,33,Bangalore,REG-03,2023-07-10,Consumer
CUST-11010,Sai Bose,Male,33,Mumbai,REG-01,2023-01-27,Consumer
CUST-11011,Priyanka Pillai,Female,36,Surat,REG-01,2024-07-11,Consumer
CUST-11012,Diya Sharma,Female,32,Gwalior,REG-05,2023-03-16,Consumer
CUST-11013,Anand Kulkarni,Male,32,Ujjain,REG-05,2023-05-15,Small Business
CUST-11014,Avani Kumar,Female,25,Cuttack,REG-04,2025-09-22,Consumer
CUST-11015,Vivaan Malhotra,Male,44,Gurgaon,REG-02,2023-03-30,Consumer
CUST-11016,Advik Malhotra,Male,34,Bhubaneswar,REG-04,2024-02-29,Consumer
CUST-11017,Tanvi Kulkarni,Female,32,Gurgaon,REG-02,2024-10-26,Consumer
CUST-11018,Meera Bhat,Female,25,Vadodara,REG-01,2023-09-26,Consumer
CUST-11019,Kabir Kumar,Male,19,Indore,REG-05,2024-05-06,Consumer
CUST-11020,Abhishek Verma,Male,48,Surat,REG-01,2025-02-25,Corporate
CUST-11021,Tanvi Kumar,Female,40,Nashik,REG-01,2023-12-21,Consumer
CUST-11022,Aditya Das,Male,18,Indore,REG-05,2025-04-20,Consumer
CUST-11023,Shaurya Bose,Male,42,Nashik,REG-01,2023-11-03,Consumer
CUST-11024,Reyansh Patel,Male,44,Ujjain,REG-05,2024-06-10,Consumer
CUST-11025,Rajesh Bose,Male,35,Coimbatore,REG-03,2025-11-19,Consumer
CUST-11026,Reyansh Iyer,Male,51,Trivandrum,REG-03,2023-04-30,Consumer
CUST-11027,Avani Patel,Female,36,Nagpur,REG-01,2025-03-14,Consumer
CUST-11028,Atharv Shah,Male,18,Ahmedabad,REG-01,2024-02-09,Consumer
CUST-11029,Tanvi Patel,Female,38,Delhi,REG-02,2025-08-23,Consumer
CUST-11030,Preeti Singh,Female,36,Mumbai,REG-01,2024-10-12,Consumer
CUST-11031,Rajesh Pandey,Male,27,Nashik,REG-01,2023-07-25,Consumer
CUST-11032,Sunita Shah,Female,40,Bilaspur,REG-05,2025-10-02,Consumer
CUST-11033,Aditi Singh,Female,18,Bangalore,REG-03,2023-03-28,Consumer
CUST-11034,Sara Trivedi,Female,44,Mysore,REG-03,2023-06-25,Consumer
CUST-11035,Rahul Malhotra,Male,24,Chennai,REG-03,2025-08-04,Consumer
CUST-11036,Neha Pandey,Female,23,Delhi,REG-02,2024-04-10,Small Business
CUST-11037,Angel Kulkarni,Female,32,Silchar,REG-06,2025-05-31,Consumer
CUST-11038,Rajesh Patel,Male,38,Kolkata,REG-04,2024-11-10,Consumer
CUST-11039,Rohan Mukherjee,Male,35,Mumbai,REG-01,2024-04-30,Consumer
CUST-11040,Gaurav Trivedi,Male,25,Cuttack,REG-04,2023-01-27,Small Business
CUST-11041,Nikhil Bose,Male,28,Pune,REG-01,2024-06-06,Consumer
CUST-11042,Advaith Sharma,Male,21,Nashik,REG-01,2023-02-12,Consumer
CUST-11043,Reyansh Kulkarni,Male,31,Dibrugarh,REG-06,2025-04-19,Corporate
CUST-11044,Arjun Malhotra,Male,45,Guwahati,REG-06,2025-07-05,Consumer
CUST-11045,Aditya Pillai,Male,33,Kochi,REG-03,2024-03-19,Corporate
CUST-11046,Ayaan Sharma,Male,43,Vadodara,REG-01,2025-06-26,Consumer
CUST-11047,Rahul Singh,Male,50,Jaipur,REG-02,2023-09-02,Consumer
CUST-11048,Ishaan Mishra,Male,27,Asansol,REG-04,2024-01-29,Consumer
CUST-11049,Avani Chopra,Female,31,Jabalpur,REG-05,2025-06-24,Consumer
CUST-11050,Meera Mehta,Female,57,Kolkata,REG-04,2025-08-10,Consumer
CUST-11051,Karan Kumar,Male,49,Noida,REG-02,2023-09-29,Small Business
CUST-11052,Krishna Verma,Male,18,Silchar,REG-06,2025-01-20,Consumer
CUST-11053,Saanvi Reddy,Female,38,Kochi,REG-03,2024-09-02,Consumer
CUST-11054,Ayaan Gupta,Male,34,Jaipur,REG-02,2024-03-06,Corporate
CUST-11055,Amit Kulkarni,Male,43,Gurgaon,REG-02,2023-10-23,Consumer
CUST-11056,Rahul Bhat,Male,25,Panaji,REG-01,2025-09-03,Corporate
CUST-11057,Tanvi Patel,Female,24,Jabalpur,REG-05,2025-06-27,Consumer
CUST-11058,Priyanka Chopra,Female,26,Nashik,REG-01,2023-10-25,Small Business
CUST-11059,Abhishek Reddy,Male,27,Trivandrum,REG-03,2023-10-01,Consumer
CUST-11060,Rajesh Menon,Male,42,Hyderabad,REG-03,2025-10-06,Consumer
CUST-11061,Anand Chopra,Male,21,Asansol,REG-04,2023-12-12,Consumer
CUST-11062,Aditi Gupta,Female,27,Gurgaon,REG-02,2023-07-11,Corporate
CUST-11063,Sai Mehta,Male,18,Asansol,REG-04,2024-01-10,Consumer
CUST-11064,Pari Pillai,Female,45,Panaji,REG-01,2024-09-28,Corporate
CUST-11065,Amit Malhotra,Male,47,Chandigarh,REG-02,2024-05-23,Consumer
CUST-11066,Shaurya Pillai,Male,30,Howrah,REG-04,2024-08-23,Consumer
CUST-11067,Angel Iyer,Female,30,Howrah,REG-04,2024-01-11,Consumer
CUST-11068,Aadhya Kapoor,Other,38,Bangalore,REG-03,2024-11-07,Corporate
CUST-11069,Rohan Pillai,Male,50,Coimbatore,REG-03,2023-04-18,Corporate
CUST-11070,Aadhya Bose,Female,38,Visakhapatnam,REG-03,2023-11-26,Consumer
CUST-11071,Anika Bose,Female,26,Mysore,REG-03,2023-07-24,Corporate
CUST-11072,Reyansh Bhat,Male,18,Jaipur,REG-02,2024-03-23,Consumer
CUST-11073,Pranav Kulkarni,Male,21,Gwalior,REG-05,2024-08-07,Consumer
CUST-11074,Anand Sharma,Male,34,Raipur,REG-05,2025-05-07,Consumer
CUST-11075,Shaurya Mukherjee,Male,26,Nashik,REG-01,2023-03-20,Consumer
CUST-11076,Vihaan Aggarwal,Male,36,Lucknow,REG-02,2023-01-18,Consumer
CUST-11077,Vivaan Pillai,Male,27,Noida,REG-02,2023-12-25,Corporate
CUST-11078,Neha Kumar,Female,22,Gurgaon,REG-02,2024-04-11,Corporate
CUST-11079,Rohan Menon,Male,21,Nashik,REG-01,2025-08-13,Consumer
CUST-11080,Swati Singh,Female,51,Panaji,REG-01,2023-03-17,Consumer
CUST-11081,Saanvi Kapoor,Female,43,Coimbatore,REG-03,2025-08-01,Consumer
CUST-11082,Nikhil Saxena,Male,53,Surat,REG-01,2024-03-02,Consumer
CUST-11083,Abhishek Sharma,Male,39,Surat,REG-01,2023-12-09,Consumer
CUST-11084,Aditi Mehta,Female,29,Howrah,REG-04,2023-11-29,Corporate
CUST-11085,Angel Mehta,Female,48,Mysore,REG-03,2025-11-03,Small Business
CUST-11086,Ananya Patel,Female,33,Ujjain,REG-05,2023-06-21,Corporate
CUST-11087,Vihaan Verma,Male,36,Bangalore,REG-03,2024-12-04,Small Business
CUST-11088,Rajesh Joshi,Male,33,Kochi,REG-03,2024-12-01,Consumer
CUST-11089,Krishna Mishra,Male,18,Pune,REG-01,2024-09-09,Consumer
CUST-11090,Amit Trivedi,Male,51,Silchar,REG-06,2025-03-14,Consumer
CUST-11091,Ananya Saxena,Female,39,Vadodara,REG-01,2024-06-20,Consumer
CUST-11092,Dhruv Nair,Male,37,Mysore,REG-03,2023-12-21,Consumer
CUST-11093,Priyanka Nair,Female,33,Visakhapatnam,REG-03,2025-03-28,Corporate
CUST-11094,Ira Sharma,Female,35,Nagpur,REG-01,2024-08-14,Consumer
CUST-11095,Anand Rao,Male,27,Noida,REG-02,2024-12-14,Consumer
CUST-11096,Aanya Menon,Female,40,Patna,REG-04,2024-11-19,Consumer
CUST-11097,Simran Aggarwal,Female,19,Imphal,REG-06,2024-11-11,Consumer
CUST-11098,Shaurya Bose,Male,36,Jaipur,REG-02,2025-11-16,Small Business
CUST-11099,Swati Patel,Other,40,Trivandrum,REG-03,2024-05-14,Corporate
CUST-11100,Tanvi Choudhury,Female,31,Surat,REG-01,2024-10-14,Consumer
CUST-11101,Deepika Joshi,Female,38,Pune,REG-01,2023-09-18,Small Business
CUST-11102,Kabir Shah,Male,23,Chennai,REG-03,2025-02-24,Consumer
CUST-11103,Priyanka Bhat,Female,23,Delhi,REG-02,2024-11-26,Consumer
CUST-11104,Shaurya Aggarwal,Male,36,Kochi,REG-03,2023-10-27,Corporate
CUST-11105,Neha Deshmukh,Female,41,Ranchi,REG-04,2025-02-06,Small Business
CUST-11106,Amit Bhat,Male,18,Nagpur,REG-01,2023-04-05,Consumer
CUST-11107,Deepika Bose,Female,39,Nashik,REG-01,2025-04-26,Corporate
CUST-11108,Kabir Pillai,Male,28,Guwahati,REG-06,2023-02-14,Consumer
CUST-11109,Dhruv Aggarwal,Male,31,Gurgaon,REG-02,2024-04-21,Corporate
CUST-11110,Manish Sharma,Male,19,Surat,REG-01,2023-05-12,Consumer
CUST-11111,Avani Rao,Female,24,Gwalior,REG-05,2023-11-22,Consumer
CUST-11112,Arjun Kumar,Male,44,Nagpur,REG-01,2024-12-29,Consumer
CUST-11113,Dhruv Iyer,Male,34,Jabalpur,REG-05,2023-04-09,Consumer
CUST-11114,Sunita Reddy,Female,29,Noida,REG-02,2023-07-03,Corporate
CUST-11115,Ira Pillai,Female,32,Nashik,REG-01,2023-11-01,Corporate
CUST-11116,Amit Bhat,Male,39,Ludhiana,REG-02,2025-08-03,Consumer
CUST-11117,Rohan Shah,Male,38,Delhi,REG-02,2025-01-08,Consumer
CUST-11118,Sneha Mukherjee,Female,33,Ahmedabad,REG-01,2025-06-18,Consumer
CUST-11119,Simran Sharma,Female,46,Ludhiana,REG-02,2025-06-07,Consumer
CUST-11120,Priyanka Shah,Female,44,Trivandrum,REG-03,2025-08-21,Consumer
CUST-11121,Karan Iyer,Male,38,Nashik,REG-01,2025-10-23,Corporate
CUST-11122,Deepak Verma,Male,34,Ludhiana,REG-02,2025-11-12,Consumer
CUST-11123,Rajesh Pillai,Male,41,Visakhapatnam,REG-03,2023-11-13,Consumer
CUST-11124,Vikram Joshi,Male,37,Noida,REG-02,2025-01-14,Consumer
CUST-11125,Sai Bose,Male,45,Visakhapatnam,REG-03,2023-12-26,Corporate
CUST-11126,Krishna Joshi,Other,43,Mysore,REG-03,2024-11-11,Corporate
CUST-11127,Angel Mukherjee,Female,22,Gwalior,REG-05,2025-11-01,Consumer
CUST-11128,Vivaan Das,Male,22,Raipur,REG-05,2024-04-13,Consumer
CUST-11129,Preeti Pandey,Female,26,Panaji,REG-01,2024-05-24,Consumer
CUST-11130,Meera Shah,Female,44,Jaipur,REG-02,2024-06-22,Consumer
CUST-11131,Shreya Bhat,Female,18,Trivandrum,REG-03,2025-10-19,Consumer
CUST-11132,Ishaan Kumar,Male,38,Noida,REG-02,2025-11-17,Corporate
CUST-11133,Advaith Choudhury,Male,37,Kanpur,REG-02,2025-02-13,Consumer
CUST-11134,Aarohi Pandey,Female,46,Jabalpur,REG-05,2025-01-16,Corporate
CUST-11135,Karan Pandey,Male,35,Visakhapatnam,REG-03,2024-12-19,Consumer
CUST-11136,Rajesh Reddy,Male,19,Kochi,REG-03,2024-07-14,Small Business
CUST-11137,Anand Pillai,Male,23,Delhi,REG-02,2023-04-10,Consumer
CUST-11138,Pooja Mishra,Female,20,Delhi,REG-02,2023-01-20,Corporate
CUST-11139,Reyansh Sharma,Male,28,Dibrugarh,REG-06,2025-11-29,Consumer
CUST-11140,Navya Pandey,Female,31,Kanpur,REG-02,2023-06-19,Consumer
CUST-11141,Rohan Bhat,Male,21,Silchar,REG-06,2024-01-31,Consumer
CUST-11142,Amit Nair,Male,50,Kochi,REG-03,2024-06-25,Consumer
CUST-11143,Riya Sharma,Female,19,Ludhiana,REG-02,2023-02-28,Consumer
CUST-11144,Simran Verma,Female,48,Kolkata,REG-04,2024-07-26,Consumer
CUST-11145,Deepak Bose,Male,47,Trivandrum,REG-03,2023-03-30,Corporate
CUST-11146,Swati Aggarwal,Female,43,Ranchi,REG-04,2025-06-22,Corporate
CUST-11147,Deepak Kapoor,Male,26,Delhi,REG-02,2024-12-03,Corporate
CUST-11148,Sunita Kumar,Female,37,Mumbai,REG-01,2023-05-06,Consumer
CUST-11149,Aanya Patel,Female,19,Hyderabad,REG-03,2025-05-06,Small Business
CUST-11150,Pari Verma,Female,44,Guwahati,REG-06,2023-01-17,Corporate
CUST-11151,Pooja Kulkarni,Female,33,Bilaspur,REG-05,2023-03-24,Consumer
CUST-11152,Pari Reddy,Female,29,Nagpur,REG-01,2025-04-27,Consumer
CUST-11153,Advik Iyer,Male,20,Chandigarh,REG-02,2023-03-10,Consumer
CUST-11154,Diya Saxena,Female,18,Panaji,REG-01,2023-10-17,Consumer
CUST-11155,Ayaan Das,Male,22,Mysore,REG-03,2023-09-24,Consumer
CUST-11156,Sunita Nair,Female,46,Shillong,REG-06,2024-12-04,Consumer
CUST-11157,Pranav Shah,Male,29,Surat,REG-01,2025-08-20,Consumer
CUST-11158,Avani Pandey,Female,32,Bhubaneswar,REG-04,2024-09-28,Consumer
CUST-11159,Abhishek Mukherjee,Male,41,Vadodara,REG-01,2024-10-28,Corporate
CUST-11160,Anand Kapoor,Male,53,Coimbatore,REG-03,2025-09-09,Consumer
CUST-11161,Nikhil Kapoor,Male,48,Kochi,REG-03,2025-05-12,Small Business
CUST-11162,Anand Chopra,Male,23,Gurgaon,REG-02,2025-03-29,Consumer
CUST-11163,Sunita Menon,Female,18,Noida,REG-02,2025-01-19,Consumer
CUST-11164,Aditya Kapoor,Male,59,Ludhiana,REG-02,2023-01-29,Consumer
CUST-11165,Preeti Mehta,Female,58,Kochi,REG-03,2024-04-10,Consumer
CUST-11166,Aadhya Mehta,Female,36,Trivandrum,REG-03,2023-06-09,Consumer
CUST-11167,Sneha Bhat,Female,20,Panaji,REG-01,2024-11-05,Consumer
CUST-11168,Aarav Mehta,Male,44,Jaipur,REG-02,2024-08-31,Small Business
CUST-11169,Ayaan Chopra,Male,32,Asansol,REG-04,2025-01-09,Consumer
CUST-11170,Ishaan Singh,Male,32,Nagpur,REG-01,2025-01-02,Consumer
CUST-11171,Sunita Chopra,Female,43,Coimbatore,REG-03,2024-07-16,Consumer
CUST-11172,Sneha Pillai,Other,37,Hyderabad,REG-03,2025-11-27,Consumer
CUST-11173,Shaurya Saxena,Male,20,Kanpur,REG-02,2024-01-23,Small Business
CUST-11174,Vikram Aggarwal,Male,30,Ranchi,REG-04,2023-10-08,Consumer
CUST-11175,Rohan Shah,Male,41,Kochi,REG-03,2024-11-18,Consumer
CUST-11176,Aadhya Verma,Female,39,Nagpur,REG-01,2024-04-05,Consumer
CUST-11177,Diya Pillai,Female,36,Vadodara,REG-01,2024-06-12,Consumer
CUST-11178,Saanvi Deshmukh,Female,44,Jaipur,REG-02,2024-08-17,Consumer
CUST-11179,Preeti Kumar,Female,30,Vadodara,REG-01,2023-03-03,Consumer
CUST-11180,Nikhil Bhat,Male,35,Silchar,REG-06,2024-10-18,Small Business
CUST-11181,Karan Iyer,Male,18,Gwalior,REG-05,2023-10-23,Consumer
CUST-11182,Pooja Kumar,Female,29,Ludhiana,REG-02,2025-02-09,Consumer
CUST-11183,Rahul Rao,Male,42,Kolkata,REG-04,2024-12-30,Consumer
CUST-11184,Ishaan Mukherjee,Male,29,Hyderabad,REG-03,2024-03-24,Consumer
CUST-11185,Ira Choudhury,Female,28,Coimbatore,REG-03,2025-01-03,Consumer
CUST-11186,Advik Saxena,Male,22,Nagpur,REG-01,2023-11-04,Consumer
CUST-11187,Sneha Iyer,Female,45,Ujjain,REG-05,2023-06-01,Consumer
CUST-11188,Simran Joshi,Female,40,Visakhapatnam,REG-03,2024-04-02,Corporate
CUST-11189,Pooja Bhat,Female,43,Mumbai,REG-01,2025-07-27,Consumer
CUST-11190,Shaurya Kumar,Male,18,Noida,REG-02,2025-06-19,Corporate
CUST-11191,Saanvi Kapoor,Female,32,Surat,REG-01,2023-01-03,Corporate
CUST-11192,Anand Singh,Male,30,Jabalpur,REG-05,2024-10-26,Small Business
CUST-11193,Sai Bhat,Male,30,Gurgaon,REG-02,2024-07-26,Consumer
CUST-11194,Pooja Kulkarni,Female,27,Bilaspur,REG-05,2025-10-30,Small Business
CUST-11195,Kavya Shah,Female,30,Kolkata,REG-04,2023-03-27,Corporate
CUST-11196,Diya Choudhury,Female,43,Mysore,REG-03,2025-01-04,Corporate
CUST-11197,Kabir Patel,Male,18,Kanpur,REG-02,2023-07-26,Consumer
CUST-11198,Pari Pandey,Female,53,Bhopal,REG-05,2023-06-20,Consumer
CUST-11199,Kabir Rao,Male,39,Hyderabad,REG-03,2023-08-21,Consumer
CUST-11200,Rohan Reddy,Male,33,Kanpur,REG-02,2025-02-17,Consumer
CUST-11201,Sneha Menon,Female,43,Asansol,REG-04,2024-05-29,Consumer
CUST-11202,Priyanka Reddy,Female,18,Surat,REG-01,2024-02-09,Small Business
CUST-11203,Pranav Mishra,Male,26,Mumbai,REG-01,2025-08-07,Small Business
CUST-11204,Diya Gupta,Female,32,Jaipur,REG-02,2025-02-26,Consumer
CUST-11205,Tanvi Singh,Female,49,Visakhapatnam,REG-03,2024-06-27,Small Business
CUST-11206,Nikhil Iyer,Male,33,Mumbai,REG-01,2024-11-08,Consumer
CUST-11207,Gaurav Pillai,Male,38,Bhubaneswar,REG-04,2023-03-26,Consumer
CUST-11208,Karan Aggarwal,Male,27,Delhi,REG-02,2024-02-06,Corporate
CUST-11209,Ayaan Joshi,Male,39,Ahmedabad,REG-01,2025-02-25,Small Business
CUST-11210,Myra Aggarwal,Female,52,Bilaspur,REG-05,2023-11-28,Consumer
CUST-11211,Aditya Joshi,Male,44,Bhopal,REG-05,2023-10-06,Corporate
CUST-11212,Anand Bhat,Male,33,Delhi,REG-02,2023-10-20,Consumer
CUST-11213,Nikhil Kapoor,Male,41,Ahmedabad,REG-01,2024-03-02,Consumer
CUST-11214,Anand Bhat,Male,40,Asansol,REG-04,2024-07-27,Small Business
CUST-11215,Diya Chopra,Female,39,Ahmedabad,REG-01,2023-10-27,Consumer
CUST-11216,Shreya Sharma,Female,46,Imphal,REG-06,2025-05-08,Consumer
CUST-11217,Swati Aggarwal,Female,46,Chandigarh,REG-02,2023-09-18,Corporate
CUST-11218,Aanya Kulkarni,Female,32,Kochi,REG-03,2025-01-29,Consumer
CUST-11219,Meera Reddy,Female,41,Bhopal,REG-05,2023-12-25,Consumer
CUST-11220,Myra Mehta,Female,29,Nagpur,REG-01,2023-01-06,Consumer
CUST-11221,Aditya Trivedi,Male,23,Ahmedabad,REG-01,2025-02-11,Small Business
CUST-11222,Advaith Nair,Male,31,Silchar,REG-06,2024-07-29,Consumer
CUST-11223,Diya Bose,Female,33,Bhubaneswar,REG-04,2023-02-19,Consumer
CUST-11224,Aditya Pillai,Male,18,Chandigarh,REG-02,2023-09-19,Consumer
CUST-11225,Amit Chopra,Male,43,Mysore,REG-03,2023-05-09,Consumer
CUST-11226,Rahul Shah,Male,18,Jaipur,REG-02,2023-01-18,Consumer
CUST-11227,Karan Joshi,Male,63,Ahmedabad,REG-01,2024-11-29,Consumer
CUST-11228,Arjun Menon,Male,50,Bangalore,REG-03,2024-04-12,Consumer
CUST-11229,Sai Pillai,Male,31,Coimbatore,REG-03,2023-02-19,Corporate
CUST-11230,Pranav Aggarwal,Male,34,Howrah,REG-04,2025-07-09,Consumer
CUST-11231,Reyansh Menon,Male,37,Delhi,REG-02,2023-07-24,Consumer
CUST-11232,Ira Mishra,Female,27,Mumbai,REG-01,2025-07-04,Corporate
CUST-11233,Aanya Kumar,Female,36,Ranchi,REG-04,2025-05-19,Corporate
CUST-11234,Deepika Trivedi,Female,32,Raipur,REG-05,2024-05-14,Consumer
CUST-11235,Pooja Patel,Female,32,Mysore,REG-03,2025-08-09,Consumer
CUST-11236,Advaith Kumar,Male,35,Nagpur,REG-01,2023-12-04,Consumer
CUST-11237,Aditi Joshi,Female,19,Jaipur,REG-02,2023-07-28,Consumer
CUST-11238,Neha Reddy,Female,34,Jabalpur,REG-05,2025-05-16,Consumer
CUST-11239,Gaurav Rao,Male,35,Agartala,REG-06,2023-01-09,Consumer
CUST-11240,Dhruv Menon,Male,35,Imphal,REG-06,2024-07-22,Consumer
CUST-11241,Nikhil Mehta,Male,31,Nagpur,REG-01,2025-04-30,Consumer
CUST-11242,Meera Saxena,Female,46,Vadodara,REG-01,2025-01-28,Consumer
CUST-11243,Deepika Trivedi,Female,30,Surat,REG-01,2025-11-26,Consumer
CUST-11244,Aarav Mehta,Male,36,Ranchi,REG-04,2025-04-11,Consumer
CUST-11245,Rohan Rao,Other,48,Noida,REG-02,2024-11-10,Consumer
CUST-11246,Ishaan Chopra,Male,33,Nashik,REG-01,2023-07-29,Consumer
CUST-11247,Aarav Nair,Male,36,Pune,REG-01,2023-05-23,Consumer
CUST-11248,Sunita Chopra,Female,32,Surat,REG-01,2023-05-30,Consumer
CUST-11249,Anushka Trivedi,Female,47,Jabalpur,REG-05,2024-04-07,Consumer
CUST-11250,Deepak Das,Male,31,Chennai,REG-03,2025-09-06,Consumer
CUST-11251,Vihaan Mukherjee,Male,48,Chandigarh,REG-02,2023-05-01,Corporate
CUST-11252,Advik Kumar,Male,32,Jaipur,REG-02,2024-02-06,Small Business
CUST-11253,Advaith Das,Male,24,Patna,REG-04,2023-03-05,Consumer
CUST-11254,Swati Gupta,Female,41,Mysore,REG-03,2024-12-13,Small Business
CUST-11255,Advik Choudhury,Male,30,Kochi,REG-03,2025-10-13,Consumer
CUST-11256,Ishaan Rao,Male,40,Ujjain,REG-05,2023-04-05,Small Business
CUST-11257,Aarav Menon,Male,18,Trivandrum,REG-03,2024-07-20,Consumer
CUST-11258,Suresh Kulkarni,Male,34,Delhi,REG-02,2025-01-07,Small Business
CUST-11259,Pari Gupta,Female,28,Visakhapatnam,REG-03,2024-12-07,Consumer
CUST-11260,Shaurya Iyer,Male,22,Delhi,REG-02,2023-09-01,Consumer
CUST-11261,Anand Sharma,Male,27,Trivandrum,REG-03,2024-03-18,Consumer
CUST-11262,Anika Pillai,Female,27,Coimbatore,REG-03,2025-07-05,Consumer
CUST-11263,Riya Malhotra,Other,33,Kanpur,REG-02,2024-10-23,Consumer
CUST-11264,Ishaan Nair,Male,18,Lucknow,REG-02,2024-01-02,Consumer
CUST-11265,Krishna Kapoor,Male,37,Chennai,REG-03,2024-06-06,Corporate
CUST-11266,Arjun Trivedi,Male,49,Chennai,REG-03,2025-01-07,Corporate
CUST-11267,Ishaan Chopra,Male,37,Gwalior,REG-05,2023-11-05,Corporate
CUST-11268,Avani Aggarwal,Female,42,Vadodara,REG-01,2023-08-23,Consumer
CUST-11269,Anika Das,Female,46,Patna,REG-04,2024-06-29,Consumer
CUST-11270,Swati Sharma,Female,47,Delhi,REG-02,2023-01-24,Consumer
CUST-11271,Aarav Mishra,Male,54,Visakhapatnam,REG-03,2025-03-27,Small Business
CUST-11272,Kabir Singh,Male,28,Kochi,REG-03,2023-04-18,Consumer
CUST-11273,Riya Gupta,Female,26,Panaji,REG-01,2023-11-10,Consumer
CUST-11274,Pari Mishra,Female,42,Delhi,REG-02,2023-10-19,Consumer
CUST-11275,Dhruv Kumar,Male,41,Ahmedabad,REG-01,2024-12-23,Consumer
CUST-11276,Aditi Joshi,Female,42,Lucknow,REG-02,2023-09-09,Small Business
CUST-11277,Rajesh Bose,Male,54,Nashik,REG-01,2025-02-22,Consumer
CUST-11278,Advik Mehta,Male,34,Cuttack,REG-04,2024-07-29,Consumer
CUST-11279,Pooja Kumar,Female,38,Surat,REG-01,2024-03-01,Consumer
CUST-11280,Shaurya Deshmukh,Male,23,Surat,REG-01,2023-01-22,Consumer
CUST-11281,Amit Joshi,Male,57,Chandigarh,REG-02,2023-06-16,Consumer
CUST-11282,Pooja Pillai,Female,30,Imphal,REG-06,2024-09-19,Consumer
CUST-11283,Pooja Deshmukh,Female,30,Lucknow,REG-02,2024-01-29,Small Business
CUST-11284,Rohan Trivedi,Male,30,Patna,REG-04,2023-02-07,Corporate
CUST-11285,Karan Patel,Male,26,Ludhiana,REG-02,2024-05-05,Corporate
CUST-11286,Saanvi Rao,Female,25,Dibrugarh,REG-06,2025-04-20,Small Business
CUST-11287,Ira Aggarwal,Female,28,Nashik,REG-01,2024-08-14,Consumer
CUST-11288,Aadhya Mishra,Female,18,Ahmedabad,REG-01,2023-05-01,Corporate
CUST-11289,Aarohi Mukherjee,Female,25,Surat,REG-01,2024-05-26,Consumer
CUST-11290,Rohan Malhotra,Male,55,Asansol,REG-04,2025-01-26,Consumer
CUST-11291,Aarohi Joshi,Female,42,Trivandrum,REG-03,2025-08-25,Consumer
CUST-11292,Sai Kapoor,Male,44,Lucknow,REG-02,2023-01-20,Consumer
CUST-11293,Sunita Mukherjee,Female,46,Bangalore,REG-03,2024-02-23,Consumer
CUST-11294,Meera Pandey,Female,54,Gwalior,REG-05,2025-04-12,Consumer
CUST-11295,Aarav Pillai,Male,18,Nashik,REG-01,2024-07-31,Consumer
CUST-11296,Rajesh Gupta,Male,20,Howrah,REG-04,2023-05-27,Consumer
CUST-11297,Rajesh Bose,Male,25,Mysore,REG-03,2023-04-05,Consumer
CUST-11298,Suresh Mishra,Male,28,Vadodara,REG-01,2025-10-08,Consumer
CUST-11299,Navya Sharma,Female,30,Ahmedabad,REG-01,2024-06-23,Consumer
CUST-11300,Advaith Nair,Male,29,Silchar,REG-06,2023-12-28,Consumer
CUST-11301,Anika Kapoor,Female,36,Bhubaneswar,REG-04,2025-05-08,Consumer
CUST-11302,Anand Mishra,Male,34,Bangalore,REG-03,2023-08-12,Consumer
CUST-11303,Manish Nair,Male,26,Patna,REG-04,2025-08-15,Consumer
CUST-11304,Aanya Bhat,Female,18,Mysore,REG-03,2023-01-22,Consumer
CUST-11305,Sara Saxena,Female,23,Jabalpur,REG-05,2024-08-03,Consumer
CUST-11306,Neha Bhat,Female,27,Gurgaon,REG-02,2023-02-09,Small Business
CUST-11307,Kavya Kulkarni,Female,31,Vadodara,REG-01,2024-05-03,Consumer
CUST-11308,Aadhya Menon,Female,21,Lucknow,REG-02,2025-01-02,Consumer
CUST-11309,Pari Kapoor,Female,28,Guwahati,REG-06,2023-10-04,Small Business
CUST-11310,Aanya Patel,Female,21,Dibrugarh,REG-06,2025-03-31,Consumer
CUST-11311,Aditya Deshmukh,Male,32,Ludhiana,REG-02,2023-11-23,Consumer
CUST-11312,Anand Mukherjee,Male,22,Kanpur,REG-02,2024-08-01,Consumer
CUST-11313,Aditi Malhotra,Female,24,Kanpur,REG-02,2024-11-18,Corporate
CUST-11314,Ayaan Joshi,Male,19,Nagpur,REG-01,2025-10-31,Corporate
CUST-11315,Gaurav Mehta,Male,32,Gurgaon,REG-02,2025-07-06,Corporate
CUST-11316,Vivaan Das,Male,24,Kolkata,REG-04,2024-05-19,Consumer
CUST-11317,Sara Trivedi,Female,43,Bhubaneswar,REG-04,2025-04-16,Consumer
CUST-11318,Anika Pandey,Female,38,Bilaspur,REG-05,2025-04-28,Small Business
CUST-11319,Ananya Pandey,Female,33,Cuttack,REG-04,2023-09-09,Consumer
CUST-11320,Myra Chopra,Other,25,Ranchi,REG-04,2024-04-27,Consumer
CUST-11321,Karan Reddy,Male,38,Visakhapatnam,REG-03,2023-05-23,Consumer
CUST-11322,Vivaan Mukherjee,Male,41,Surat,REG-01,2025-06-30,Consumer
CUST-11323,Avani Kapoor,Female,35,Imphal,REG-06,2023-09-02,Consumer
CUST-11324,Preeti Rao,Female,51,Howrah,REG-04,2023-06-14,Consumer
CUST-11325,Aadhya Mukherjee,Female,39,Bilaspur,REG-05,2024-02-15,Consumer
CUST-11326,Shaurya Mishra,Male,44,Jabalpur,REG-05,2025-09-25,Corporate
CUST-11327,Arjun Deshmukh,Male,35,Patna,REG-04,2023-03-13,Small Business
CUST-11328,Sunita Pandey,Female,41,Gwalior,REG-05,2024-08-28,Consumer
CUST-11329,Nikhil Deshmukh,Male,25,Bhopal,REG-05,2024-01-29,Consumer
CUST-11330,Advik Saxena,Male,28,Kanpur,REG-02,2025-06-22,Corporate
CUST-11331,Gaurav Reddy,Male,37,Lucknow,REG-02,2025-02-07,Consumer
CUST-11332,Abhishek Shah,Male,37,Bangalore,REG-03,2025-10-22,Consumer
CUST-11333,Anushka Sharma,Female,39,Ahmedabad,REG-01,2025-01-25,Consumer
CUST-11334,Swati Kumar,Female,46,Trivandrum,REG-03,2023-04-03,Consumer
CUST-11335,Ayaan Reddy,Male,18,Noida,REG-02,2023-08-23,Small Business
CUST-11336,Vivaan Patel,Male,23,Ahmedabad,REG-01,2023-05-27,Consumer
CUST-11337,Neha Shah,Female,36,Surat,REG-01,2025-07-28,Consumer
CUST-11338,Meera Das,Female,26,Indore,REG-05,2025-05-07,Consumer
CUST-11339,Reyansh Shah,Male,71,Dibrugarh,REG-06,2023-04-17,Small Business
CUST-11340,Rajesh Gupta,Male,39,Panaji,REG-01,2023-11-30,Consumer
CUST-11341,Vivaan Bose,Male,33,Indore,REG-05,2024-07-08,Consumer
CUST-11342,Meera Bhat,Female,28,Delhi,REG-02,2025-04-01,Consumer
CUST-11343,Shreya Bhat,Female,28,Hyderabad,REG-03,2024-05-28,Consumer
CUST-11344,Aarav Kapoor,Male,34,Indore,REG-05,2023-02-01,Corporate
CUST-11345,Advik Pillai,Male,35,Cuttack,REG-04,2023-02-14,Corporate
CUST-11346,Sunita Chopra,Female,28,Ahmedabad,REG-01,2023-02-03,Corporate
CUST-11347,Tanvi Menon,Female,30,Gurgaon,REG-02,2025-07-25,Consumer
CUST-11348,Priyanka Kulkarni,Female,48,Panaji,REG-01,2024-03-13,Consumer
CUST-11349,Abhishek Kulkarni,Male,49,Lucknow,REG-02,2025-06-28,Consumer
CUST-11350,Sai Bose,Male,36,Bangalore,REG-03,2024-12-05,Consumer
CUST-11351,Amit Sharma,Male,19,Jaipur,REG-02,2024-04-09,Consumer
CUST-11352,Aarohi Reddy,Other,39,Cuttack,REG-04,2023-12-29,Small Business
CUST-11353,Ira Kapoor,Female,51,Ujjain,REG-05,2024-09-15,Consumer
CUST-11354,Anand Rao,Male,49,Bhubaneswar,REG-04,2023-08-30,Consumer
CUST-11355,Navya Mukherjee,Female,42,Noida,REG-02,2025-05-03,Consumer
CUST-11356,Ayaan Verma,Male,49,Dibrugarh,REG-06,2023-05-19,Consumer
CUST-11357,Anand Choudhury,Male,34,Vadodara,REG-01,2024-09-04,Consumer
CUST-11358,Angel Joshi,Female,40,Bhubaneswar,REG-04,2023-10-26,Consumer
CUST-11359,Sai Mukherjee,Male,26,Kochi,REG-03,2025-11-27,Consumer
CUST-11360,Aarav Kapoor,Male,37,Kanpur,REG-02,2023-08-21,Consumer
CUST-11361,Pooja Menon,Female,48,Kanpur,REG-02,2024-04-12,Consumer
CUST-11362,Priyanka Chopra,Female,27,Delhi,REG-02,2023-02-19,Corporate
CUST-11363,Simran Singh,Female,24,Ahmedabad,REG-01,2025-06-08,Corporate
CUST-11364,Pooja Saxena,Female,35,Jaipur,REG-02,2023-07-30,Consumer
CUST-11365,Preeti Sharma,Female,31,Jabalpur,REG-05,2023-02-28,Consumer
CUST-11366,Amit Sharma,Male,41,Patna,REG-04,2025-11-29,Corporate
CUST-11367,Vihaan Verma,Other,29,Mumbai,REG-01,2024-03-22,Consumer
CUST-11368,Aarohi Verma,Female,52,Bangalore,REG-03,2023-12-22,Corporate
CUST-11369,Aarohi Menon,Female,19,Guwahati,REG-06,2024-02-09,Corporate
CUST-11370,Swati Bhat,Female,47,Chennai,REG-03,2024-11-15,Consumer
CUST-11371,Advaith Bhat,Male,25,Hyderabad,REG-03,2025-05-21,Consumer
CUST-11372,Aditi Patel,Female,18,Jabalpur,REG-05,2023-12-27,Corporate
CUST-11373,Priyanka Joshi,Female,36,Raipur,REG-05,2025-01-24,Small Business
CUST-11374,Vivaan Pillai,Male,31,Chennai,REG-03,2024-10-11,Consumer
CUST-11375,Sai Shah,Male,21,Asansol,REG-04,2023-04-16,Consumer
CUST-11376,Ananya Aggarwal,Female,18,Visakhapatnam,REG-03,2023-05-09,Consumer
CUST-11377,Swati Kulkarni,Female,33,Chandigarh,REG-02,2025-04-09,Consumer
CUST-11378,Arjun Iyer,Male,44,Jabalpur,REG-05,2025-04-09,Consumer
CUST-11379,Vikram Nair,Male,40,Hyderabad,REG-03,2024-01-12,Corporate
CUST-11380,Saanvi Sharma,Female,34,Vadodara,REG-01,2024-04-03,Corporate
CUST-11381,Vivaan Patel,Male,39,Delhi,REG-02,2025-06-23,Corporate
CUST-11382,Avani Kapoor,Female,33,Surat,REG-01,2023-01-23,Consumer
CUST-11383,Abhishek Shah,Male,18,Mysore,REG-03,2023-03-06,Consumer
CUST-11384,Sara Nair,Female,18,Indore,REG-05,2024-03-27,Corporate
CUST-11385,Aditya Joshi,Male,31,Pune,REG-01,2024-04-25,Small Business
CUST-11386,Sai Malhotra,Male,32,Chennai,REG-03,2025-01-11,Consumer
CUST-11387,Manish Mishra,Male,43,Mumbai,REG-01,2024-10-29,Consumer
CUST-11388,Deepika Aggarwal,Female,42,Chennai,REG-03,2024-12-08,Consumer
CUST-11389,Dhruv Singh,Male,40,Visakhapatnam,REG-03,2025-03-03,Consumer
CUST-11390,Aarohi Bhat,Female,30,Ranchi,REG-04,2023-09-18,Corporate
CUST-11391,Vihaan Saxena,Male,18,Asansol,REG-04,2025-03-17,Consumer
CUST-11392,Ishaan Malhotra,Male,38,Pune,REG-01,2025-08-06,Small Business
CUST-11393,Anika Aggarwal,Female,39,Bhubaneswar,REG-04,2024-04-14,Consumer
CUST-11394,Ishaan Nair,Male,18,Howrah,REG-04,2023-02-27,Consumer
CUST-11395,Nikhil Kapoor,Male,24,Gurgaon,REG-02,2023-06-27,Consumer
CUST-11396,Aarav Mishra,Male,26,Asansol,REG-04,2025-03-11,Corporate
CUST-11397,Meera Mishra,Female,35,Jabalpur,REG-05,2025-05-13,Consumer
CUST-11398,Deepak Menon,Male,25,Bhubaneswar,REG-04,2025-08-24,Consumer
CUST-11399,Dhruv Kulkarni,Male,33,Trivandrum,REG-03,2023-11-19,Consumer
CUST-11400,Ishaan Gupta,Male,31,Panaji,REG-01,2023-11-15,Consumer
CUST-11401,Sneha Verma,Female,32,Kanpur,REG-02,2023-11-28,Consumer
CUST-11402,Manish Chopra,Male,26,Bhopal,REG-05,2024-05-21,Consumer
CUST-11403,Navya Das,Female,26,Asansol,REG-04,2024-03-16,Consumer
CUST-11404,Aadhya Gupta,Female,22,Gurgaon,REG-02,2023-05-17,Consumer
CUST-11405,Anand Kulkarni,Male,38,Guwahati,REG-06,2025-07-10,Consumer
CUST-11406,Aadhya Das,Female,40,Howrah,REG-04,2025-04-20,Consumer
CUST-11407,Avani Menon,Female,25,Kochi,REG-03,2023-08-03,Consumer
CUST-11408,Pranav Kapoor,Male,50,Gurgaon,REG-02,2024-10-24,Small Business
CUST-11409,Meera Bose,Female,30,Pune,REG-01,2024-06-23,Small Business
CUST-11410,Aarohi Mehta,Female,50,Noida,REG-02,2023-02-07,Consumer
CUST-11411,Swati Kumar,Female,26,Kanpur,REG-02,2023-08-30,Consumer
CUST-11412,Meera Saxena,Female,18,Guwahati,REG-06,2025-01-09,Consumer
CUST-11413,Karan Kapoor,Male,38,Cuttack,REG-04,2023-02-06,Corporate
CUST-11414,Advik Malhotra,Male,36,Vadodara,REG-01,2025-09-06,Consumer
CUST-11415,Avani Rao,Female,34,Delhi,REG-02,2024-05-22,Consumer
CUST-11416,Nikhil Mehta,Male,26,Vadodara,REG-01,2023-10-01,Small Business
CUST-11417,Avani Patel,Female,33,Surat,REG-01,2025-05-07,Corporate
CUST-11418,Sunita Sharma,Other,28,Gurgaon,REG-02,2025-08-25,Consumer
CUST-11419,Tanvi Joshi,Female,30,Mysore,REG-03,2025-05-27,Small Business
CUST-11420,Ira Pillai,Female,43,Mysore,REG-03,2024-10-25,Consumer
CUST-11421,Neha Saxena,Female,36,Ahmedabad,REG-01,2024-06-29,Consumer
CUST-11422,Shreya Verma,Female,40,Chennai,REG-03,2025-02-09,Corporate
CUST-11423,Reyansh Trivedi,Male,31,Trivandrum,REG-03,2024-06-08,Consumer
CUST-11424,Aditya Bose,Male,30,Mumbai,REG-01,2023-02-23,Corporate
CUST-11425,Ishaan Malhotra,Male,21,Gurgaon,REG-02,2023-03-30,Consumer
CUST-11426,Shaurya Sharma,Male,29,Gwalior,REG-05,2025-02-14,Consumer
CUST-11427,Sneha Malhotra,Female,18,Bilaspur,REG-05,2024-04-16,Consumer
CUST-11428,Advik Gupta,Male,27,Ranchi,REG-04,2025-10-11,Consumer
CUST-11429,Gaurav Nair,Male,33,Gurgaon,REG-02,2023-08-19,Corporate
CUST-11430,Riya Menon,Female,40,Ahmedabad,REG-01,2023-10-23,Consumer
CUST-11431,Rahul Iyer,Male,31,Nagpur,REG-01,2023-01-08,Consumer
CUST-11432,Nikhil Choudhury,Male,37,Bilaspur,REG-05,2023-02-14,Consumer
CUST-11433,Myra Iyer,Female,18,Vadodara,REG-01,2023-11-09,Consumer
CUST-11434,Anushka Rao,Female,33,Ahmedabad,REG-01,2023-08-24,Consumer
CUST-11435,Preeti Sharma,Female,18,Bhopal,REG-05,2024-01-17,Consumer
CUST-11436,Sunita Singh,Female,20,Patna,REG-04,2025-03-23,Consumer
CUST-11437,Pranav Kulkarni,Male,31,Ahmedabad,REG-01,2023-12-12,Consumer
CUST-11438,Sai Reddy,Male,48,Kolkata,REG-04,2024-10-24,Corporate
CUST-11439,Saanvi Das,Female,38,Surat,REG-01,2025-02-10,Consumer
CUST-11440,Pooja Mukherjee,Female,34,Coimbatore,REG-03,2023-04-24,Consumer
CUST-11441,Pranav Joshi,Male,33,Jabalpur,REG-05,2024-02-12,Consumer
CUST-11442,Amit Das,Male,26,Nashik,REG-01,2024-10-17,Consumer
CUST-11443,Abhishek Deshmukh,Male,28,Noida,REG-02,2024-04-24,Consumer
CUST-11444,Navya Gupta,Female,38,Agartala,REG-06,2024-04-26,Corporate
CUST-11445,Riya Patel,Female,18,Ludhiana,REG-02,2023-09-30,Corporate
CUST-11446,Aditya Choudhury,Male,40,Cuttack,REG-04,2024-12-31,Consumer
CUST-11447,Rahul Mishra,Male,29,Nagpur,REG-01,2023-08-29,Consumer
CUST-11448,Arjun Bhat,Male,43,Jaipur,REG-02,2025-04-22,Consumer
CUST-11449,Ira Pandey,Female,44,Surat,REG-01,2023-10-03,Consumer
CUST-11450,Kavya Singh,Female,18,Lucknow,REG-02,2025-08-16,Consumer
CUST-11451,Anand Das,Male,27,Panaji,REG-01,2025-01-02,Consumer
CUST-11452,Diya Malhotra,Female,24,Chennai,REG-03,2023-01-31,Consumer
CUST-11453,Pranav Das,Male,18,Delhi,REG-02,2025-07-11,Consumer
CUST-11454,Sneha Pandey,Female,22,Hyderabad,REG-03,2023-04-07,Consumer
CUST-11455,Tanvi Kapoor,Female,60,Noida,REG-02,2023-10-25,Consumer
CUST-11456,Suresh Das,Male,40,Bhopal,REG-05,2023-05-19,Consumer
CUST-11457,Abhishek Das,Male,55,Chennai,REG-03,2023-04-15,Corporate
CUST-11458,Vikram Menon,Male,43,Gurgaon,REG-02,2023-02-23,Consumer
CUST-11459,Simran Gupta,Female,25,Panaji,REG-01,2025-09-23,Corporate
CUST-11460,Arjun Rao,Male,29,Kochi,REG-03,2024-03-23,Small Business
CUST-11461,Sneha Sharma,Female,40,Bangalore,REG-03,2023-06-01,Consumer
CUST-11462,Vivaan Pandey,Male,38,Ujjain,REG-05,2024-08-26,Consumer
CUST-11463,Preeti Saxena,Female,27,Kolkata,REG-04,2024-07-20,Consumer
CUST-11464,Suresh Pandey,Male,18,Patna,REG-04,2025-07-18,Consumer
CUST-11465,Pooja Sharma,Female,70,Ludhiana,REG-02,2025-03-18,Consumer
CUST-11466,Pranav Kumar,Male,32,Chandigarh,REG-02,2025-08-31,Small Business
CUST-11467,Riya Malhotra,Female,30,Nashik,REG-01,2025-05-25,Corporate
CUST-11468,Shreya Pillai,Female,35,Bhubaneswar,REG-04,2023-04-26,Consumer
CUST-11469,Krishna Saxena,Male,31,Pune,REG-01,2025-08-16,Consumer
CUST-11470,Ayaan Trivedi,Male,35,Asansol,REG-04,2025-01-08,Consumer
CUST-11471,Aarav Trivedi,Male,48,Nashik,REG-01,2024-08-10,Consumer
CUST-11472,Navya Pillai,Female,32,Shillong,REG-06,2024-10-30,Small Business
CUST-11473,Tanvi Pillai,Female,21,Surat,REG-01,2024-03-06,Small Business
CUST-11474,Anushka Bhat,Female,32,Bilaspur,REG-05,2024-10-23,Consumer
CUST-11475,Anushka Bose,Female,28,Trivandrum,REG-03,2025-02-09,Small Business
CUST-11476,Navya Pillai,Female,49,Mumbai,REG-01,2023-03-28,Consumer
CUST-11477,Aarav Trivedi,Male,46,Hyderabad,REG-03,2023-07-13,Consumer
CUST-11478,Deepika Joshi,Female,35,Pune,REG-01,2025-09-29,Consumer
CUST-11479,Gaurav Bhat,Male,19,Ludhiana,REG-02,2023-06-30,Consumer
CUST-11480,Myra Iyer,Female,20,Delhi,REG-02,2025-09-19,Consumer
CUST-11481,Swati Aggarwal,Female,34,Kanpur,REG-02,2023-02-24,Consumer
CUST-11482,Deepak Aggarwal,Male,37,Silchar,REG-06,2023-04-20,Corporate
CUST-11483,Rajesh Kapoor,Male,29,Panaji,REG-01,2025-06-29,Consumer
CUST-11484,Aditya Pillai,Male,28,Bhopal,REG-05,2024-05-26,Consumer
CUST-11485,Dhruv Verma,Male,27,Cuttack,REG-04,2024-08-24,Consumer
CUST-11486,Aarohi Pandey,Female,33,Ludhiana,REG-02,2025-07-23,Consumer
CUST-11487,Kabir Pillai,Male,18,Vadodara,REG-01,2023-07-09,Consumer
CUST-11488,Atharv Singh,Male,21,Mysore,REG-03,2024-07-24,Consumer
CUST-11489,Saanvi Joshi,Female,27,Bhubaneswar,REG-04,2024-04-20,Consumer
CUST-11490,Vihaan Iyer,Male,47,Howrah,REG-04,2024-05-08,Corporate
CUST-11491,Kavya Choudhury,Female,25,Noida,REG-02,2024-06-05,Consumer
CUST-11492,Abhishek Pandey,Male,35,Agartala,REG-06,2023-04-03,Consumer
CUST-11493,Aadhya Mukherjee,Female,36,Kochi,REG-03,2024-03-10,Consumer
CUST-11494,Aarav Sharma,Male,48,Panaji,REG-01,2025-11-06,Consumer
CUST-11495,Rahul Mehta,Male,47,Raipur,REG-05,2023-07-25,Consumer
CUST-11496,Rahul Bhat,Male,33,Ranchi,REG-04,2023-10-18,Consumer
CUST-11497,Pooja Patel,Female,28,Ranchi,REG-04,2023-10-17,Consumer
CUST-11498,Dhruv Mukherjee,Male,26,Vadodara,REG-01,2023-09-21,Small Business
CUST-11499,Aditya Chopra,Male,31,Gurgaon,REG-02,2023-05-03,Corporate
CUST-11500,Anand Trivedi,Male,29,Coimbatore,REG-03,2024-07-23,Corporate
